County_Name,State_FIPS,County_FIPS,Year,Tree_Loss_Hectares,Carbon_Emissions_Mg_CO2e,Tree_Cover_Extent_Ha
Baldwin,13,009,2010,868.68271,344241.73591,34648.72
Baldwin,13,009,2011,723.20149,307403.07613,34648.72
Baldwin,13,009,2012,2290.18116,994656.25746,34648.72
Baldwin,13,009,2013,1554.3657,578165.3699,34648.72
Baldwin,13,009,2014,1559.02317,586968.09115,34648.72
Baldwin,13,009,2015,2340.37833,892902.65254,34648.72
Baldwin,13,009,2016,2411.01662,946243.38435,34648.72
Baldwin,13,009,2017,2271.4866,854127.20193,34648.72
Baldwin,13,009,2018,1802.89343,682129.37337,34648.72
Baldwin,13,009,2019,1671.06118,734290.06536,34648.72
Baldwin,13,009,2020,1490.90768,677468.21925,34648.72
Barbour,54,001,2010,236.53179,89065.43117,46993.52
Barbour,54,001,2011,102.36158,39544.05766,46993.52
Barbour,54,001,2012,175.90408,64384.00025,46993.52
Barbour,54,001,2013,176.68135,57500.430179999996,46993.52
Barbour,54,001,2014,411.539,116692.70303,46993.52
Barbour,54,001,2015,193.42274,75048.94892,46993.52
Barbour,54,001,2016,166.09841,63100.69678,46993.52
Barbour,54,001,2017,291.83813,117679.10134,46993.52
Barbour,54,001,2018,293.69165,120641.37264,46993.52
Barbour,54,001,2019,438.26541999999995,182754.01084,46993.52
Barbour,54,001,2020,308.75888,131129.77106,46993.52
Bullock,01,011,2010,4122.04947,1672525.17035,86261.68
Bullock,01,011,2011,4467.03996,1856582.48375,86261.68
Bullock,01,011,2012,4071.62223,1684801.89562,86261.68
Bullock,01,011,2013,3541.64445,1293330.45256,86261.68
Bullock,01,011,2014,4678.06057,1788843.92418,86261.68
Bullock,01,011,2015,4894.32718,1822824.38529,86261.68
Bullock,01,011,2016,5007.77206,1958779.00271,86261.68
Bullock,01,011,2017,5182.26735,2121563.36899,86261.68
Bullock,01,011,2018,4322.18461,1816971.49391,86261.68
Bullock,01,011,2019,4053.06449,1659012.72443,86261.68
Bullock,01,011,2020,3072.91378,1326611.67135,86261.68
Calhoun,54,013,2010,72.59218,29512.88964,40414.05
Calhoun,54,013,2011,118.91505,49092.84592,40414.05
Calhoun,54,013,2012,135.04304000000002,50453.46265,40414.05
Calhoun,54,013,2013,88.3963,26060.9315,40414.05
Calhoun,54,013,2014,85.86421,23035.48876,40414.05
Calhoun,54,013,2015,116.50956,44227.98939,40414.05
Calhoun,54,013,2016,124.62689,49233.67795,40414.05
Calhoun,54,013,2017,135.96125,53381.997619999995,40414.05
Calhoun,54,013,2018,133.1002,43884.11174,40414.05
Calhoun,54,013,2019,50.84097,22168.3763,40414.05
Calhoun,54,013,2020,94.09027,27996.45194,40414.05
Butler,42,019,2010,131.30444,46890.28022,73963.89
Butler,42,019,2011,195.42986000000002,74136.7689,73963.89
Butler,42,019,2012,250.74684000000002,92505.78419,73963.89
Butler,42,019,2013,139.58436,40724.56786,73963.89
Butler,42,019,2014,271.06497,90983.64246,73963.89
Butler,42,019,2015,245.16816999999998,85405.05565,73963.89
Butler,42,019,2016,172.17559,50920.05129,73963.89
Butler,42,019,2017,419.10542999999996,147496.69886,73963.89
Butler,42,019,2018,127.25255999999999,39522.56423,73963.89
Butler,42,019,2019,211.93099999999998,74619.62203,73963.89
Butler,42,019,2020,210.9327,75075.54998,73963.89
Bibb,13,021,2010,670.8696500000001,249709.49555,40197.49
Bibb,13,021,2011,626.1708699999999,257175.68579,40197.49
Bibb,13,021,2012,537.80833,217549.49680999998,40197.49
Bibb,13,021,2013,665.62999,230428.0108,40197.49
Bibb,13,021,2014,1015.91049,364777.90929,40197.49
Bibb,13,021,2015,1100.974,404812.66092,40197.49
Bibb,13,021,2016,1219.0926,420248.66131999996,40197.49
Bibb,13,021,2017,1746.8744299999998,700792.4905699999,40197.49
Bibb,13,021,2018,964.0961500000001,382185.01060000004,40197.49
Bibb,13,021,2019,807.29468,290701.31662,40197.49
Bibb,13,021,2020,750.82287,277917.23812999995,40197.49
Autauga,01,001,2010,2639.49431,1045107.2053,70069.61
Autauga,01,001,2011,1479.47219,610478.31114,70069.61
Autauga,01,001,2012,1987.8889100000001,870688.3622999999,70069.61
Autauga,01,001,2013,2503.8559800000003,956934.95615,70069.61
Autauga,01,001,2014,2698.52686,1048321.70692,70069.61
Autauga,01,001,2015,2782.86239,1028866.78243,70069.61
Autauga,01,001,2016,3562.38778,1308341.10393,70069.61
Autauga,01,001,2017,3841.99231,1477651.5607399999,70069.61
Autauga,01,001,2018,3225.70245,1261431.4334200001,70069.61
Autauga,01,001,2019,2925.2458500000002,1081715.42162,70069.61
Autauga,01,001,2020,2688.02161,1089140.41657,70069.61
Blount,47,009,2010,369.05935999999997,148666.44587,74049.63
Blount,47,009,2011,697.03533,277857.18205999996,74049.63
Blount,47,009,2012,180.79197,73039.49255,74049.63
Blount,47,009,2013,115.77471,40225.22461,74049.63
Blount,47,009,2014,144.67126000000002,44365.55992,74049.63
Blount,47,009,2015,126.51669,45123.81237,74049.63
Blount,47,009,2016,407.94407,137818.73291,74049.63
Blount,47,009,2017,581.51191,176891.94139,74049.63
Blount,47,009,2018,230.54432,80968.1607,74049.63
Blount,47,009,2019,177.71386,56045.63022,74049.63
Blount,47,009,2020,181.10607,58759.74246,74049.63
Cherokee,48,073,2010,6289.568130000001,2677812.56374,146833.44
Cherokee,48,073,2011,5589.554169999999,2427012.0598,146833.44
Cherokee,48,073,2012,7510.77283,3321596.69522,146833.44
Cherokee,48,073,2013,6567.99992,2543566.4801,146833.44
Cherokee,48,073,2014,7213.98003,2687258.46773,146833.44
Cherokee,48,073,2015,5532.635,1978683.9889099998,146833.44
Cherokee,48,073,2016,6645.3785100000005,2513292.66482,146833.44
Cherokee,48,073,2017,5772.967659999999,2278648.23309,146833.44
Cherokee,48,073,2018,5589.81647,2339394.5785499997,146833.44
Cherokee,48,073,2019,8825.29087,3895775.37135,146833.44
Cherokee,48,073,2020,5120.10217,2214256.58583,146833.44
Chambers,48,071,2010,219.86263000000002,57704.3533,92447.71
Chambers,48,071,2011,508.86529,154020.36022,92447.71
Chambers,48,071,2012,259.34238999999997,77835.53279000001,92447.71
Chambers,48,071,2013,342.80814,68910.00756000001,92447.71
Chambers,48,071,2014,262.90701,54578.50861999999,92447.71
Chambers,48,071,2015,410.46853,94070.80189,92447.71
Chambers,48,071,2016,539.60167,123250.69972,92447.71
Chambers,48,071,2017,517.20514,120608.63597,92447.71
Chambers,48,071,2018,340.31964,92554.08995000001,92447.71
Chambers,48,071,2019,316.30895000000004,64553.038010000004,92447.71
Chambers,48,071,2020,476.71652,98534.31857,92447.71
Chilton,01,021,2010,4200.51982,1696403.58618,91129.23
Chilton,01,021,2011,2477.51493,999327.25813,91129.23
Chilton,01,021,2012,3436.69486,1394255.70326,91129.23
Chilton,01,021,2013,4579.65076,1663960.59541,91129.23
Chilton,01,021,2014,4439.79731,1487674.56615,91129.23
Chilton,01,021,2015,3994.87962,1498953.82259,91129.23
Chilton,01,021,2016,5521.10644,2010876.90581,91129.23
Chilton,01,021,2017,5907.28827,2287707.2144,91129.23
Chilton,01,021,2018,4997.07645,2088997.76127,91129.23
Chilton,01,021,2019,3802.88838,1452214.66575,91129.23
Chilton,01,021,2020,4324.13682,1879809.6226,91129.23
Coosa,01,037,2010,2497.63261,1034416.6286200001,62640.32
Coosa,01,037,2011,1237.5931,484419.82039999997,62640.32
Coosa,01,037,2012,2307.7113600000002,985389.94523,62640.32
Coosa,01,037,2013,2771.97049,986915.4010099999,62640.32
Coosa,01,037,2014,3815.24361,1287125.0812300001,62640.32
Coosa,01,037,2015,3207.63792,1215621.26365,62640.32
Coosa,01,037,2016,4811.03643,1731562.9114100002,62640.32
Coosa,01,037,2017,3678.62451,1481472.7708100001,62640.32
Coosa,01,037,2018,3423.75745,1431390.72696,62640.32
Coosa,01,037,2019,2474.9921299999996,1144503.545,62640.32
Coosa,01,037,2020,3591.16759,1551547.15009,62640.32
Conecuh,01,035,2010,7929.00338,3178713.2766,151812.61
Conecuh,01,035,2011,7103.439219999999,2895270.14101,151812.61
Conecuh,01,035,2012,9197.425029999999,3829517.71516,151812.61
Conecuh,01,035,2013,7878.5034,2736188.17449,151812.61
Conecuh,01,035,2014,8738.209710000001,3405048.48096,151812.61
Conecuh,01,035,2015,8661.3884,3287280.75574,151812.61
Conecuh,01,035,2016,12592.89156,5009944.16976,151812.61
Conecuh,01,035,2017,10363.72717,4126982.05313,151812.61
Conecuh,01,035,2018,9833.13147,3966293.94425,151812.61
Conecuh,01,035,2019,9312.52679,3905348.54494,151812.61
Conecuh,01,035,2020,9379.90388,3948889.46869,151812.61
Clarke,51,043,2010,30.55302,10172.24718,29090.94
Clarke,51,043,2011,22.00296,7632.91089,29090.94
Clarke,51,043,2012,29.417,11463.26263,29090.94
Clarke,51,043,2013,25.94914,7478.12398,29090.94
Clarke,51,043,2014,23.49772,5155.97759,29090.94
Clarke,51,043,2015,79.8803,22976.48253,29090.94
Clarke,51,043,2016,87.71287,26540.71449,29090.94
Clarke,51,043,2017,96.5021,26625.79593,29090.94
Clarke,51,043,2018,69.71589,20624.06679,29090.94
Clarke,51,043,2019,50.88184,15648.39169,29090.94
Clarke,51,043,2020,60.98646,13323.21453,29090.94
Choctaw,40,023,2010,439.17109,129659.75813,82381.73
Choctaw,40,023,2011,777.84362,211093.28811,82381.73
Choctaw,40,023,2012,750.35955,198756.08001,82381.73
Choctaw,40,023,2013,657.832,161333.27921,82381.73
Choctaw,40,023,2014,1591.14231,384593.3821,82381.73
Choctaw,40,023,2015,764.96246,141193.52884,82381.73
Choctaw,40,023,2016,739.83781,182355.8919,82381.73
Choctaw,40,023,2017,758.01173,175110.26969,82381.73
Choctaw,40,023,2018,892.94509,225991.03436,82381.73
Choctaw,40,023,2019,1569.52492,412955.14191,82381.73
Choctaw,40,023,2020,616.19141,150827.00481,82381.73
Cleburne,05,023,2010,1484.15257,505698.36079,54223.42
Cleburne,05,023,2011,876.50812,283344.26305,54223.42
Cleburne,05,023,2012,1252.22625,378826.41481,54223.42
Cleburne,05,023,2013,1303.29778,408697.17242,54223.42
Cleburne,05,023,2014,993.5392,273602.35568,54223.42
Cleburne,05,023,2015,783.22248,244534.86879,54223.42
Cleburne,05,023,2016,1216.23118,375139.67114,54223.42
Cleburne,05,023,2017,1091.85033,380132.71118,54223.42
Cleburne,05,023,2018,822.42129,268322.65992,54223.42
Cleburne,05,023,2019,849.24484,223172.27221,54223.42
Cleburne,05,023,2020,716.44629,232358.39714,54223.42
Coffee,47,031,2010,233.87369999999999,81933.18101,56687.72
Coffee,47,031,2011,224.51371999999998,81204.96466,56687.72
Coffee,47,031,2012,236.63772,82867.91907999999,56687.72
Coffee,47,031,2013,132.296,37898.45078,56687.72
Coffee,47,031,2014,158.80545,50424.90707,56687.72
Coffee,47,031,2015,270.62259,91546.51543,56687.72
Coffee,47,031,2016,532.45057,140832.71521,56687.72
Coffee,47,031,2017,375.96939999999995,118534.71377,56687.72
Coffee,47,031,2018,333.56684,99461.01251,56687.72
Coffee,47,031,2019,385.64347,119605.90783000001,56687.72
Coffee,47,031,2020,240.09274,74436.4487,56687.72
Colbert,01,033,2010,1481.7162099999998,547927.35038,82373.22
Colbert,01,033,2011,1050.7712,383613.25685,82373.22
Colbert,01,033,2012,1720.1452299999999,610139.15318,82373.22
Colbert,01,033,2013,1335.3683600000002,408313.89998,82373.22
Colbert,01,033,2014,1955.0032500000002,470213.02665,82373.22
Colbert,01,033,2015,2343.8612900000003,519619.36255,82373.22
Colbert,01,033,2016,2672.1396099999997,576705.61125,82373.22
Colbert,01,033,2017,2789.15413,745854.74361,82373.22
Colbert,01,033,2018,1509.90171,471782.38941,82373.22
Colbert,01,033,2019,1196.99151,404019.72065,82373.22
Colbert,01,033,2020,682.4465,198729.02012,82373.22
Clay,54,015,2010,346.72791,147387.93747,60010.51
Clay,54,015,2011,300.98417,130553.49184999999,60010.51
Clay,54,015,2012,291.37311,108994.85245,60010.51
Clay,54,015,2013,283.95192,101896.23461999999,60010.51
Clay,54,015,2014,503.60708999999997,157259.99891000002,60010.51
Clay,54,015,2015,314.54913,132225.05968,60010.51
Clay,54,015,2016,534.26514,222941.43365,60010.51
Clay,54,015,2017,638.40518,270967.09508,60010.51
Clay,54,015,2018,358.83297999999996,159369.3124,60010.51
Clay,54,015,2019,347.9445,151132.23207,60010.51
Clay,54,015,2020,306.6413,132135.17642,60010.51
Dale,01,045,2010,0.0,518591.61388,55541.33
Dale,01,045,2011,0.0,601853.3916300001,55541.33
Dale,01,045,2012,0.0,602230.83967,55541.33
Dale,01,045,2013,0.0,572439.33386,55541.33
Dale,01,045,2014,0.0,580852.28266,55541.33
Dale,01,045,2015,0.0,805101.09341,55541.33
Dale,01,045,2016,0.0,665732.8449700001,55541.33
Dale,01,045,2017,0.0,597808.4797299999,55541.33
Dale,01,045,2018,0.0,537918.74235,55541.33
Dale,01,045,2019,0.0,351804.64486,55541.33
Dale,01,045,2020,0.0,410565.08482000005,55541.33
Covington,51,580,2010,0.36498,135.0621,902.2
Covington,51,580,2011,3.89309,1509.92686,902.2
Covington,51,580,2012,2.18986,622.95882,902.2
Covington,51,580,2013,1.58157,698.6231,902.2
Covington,51,580,2014,0.97327,150.49707999999998,902.2
Covington,51,580,2015,8.94193,4040.60999,902.2
Covington,51,580,2016,24.392609999999998,10445.31141,902.2
Covington,51,580,2017,1.88572,578.64763,902.2
Covington,51,580,2019,18.91796,5395.16489,902.2
Covington,51,580,2020,0.72995,304.20449,902.2
Crenshaw,01,041,2010,4001.1946,1642017.7086,76132.93
Crenshaw,01,041,2011,3055.53638,1268358.52,76132.93
Crenshaw,01,041,2012,4479.43365,1904831.9902,76132.93
Crenshaw,01,041,2013,4932.62302,1825868.78068,76132.93
Crenshaw,01,041,2014,5127.57773,2010846.56024,76132.93
Crenshaw,01,041,2015,3959.81672,1537418.61559,76132.93
Crenshaw,01,041,2016,6605.50886,2511014.91732,76132.93
Crenshaw,01,041,2017,5036.95298,1984857.42837,76132.93
Crenshaw,01,041,2018,4589.99323,1860324.94238,76132.93
Crenshaw,01,041,2019,4454.51512,1750029.4165500002,76132.93
Crenshaw,01,041,2020,4361.136210000001,1762704.9143400001,76132.93
Dallas,48,113,2010,61.32335,12243.93172,79297.0
Dallas,48,113,2011,55.0487,12940.10712,79297.0
Dallas,48,113,2012,191.6678,37318.43273,79297.0
Dallas,48,113,2013,123.81106,10395.75724,79297.0
Dallas,48,113,2014,233.52034,27253.39521,79297.0
Dallas,48,113,2015,135.32536,17786.61527,79297.0
Dallas,48,113,2016,218.90106,18877.51193,79297.0
Dallas,48,113,2017,188.75688,17618.43568,79297.0
Dallas,48,113,2018,152.40275,16894.43994,79297.0
Dallas,48,113,2019,174.91385,17809.04624,79297.0
Dallas,48,113,2020,183.77598,17045.24753,79297.0
DeKalb,47,041,2010,95.8612,35536.40524,43581.46
DeKalb,47,041,2011,148.37757,57615.18264,43581.46
DeKalb,47,041,2012,135.62539,48888.42812,43581.46
DeKalb,47,041,2013,75.31952,24139.63513,43581.46
DeKalb,47,041,2014,61.87633,20612.8215,43581.46
DeKalb,47,041,2015,138.13813,50862.09595,43581.46
DeKalb,47,041,2016,223.19453,66265.14078,43581.46
DeKalb,47,041,2017,192.22496,58793.70609,43581.46
DeKalb,47,041,2018,151.45568,50290.63718,43581.46
DeKalb,47,041,2019,116.65417,34084.87885,43581.46
DeKalb,47,041,2020,111.81713,40045.54141,43581.46
Elmore,16,039,2010,791.34749,245723.79103000002,509572.34
Elmore,16,039,2011,771.4793,292313.96368000004,509572.34
Elmore,16,039,2012,5471.98186,1120267.73761,509572.34
Elmore,16,039,2013,9970.70222,1967616.3706999999,509572.34
Elmore,16,039,2014,13546.37438,2647453.59122,509572.34
Elmore,16,039,2015,830.89311,304082.9606,509572.34
Elmore,16,039,2016,15185.057780000001,2588544.8809700003,509572.34
Elmore,16,039,2017,10673.20078,1931967.02357,509572.34
Elmore,16,039,2018,553.88659,159752.00715,509572.34
Elmore,16,039,2019,1353.87243,426310.69232,509572.34
Elmore,16,039,2020,520.28074,162155.33366,509572.34
Escambia,12,033,2010,3560.21218,1187803.3969999999,219139.41
Escambia,12,033,2011,4299.79724,1567884.2862200001,219139.41
Escambia,12,033,2012,5459.56333,1871240.8213900002,219139.41
Escambia,12,033,2013,4185.06955,1268982.05278,219139.41
Escambia,12,033,2014,5742.4963,1694955.13313,219139.41
Escambia,12,033,2015,6261.52783,1795277.2230800001,219139.41
Escambia,12,033,2016,5723.82896,1547668.00592,219139.41
Escambia,12,033,2017,6835.56488,2030870.7352699998,219139.41
Escambia,12,033,2018,5328.62629,1568458.04072,219139.41
Escambia,12,033,2019,4356.39712,1202056.39548,219139.41
Escambia,12,033,2020,5095.58358,1543817.10299,219139.41
Etowah,01,055,2010,0.0,606835.66379,76617.04
Etowah,01,055,2011,0.0,725954.13551,76617.04
Etowah,01,055,2012,0.0,649208.29541,76617.04
Etowah,01,055,2013,0.0,686926.1812100001,76617.04
Etowah,01,055,2014,0.0,674530.83617,76617.04
Etowah,01,055,2015,0.0,555490.17726,76617.04
Etowah,01,055,2016,0.0,727963.37883,76617.04
Etowah,01,055,2017,0.0,956616.62099,76617.04
Etowah,01,055,2018,0.0,564152.2196,76617.04
Etowah,01,055,2019,0.0,456973.41168,76617.04
Etowah,01,055,2020,0.0,525822.88612,76617.04
Fayette,54,019,2010,929.77829,0.0,89945.81
Fayette,54,019,2011,940.11929,0.0,89945.81
Fayette,54,019,2012,1002.83447,0.0,89945.81
Fayette,54,019,2013,898.51194,0.0,89945.81
Fayette,54,019,2014,1547.92725,0.0,89945.81
Fayette,54,019,2015,1269.20667,0.0,89945.81
Fayette,54,019,2016,2035.71868,0.0,89945.81
Fayette,54,019,2017,1736.43775,0.0,89945.81
Fayette,54,019,2018,1462.27938,0.0,89945.81
Fayette,54,019,2019,1515.6876399999999,0.0,89945.81
Fayette,54,019,2020,1217.62329,0.0,89945.81
Lee,51,105,2010,0.0,417031.34788,88116.71
Lee,51,105,2011,0.0,163854.95823,88116.71
Lee,51,105,2012,0.0,329156.57219,88116.71
Lee,51,105,2013,0.0,183235.18194,88116.71
Lee,51,105,2014,0.0,299546.76747,88116.71
Lee,51,105,2015,0.0,348712.68344,88116.71
Lee,51,105,2016,0.0,620410.16267,88116.71
Lee,51,105,2017,0.0,662854.45698,88116.71
Lee,51,105,2018,0.0,492955.46885,88116.71
Lee,51,105,2019,0.0,526316.60874,88116.71
Lee,51,105,2020,0.0,409634.63202,88116.71
Limestone,48,293,2010,381.3776,0.0,143209.0
Limestone,48,293,2011,455.74843,0.0,143209.0
Limestone,48,293,2012,814.9519799999999,0.0,143209.0
Limestone,48,293,2013,396.63438,0.0,143209.0
Limestone,48,293,2014,453.39156,0.0,143209.0
Limestone,48,293,2015,198.70012000000003,0.0,143209.0
Limestone,48,293,2016,399.25356,0.0,143209.0
Limestone,48,293,2017,319.24472000000003,0.0,143209.0
Limestone,48,293,2018,301.46266,0.0,143209.0
Limestone,48,293,2019,461.10067,0.0,143209.0
Limestone,48,293,2020,409.80976,0.0,143209.0
Lawrence,47,099,2010,0.0,348426.23886000004,63127.7
Lawrence,47,099,2011,0.0,336815.68933,63127.7
Lawrence,47,099,2012,0.0,299184.73498,63127.7
Lawrence,47,099,2013,0.0,299711.41072,63127.7
Lawrence,47,099,2014,0.0,251265.03654,63127.7
Lawrence,47,099,2015,0.0,273232.93958,63127.7
Lawrence,47,099,2016,0.0,323244.88844,63127.7
Lawrence,47,099,2017,0.0,214981.34729,63127.7
Lawrence,47,099,2018,0.0,244177.14323,63127.7
Lawrence,47,099,2019,0.0,251063.57683,63127.7
Lawrence,47,099,2020,0.0,252993.18909,63127.7
Madison,51,113,2010,209.55749,0.0,46829.75
Madison,51,113,2011,210.65242,0.0,46829.75
Madison,51,113,2012,105.90409,0.0,46829.75
Madison,51,113,2013,151.03955,0.0,46829.75
Madison,51,113,2014,97.02299,0.0,46829.75
Madison,51,113,2015,198.60818,0.0,46829.75
Madison,51,113,2016,148.60637,0.0,46829.75
Madison,51,113,2017,276.8957,0.0,46829.75
Madison,51,113,2018,128.59348,0.0,46829.75
Madison,51,113,2019,180.78515,0.0,46829.75
Madison,51,113,2020,150.30959,0.0,46829.75
Marengo,01,091,2010,6163.620260000001,0.0,123828.91
Marengo,01,091,2011,6202.17396,0.0,123828.91
Marengo,01,091,2012,6998.06395,0.0,123828.91
Marengo,01,091,2013,5907.524619999999,0.0,123828.91
Marengo,01,091,2014,8399.08542,0.0,123828.91
Marengo,01,091,2015,6369.26143,0.0,123828.91
Marengo,01,091,2016,7196.43955,0.0,123828.91
Marengo,01,091,2017,6562.33128,0.0,123828.91
Marengo,01,091,2018,5799.797,0.0,123828.91
Marengo,01,091,2019,5863.9988299999995,0.0,123828.91
Marengo,01,091,2020,4925.80531,0.0,123828.91
Lowndes,28,087,2010,927.03045,345469.85893,65701.24
Lowndes,28,087,2011,798.75599,321490.69828,65701.24
Lowndes,28,087,2012,1326.60251,491725.96685,65701.24
Lowndes,28,087,2013,999.8681,329404.42671,65701.24
Lowndes,28,087,2014,1436.63522,505451.19773,65701.24
Lowndes,28,087,2015,1756.38343,626906.42547,65701.24
Lowndes,28,087,2016,1972.82638,654361.06191,65701.24
Lowndes,28,087,2017,1832.39074,580833.07745,65701.24
Lowndes,28,087,2018,1289.79556,440568.87869,65701.24
Lowndes,28,087,2019,1204.60269,482525.13009,65701.24
Lowndes,28,087,2020,856.13342,363118.49492,65701.24
Marion,54,049,2010,215.66485999999998,83642.65485,44926.68
Marion,54,049,2011,126.87574,50910.36404,44926.68
Marion,54,049,2012,300.62735999999995,110437.91911,44926.68
Marion,54,049,2013,99.91017,32300.524039999997,44926.68
Marion,54,049,2014,240.83671,76554.7479,44926.68
Marion,54,049,2015,236.95032,89950.68535,44926.68
Marion,54,049,2016,289.26714,113147.95546,44926.68
Marion,54,049,2017,326.15796,136201.02813,44926.68
Marion,54,049,2018,171.24041,69187.19614,44926.68
Marion,54,049,2019,247.05494000000002,102156.80227,44926.68
Marion,54,049,2020,224.27471,96335.61491999999,44926.68
Marshall,54,051,2010,187.13189,75599.74818,34278.25
Marshall,54,051,2011,173.16331,72497.10416999999,34278.25
Marshall,54,051,2012,398.14694999999995,161506.39478,34278.25
Marshall,54,051,2013,61.076130000000006,23205.32575,34278.25
Marshall,54,051,2014,113.52960999999999,43543.09845,34278.25
Marshall,54,051,2015,218.97893,85380.63407999999,34278.25
Marshall,54,051,2016,225.62319,85605.64349999999,34278.25
Marshall,54,051,2017,368.30075999999997,145511.87879000002,34278.25
Marshall,54,051,2018,193.46330999999998,76931.16683,34278.25
Marshall,54,051,2019,241.95779,98973.74046,34278.25
Marshall,54,051,2020,74.16602,26481.67809,34278.25
Macon,47,111,2010,163.37843,60489.66253,32881.58
Macon,47,111,2011,103.88939,38261.21286,32881.58
Macon,47,111,2012,82.36945,31063.47257,32881.58
Macon,47,111,2013,82.30761,22769.58446,32881.58
Macon,47,111,2014,116.00982,39621.03056,32881.58
Macon,47,111,2015,123.43049,43171.00824,32881.58
Macon,47,111,2016,147.42399,48318.00313,32881.58
Macon,47,111,2017,187.55745,61303.65618,32881.58
Macon,47,111,2018,101.91054,34114.93908,32881.58
Macon,47,111,2019,91.08873,30105.86005,32881.58
Macon,47,111,2020,78.84463,27275.55664,32881.58
Mobile,01,097,2010,3286.6461,0.0,182831.67
Mobile,01,097,2011,2796.24667,0.0,182831.67
Mobile,01,097,2012,3869.11998,0.0,182831.67
Mobile,01,097,2013,3243.26614,0.0,182831.67
Mobile,01,097,2014,3836.7677,0.0,182831.67
Mobile,01,097,2015,3669.16031,0.0,182831.67
Mobile,01,097,2016,4696.59429,0.0,182831.67
Mobile,01,097,2017,5235.15676,0.0,182831.67
Mobile,01,097,2018,4346.03376,0.0,182831.67
Mobile,01,097,2019,3106.74882,0.0,182831.67
Mobile,01,097,2020,2784.95326,0.0,182831.67
Monroe,55,081,2010,394.0678,0.0,85035.44
Monroe,55,081,2011,263.31539999999995,0.0,85035.44
Monroe,55,081,2012,546.4670500000001,0.0,85035.44
Monroe,55,081,2013,281.58218,0.0,85035.44
Monroe,55,081,2014,264.95275,0.0,85035.44
Monroe,55,081,2015,295.91011999999995,0.0,85035.44
Monroe,55,081,2016,311.74507,0.0,85035.44
Monroe,55,081,2017,460.66521,0.0,85035.44
Monroe,55,081,2018,399.3157,0.0,85035.44
Monroe,55,081,2019,474.96189,0.0,85035.44
Monroe,55,081,2020,390.46654,0.0,85035.44
Russell,51,167,2010,0.0,173168.99662,88234.94
Russell,51,167,2011,0.0,146296.54311,88234.94
Russell,51,167,2012,0.0,203246.03702,88234.94
Russell,51,167,2013,0.0,209498.66389,88234.94
Russell,51,167,2014,0.0,260496.56735,88234.94
Russell,51,167,2015,0.0,260495.6772,88234.94
Russell,51,167,2016,0.0,308897.09378,88234.94
Russell,51,167,2017,0.0,348790.98487,88234.94
Russell,51,167,2018,0.0,292097.84118,88234.94
Russell,51,167,2019,0.0,186516.1388,88234.94
Russell,51,167,2020,0.0,157846.44747,88234.94
Shelby,48,419,2010,0.0,1632902.30254,101721.85
Shelby,48,419,2011,0.0,1239718.11614,101721.85
Shelby,48,419,2012,0.0,1753875.03295,101721.85
Shelby,48,419,2013,0.0,2140866.14392,101721.85
Shelby,48,419,2014,0.0,1815663.79635,101721.85
Shelby,48,419,2015,0.0,1902415.7023,101721.85
Shelby,48,419,2016,0.0,2430026.36644,101721.85
Shelby,48,419,2017,0.0,2346379.39263,101721.85
Shelby,48,419,2018,0.0,1978981.17165,101721.85
Shelby,48,419,2019,0.0,1581655.86524,101721.85
Shelby,48,419,2020,0.0,1725965.41604,101721.85
St. Clair,29,185,2010,0.0,14957.91647,71526.8
St. Clair,29,185,2011,0.0,32449.784850000004,71526.8
St. Clair,29,185,2012,0.0,30657.946539999997,71526.8
St. Clair,29,185,2013,0.0,18319.21149,71526.8
St. Clair,29,185,2014,0.0,30960.166709999998,71526.8
St. Clair,29,185,2015,0.0,19592.727890000002,71526.8
St. Clair,29,185,2016,0.0,43771.7531,71526.8
St. Clair,29,185,2017,0.0,62691.54778,71526.8
St. Clair,29,185,2018,0.0,36991.20059,71526.8
St. Clair,29,185,2019,0.0,9992.91741,71526.8
St. Clair,29,185,2020,0.0,9197.307639999999,71526.8
Tuscaloosa,01,125,2010,7239.7773,0.0,159704.68
Tuscaloosa,01,125,2011,9917.23998,0.0,159704.68
Tuscaloosa,01,125,2012,7548.85213,0.0,159704.68
Tuscaloosa,01,125,2013,7270.11554,0.0,159704.68
Tuscaloosa,01,125,2014,7579.38444,0.0,159704.68
Tuscaloosa,01,125,2015,6734.44188,0.0,159704.68
Tuscaloosa,01,125,2016,8110.2712599999995,0.0,159704.68
Tuscaloosa,01,125,2017,7902.56105,0.0,159704.68
Tuscaloosa,01,125,2018,6312.099969999999,0.0,159704.68
Tuscaloosa,01,125,2019,6055.680420000001,0.0,159704.68
Tuscaloosa,01,125,2020,4943.1274300000005,0.0,159704.68
Tallapoosa,01,123,2010,3997.82688,0.0,88378.87
Tallapoosa,01,123,2011,4040.33434,0.0,88378.87
Tallapoosa,01,123,2012,3565.00491,0.0,88378.87
Tallapoosa,01,123,2013,4212.096640000001,0.0,88378.87
Tallapoosa,01,123,2014,4598.74992,0.0,88378.87
Tallapoosa,01,123,2015,4330.79611,0.0,88378.87
Tallapoosa,01,123,2016,5026.70696,0.0,88378.87
Tallapoosa,01,123,2017,4953.18222,0.0,88378.87
Tallapoosa,01,123,2018,4124.29086,0.0,88378.87
Tallapoosa,01,123,2019,3333.01474,0.0,88378.87
Tallapoosa,01,123,2020,3019.08809,0.0,88378.87
Talladega,01,121,2010,4884.715,0.0,143573.39
Talladega,01,121,2011,2720.28552,0.0,143573.39
Talladega,01,121,2012,3291.7958200000003,0.0,143573.39
Talladega,01,121,2013,3643.49943,0.0,143573.39
Talladega,01,121,2014,4519.2977200000005,0.0,143573.39
Talladega,01,121,2015,4786.90815,0.0,143573.39
Talladega,01,121,2016,5965.57132,0.0,143573.39
Talladega,01,121,2017,6432.094499999999,0.0,143573.39
Talladega,01,121,2018,4694.27626,0.0,143573.39
Talladega,01,121,2019,5003.3511,0.0,143573.39
Talladega,01,121,2020,4013.12137,0.0,143573.39
Washington,55,131,2010,0.0,2740.49095,39424.07
Washington,55,131,2011,0.0,56.46407,39424.07
Washington,55,131,2012,0.0,534.78063,39424.07
Washington,55,131,2013,0.0,1198.45828,39424.07
Washington,55,131,2014,0.0,1539.06794,39424.07
Washington,55,131,2015,0.0,2168.34953,39424.07
Washington,55,131,2016,0.0,1316.79461,39424.07
Washington,55,131,2017,0.0,2468.36837,39424.07
Washington,55,131,2018,0.0,5987.48987,39424.07
Washington,55,131,2019,0.0,4770.50063,39424.07
Washington,55,131,2020,0.0,1444.47945,39424.07
Sumter,45,085,2010,4351.8571600000005,0.0,133408.35
Sumter,45,085,2011,3635.4956999999995,0.0,133408.35
Sumter,45,085,2012,4592.41792,0.0,133408.35
Sumter,45,085,2013,4557.01388,0.0,133408.35
Sumter,45,085,2014,5876.22873,0.0,133408.35
Sumter,45,085,2015,5221.97582,0.0,133408.35
Sumter,45,085,2016,4991.0166,0.0,133408.35
Sumter,45,085,2017,6871.027959999999,0.0,133408.35
Sumter,45,085,2018,6369.517519999999,0.0,133408.35
Sumter,45,085,2019,4167.36176,0.0,133408.35
Sumter,45,085,2020,4211.71327,0.0,133408.35
Anchorage,02,020,2010,0.0,10092.70747,291164.29
Anchorage,02,020,2011,0.0,32461.35715,291164.29
Anchorage,02,020,2012,0.0,54777.08273,291164.29
Anchorage,02,020,2013,0.0,41254.61386,291164.29
Anchorage,02,020,2014,0.0,45115.13942,291164.29
Anchorage,02,020,2015,0.0,10385.37899,291164.29
Anchorage,02,020,2016,0.0,16971.07851,291164.29
Anchorage,02,020,2017,0.0,13396.38889,291164.29
Anchorage,02,020,2018,0.0,39880.636999999995,291164.29
Anchorage,02,020,2019,0.0,25549.959,291164.29
Anchorage,02,020,2020,0.0,11080.887630000001,291164.29
Walker,48,471,2010,2444.42394,0.0,103599.34
Walker,48,471,2011,4807.73466,0.0,103599.34
Walker,48,471,2012,5804.80931,0.0,103599.34
Walker,48,471,2013,3459.23587,0.0,103599.34
Walker,48,471,2014,2576.15816,0.0,103599.34
Walker,48,471,2015,1762.30237,0.0,103599.34
Walker,48,471,2016,3021.25112,0.0,103599.34
Walker,48,471,2017,2324.04954,0.0,103599.34
Walker,48,471,2018,1793.52531,0.0,103599.34
Walker,48,471,2019,1881.14884,0.0,103599.34
Walker,48,471,2020,2655.07912,0.0,103599.34
Bethel,02,050,2010,0.0,561021.12662,15431882.42
Bethel,02,050,2011,0.0,83162.16868999999,15431882.42
Bethel,02,050,2012,0.0,121862.71311000001,15431882.42
Bethel,02,050,2013,0.0,1719838.49258,15431882.42
Bethel,02,050,2014,0.0,840233.04683,15431882.42
Bethel,02,050,2015,0.0,2990631.75422,15431882.42
Bethel,02,050,2016,0.0,910157.57434,15431882.42
Bethel,02,050,2017,0.0,227188.43896,15431882.42
Bethel,02,050,2018,0.0,100306.88903,15431882.42
Bethel,02,050,2019,0.0,1759334.92861,15431882.42
Bethel,02,050,2020,0.0,1034758.00039,15431882.42
Bristol Bay,02,060,2013,0.0,148.37994999999998,95735.97
Bristol Bay,02,060,2016,0.0,377.75321,95735.97
Bristol Bay,02,060,2020,0.0,169.98034,95735.97
Chugach,02,063,2010,13259.97949,0.0,2937313.31
Chugach,02,063,2011,471.26555,0.0,2937313.31
Chugach,02,063,2012,41.88058,0.0,2937313.31
Chugach,02,063,2013,547.45294,0.0,2937313.31
Chugach,02,063,2014,41.93178,0.0,2937313.31
Chugach,02,063,2016,334.69683,0.0,2937313.31
Chugach,02,063,2017,946.68384,0.0,2937313.31
Chugach,02,063,2018,112.79843,0.0,2937313.31
Chugach,02,063,2019,180.92025,0.0,2937313.31
Chugach,02,063,2020,86.89077999999999,0.0,2937313.31
Copper River,02,066,2010,13696.83502,0.0,3660560.67
Copper River,02,066,2011,864.16836,0.0,3660560.67
Copper River,02,066,2012,629.4471,0.0,3660560.67
Copper River,02,066,2013,15278.64298,0.0,3660560.67
Copper River,02,066,2014,949.97633,0.0,3660560.67
Copper River,02,066,2015,19980.38234,0.0,3660560.67
Copper River,02,066,2016,2865.53854,0.0,3660560.67
Copper River,02,066,2017,1261.85087,0.0,3660560.67
Copper River,02,066,2018,6943.01068,0.0,3660560.67
Copper River,02,066,2019,13901.770900000001,0.0,3660560.67
Copper River,02,066,2020,5345.44083,0.0,3660560.67
Denali,02,068,2010,70164.21995,0.0,1774194.17
Denali,02,068,2011,4948.09534,0.0,1774194.17
Denali,02,068,2012,8014.62377,0.0,1774194.17
Denali,02,068,2013,37478.930799999995,0.0,1774194.17
Denali,02,068,2014,12333.37501,0.0,1774194.17
Denali,02,068,2015,41445.47377,0.0,1774194.17
Denali,02,068,2016,11272.16415,0.0,1774194.17
Denali,02,068,2017,214.76914,0.0,1774194.17
Denali,02,068,2018,4791.27938,0.0,1774194.17
Denali,02,068,2019,27878.34115,0.0,1774194.17
Denali,02,068,2020,5879.66179,0.0,1774194.17
Dillingham,02,070,2010,197.88028000000003,0.0,2929241.99
Dillingham,02,070,2011,24.13764,0.0,2929241.99
Dillingham,02,070,2012,50.79237,0.0,2929241.99
Dillingham,02,070,2013,962.3242,0.0,2929241.99
Dillingham,02,070,2014,110.95554999999999,0.0,2929241.99
Dillingham,02,070,2015,2961.18676,0.0,2929241.99
Dillingham,02,070,2016,3571.3852300000003,0.0,2929241.99
Dillingham,02,070,2017,991.14662,0.0,2929241.99
Dillingham,02,070,2018,6.34511,0.0,2929241.99
Dillingham,02,070,2019,515.29608,0.0,2929241.99
Dillingham,02,070,2020,4484.02311,0.0,2929241.99
Juneau,55,057,2010,0.0,176112.76289,94137.72
Juneau,55,057,2011,0.0,183960.85406,94137.72
Juneau,55,057,2012,0.0,272718.50587,94137.72
Juneau,55,057,2013,0.0,147437.47313,94137.72
Juneau,55,057,2014,0.0,166060.94412,94137.72
Juneau,55,057,2015,0.0,106613.71106999999,94137.72
Juneau,55,057,2016,0.0,225845.21427,94137.72
Juneau,55,057,2017,0.0,233672.57236000002,94137.72
Juneau,55,057,2018,0.0,214349.14909000002,94137.72
Juneau,55,057,2019,0.0,184664.23329,94137.72
Juneau,55,057,2020,0.0,300082.24726000003,94137.72
Kodiak Island,02,150,2010,0.0,260771.70655999996,3792994.34
Kodiak Island,02,150,2011,0.0,324668.74325,3792994.34
Kodiak Island,02,150,2012,0.0,495880.87603,3792994.34
Kodiak Island,02,150,2013,0.0,513722.81196,3792994.34
Kodiak Island,02,150,2014,0.0,449628.57017,3792994.34
Kodiak Island,02,150,2015,0.0,503089.55646,3792994.34
Kodiak Island,02,150,2016,0.0,611219.87618,3792994.34
Kodiak Island,02,150,2017,0.0,341307.58395,3792994.34
Kodiak Island,02,150,2018,0.0,373844.60726,3792994.34
Kodiak Island,02,150,2019,0.0,281206.24111,3792994.34
Kodiak Island,02,150,2020,0.0,203660.5611,3792994.34
Nome,02,180,2010,59.20563,0.0,8167135.99
Nome,02,180,2011,799.9849399999999,0.0,8167135.99
Nome,02,180,2012,252.45088,0.0,8167135.99
Nome,02,180,2013,4336.96649,0.0,8167135.99
Nome,02,180,2014,497.21316,0.0,8167135.99
Nome,02,180,2015,6785.72584,0.0,8167135.99
Nome,02,180,2016,6258.3678,0.0,8167135.99
Nome,02,180,2017,971.20789,0.0,8167135.99
Nome,02,180,2018,582.91134,0.0,8167135.99
Nome,02,180,2019,24984.59119,0.0,8167135.99
Nome,02,180,2020,4132.94571,0.0,8167135.99
North Slope,02,185,2010,84.16733,0.0,12590303.81
North Slope,02,185,2011,24.97284,0.0,12590303.81
North Slope,02,185,2012,99.20857000000001,0.0,12590303.81
North Slope,02,185,2013,406.68402000000003,0.0,12590303.81
North Slope,02,185,2014,10.77112,0.0,12590303.81
North Slope,02,185,2015,5.45347,0.0,12590303.81
North Slope,02,185,2016,19.23489,0.0,12590303.81
North Slope,02,185,2017,899.1304,0.0,12590303.81
North Slope,02,185,2018,1.07287,0.0,12590303.81
North Slope,02,185,2019,84.611,0.0,12590303.81
North Slope,02,185,2020,138.52897,0.0,12590303.81
Prince of Wales-Hyder,02,198,2010,1817.29433,759411.9778999999,2694594.81
Prince of Wales-Hyder,02,198,2011,1280.05988,518890.39071,2694594.81
Prince of Wales-Hyder,02,198,2012,2830.4659,1098059.18771,2694594.81
Prince of Wales-Hyder,02,198,2013,3209.71772,1218550.59021,2694594.81
Prince of Wales-Hyder,02,198,2014,2465.82174,937601.6613200001,2694594.81
Prince of Wales-Hyder,02,198,2015,1734.6442499999998,704427.57045,2694594.81
Prince of Wales-Hyder,02,198,2016,1661.67171,675874.01617,2694594.81
Prince of Wales-Hyder,02,198,2017,1726.6235399999998,737554.1247200001,2694594.81
Prince of Wales-Hyder,02,198,2018,1957.91915,853834.26278,2694594.81
Prince of Wales-Hyder,02,198,2019,1783.59576,812650.77705,2694594.81
Prince of Wales-Hyder,02,198,2020,1315.97883,570992.97712,2694594.81
Skagway,02,230,2010,10.52871,2441.66629,67672.43
Skagway,02,230,2011,2.25615,378.5115,67672.43
Skagway,02,230,2012,3.95816,849.75529,67672.43
Skagway,02,230,2013,8.62879,1460.2451600000002,67672.43
Skagway,02,230,2014,14.2098,2523.1961,67672.43
Skagway,02,230,2016,0.11874,24.43514,67672.43
Skagway,02,230,2020,2.77072,720.36256,67672.43
Sitka,02,220,2010,46.94749,17179.816600000002,830321.6
Sitka,02,220,2011,9.84503,3888.9831,830321.6
Sitka,02,220,2012,81.24262999999999,30780.67917,830321.6
Sitka,02,220,2013,223.15746000000001,57473.01075,830321.6
Sitka,02,220,2014,109.73281,35207.86408,830321.6
Sitka,02,220,2015,1.06375,377.8096,830321.6
Sitka,02,220,2016,38.27998,12561.34134,830321.6
Sitka,02,220,2017,26.55318,5303.41396,830321.6
Sitka,02,220,2018,11.76173,3133.23601,830321.6
Sitka,02,220,2019,51.447140000000005,23241.31999,830321.6
Sitka,02,220,2020,5.5466299999999995,2463.5302300000003,830321.6
Southeast Fairbanks,02,240,2010,35935.22964,3064178.66186,4227034.53
Southeast Fairbanks,02,240,2011,13207.698190000001,1232345.82415,4227034.53
Southeast Fairbanks,02,240,2012,8738.51267,905690.57927,4227034.53
Southeast Fairbanks,02,240,2013,59297.81577,5952272.90472,4227034.53
Southeast Fairbanks,02,240,2014,26182.43237,4995652.93122,4227034.53
Southeast Fairbanks,02,240,2015,33546.8721,2272661.70348,4227034.53
Southeast Fairbanks,02,240,2016,5287.47714,518020.26598,4227034.53
Southeast Fairbanks,02,240,2017,5029.33943,471471.04667,4227034.53
Southeast Fairbanks,02,240,2018,11069.04375,1074519.22607,4227034.53
Southeast Fairbanks,02,240,2019,43214.47543,5432189.55004,4227034.53
Southeast Fairbanks,02,240,2020,27260.944620000002,4093595.2130899997,4227034.53
Yakutat,02,282,2010,83.50095,26901.22669,2275030.35
Yakutat,02,282,2011,141.62902,55549.66709,2275030.35
Yakutat,02,282,2012,41.13445,8877.88561,2275030.35
Yakutat,02,282,2013,322.20820000000003,56749.6293,2275030.35
Yakutat,02,282,2014,87.6993,22100.452,2275030.35
Yakutat,02,282,2016,0.07625,13.78406,2275030.35
Yakutat,02,282,2017,0.15833,0.0,2275030.35
Yakutat,02,282,2018,27.09443,7459.17171,2275030.35
Yakutat,02,282,2019,321.28146000000004,136713.8549,2275030.35
Yakutat,02,282,2020,818.04496,224800.50441000002,2275030.35
Wrangell,02,275,2010,483.70038999999997,193413.61567,622310.46
Wrangell,02,275,2011,472.6567,197029.70678,622310.46
Wrangell,02,275,2012,526.87454,216433.64765,622310.46
Wrangell,02,275,2013,971.52864,410027.90667,622310.46
Wrangell,02,275,2014,951.5146599999999,390833.95924999996,622310.46
Wrangell,02,275,2015,1032.04684,442743.04821,622310.46
Wrangell,02,275,2016,1075.40399,471319.2036,622310.46
Wrangell,02,275,2017,691.1885100000001,304344.94576,622310.46
Wrangell,02,275,2018,474.55358,187193.21276,622310.46
Wrangell,02,275,2019,339.74283,154870.85259,622310.46
Wrangell,02,275,2020,309.94299,136441.63207,622310.46
Hoonah-Angoon,02,105,2010,0.0,57253.20243,2937325.46
Hoonah-Angoon,02,105,2011,0.0,48406.20069,2937325.46
Hoonah-Angoon,02,105,2012,0.0,100495.97585,2937325.46
Hoonah-Angoon,02,105,2013,0.0,115671.16159,2937325.46
Hoonah-Angoon,02,105,2014,0.0,67324.61872,2937325.46
Hoonah-Angoon,02,105,2015,0.0,406397.45436,2937325.46
Hoonah-Angoon,02,105,2016,0.0,278451.16437,2937325.46
Hoonah-Angoon,02,105,2017,0.0,14568.542189999998,2937325.46
Hoonah-Angoon,02,105,2018,0.0,8538.84453,2937325.46
Hoonah-Angoon,02,105,2019,0.0,48354.96393,2937325.46
Hoonah-Angoon,02,105,2020,0.0,15070.5231,2937325.46
Ketchikan Gateway,02,130,2010,0.0,153751.91703,930674.96
Ketchikan Gateway,02,130,2011,0.0,116279.29659,930674.96
Ketchikan Gateway,02,130,2012,0.0,442639.17004,930674.96
Ketchikan Gateway,02,130,2013,0.0,183304.95485,930674.96
Ketchikan Gateway,02,130,2014,0.0,159097.39022,930674.96
Ketchikan Gateway,02,130,2015,0.0,142793.15696,930674.96
Ketchikan Gateway,02,130,2016,0.0,153188.54611999998,930674.96
Ketchikan Gateway,02,130,2017,0.0,34159.97091,930674.96
Ketchikan Gateway,02,130,2018,0.0,21043.28056,930674.96
Ketchikan Gateway,02,130,2019,0.0,23213.97519,930674.96
Ketchikan Gateway,02,130,2020,0.0,52094.20168,930674.96
Apache,04,001,2010,3261.65797,1080068.44228,1118245.03
Apache,04,001,2011,46960.98702,9433812.23783,1118245.03
Apache,04,001,2012,1309.75537,377795.42533,1118245.03
Apache,04,001,2013,1261.0169500000002,411674.49091,1118245.03
Apache,04,001,2014,1461.16805,417994.5277,1118245.03
Apache,04,001,2015,893.82661,260877.48129,1118245.03
Apache,04,001,2016,1067.9427500000002,347632.61959,1118245.03
Apache,04,001,2017,950.47488,280917.53792000003,1118245.03
Apache,04,001,2018,330.45256,112500.06171000001,1118245.03
Apache,04,001,2019,1222.17483,408660.56195999996,1118245.03
Apache,04,001,2020,2970.02857,681841.20213,1118245.03
Cochise,04,003,2010,34.68922,3239.43836,534346.37
Cochise,04,003,2011,607.02851,67170.62267,534346.37
Cochise,04,003,2012,1.5738,64.05708,534346.37
Cochise,04,003,2013,0.98363,38.90464,534346.37
Cochise,04,003,2014,1.44266,164.71818,534346.37
Cochise,04,003,2015,5.83618,187.13102,534346.37
Cochise,04,003,2016,2.3607,194.24475,534346.37
Cochise,04,003,2017,124.52708,7792.11535,534346.37
Cochise,04,003,2018,30.689140000000002,2588.38066,534346.37
Cochise,04,003,2019,8.59034,1756.6586499999999,534346.37
Cochise,04,003,2020,16.19704,2034.61543,534346.37
Yukon-Koyukuk,02,290,2010,504839.59573999996,47441031.14301,22387158.43
Yukon-Koyukuk,02,290,2011,69793.90303,8479189.86821,22387158.43
Yukon-Koyukuk,02,290,2012,53797.94526,4346799.27128,22387158.43
Yukon-Koyukuk,02,290,2013,204413.52571,17163352.12081,22387158.43
Yukon-Koyukuk,02,290,2014,46827.624429999996,6086409.13369,22387158.43
Yukon-Koyukuk,02,290,2015,811094.87034,63897550.128690004,22387158.43
Yukon-Koyukuk,02,290,2016,278775.34547,22202724.56625,22387158.43
Yukon-Koyukuk,02,290,2017,153023.24154,30060400.703619998,22387158.43
Yukon-Koyukuk,02,290,2018,101066.37195,11796248.733140001,22387158.43
Yukon-Koyukuk,02,290,2019,473016.40147,67705317.22936,22387158.43
Yukon-Koyukuk,02,290,2020,160093.51373,23574804.534649998,22387158.43
Coconino,04,005,2010,4056.22449,848175.4456399999,2361506.47
Coconino,04,005,2011,1122.90579,290633.53294,2361506.47
Coconino,04,005,2012,2106.02885,380682.97586,2361506.47
Coconino,04,005,2013,2013.92967,370998.46516,2361506.47
Coconino,04,005,2014,2844.613,618666.41356,2361506.47
Coconino,04,005,2015,2665.2563800000003,723575.9300500001,2361506.47
Coconino,04,005,2016,2689.2040899999997,618386.81179,2361506.47
Coconino,04,005,2017,7211.83971,1202138.2710799999,2361506.47
Coconino,04,005,2018,3602.92612,763267.89231,2361506.47
Coconino,04,005,2019,8553.350900000001,1537712.10471,2361506.47
Coconino,04,005,2020,9603.87627,1525494.03431,2361506.47
Gila,04,007,2010,676.4964,147614.06149,881476.92
Gila,04,007,2011,1185.91718,190842.76531,881476.92
Gila,04,007,2012,2563.961,366544.71566,881476.92
Gila,04,007,2013,699.97988,164909.44751,881476.92
Gila,04,007,2014,1334.22794,258483.41548999998,881476.92
Gila,04,007,2015,966.47949,259722.87356,881476.92
Gila,04,007,2016,9060.4057,1176495.67817,881476.92
Gila,04,007,2017,2552.40124,486397.93784,881476.92
Gila,04,007,2018,1152.12154,266171.00558,881476.92
Gila,04,007,2019,10947.18917,760625.63379,881476.92
Gila,04,007,2020,9184.201089999999,632354.75015,881476.92
Graham,37,075,2010,44.47558,17302.20605,37793.44
Graham,37,075,2011,38.75908,16586.13714,37793.44
Graham,37,075,2012,27.76583,11797.094799999999,37793.44
Graham,37,075,2013,56.91366,24660.78102,37793.44
Graham,37,075,2014,56.47394,25193.667699999998,37793.44
Graham,37,075,2015,46.86269,19792.44335,37793.44
Graham,37,075,2016,202.08748,87513.34876000001,37793.44
Graham,37,075,2017,248.44761999999997,109428.15492,37793.44
Graham,37,075,2018,232.49169,84153.78297,37793.44
Graham,37,075,2019,79.654,34799.77609,37793.44
Graham,37,075,2020,47.36523,21576.70336,37793.44
Greenlee,04,011,2010,660.09095,204834.66859000002,206785.92
Greenlee,04,011,2011,17416.88018,3734204.8545299997,206785.92
Greenlee,04,011,2012,22.89223,7736.447459999999,206785.92
Greenlee,04,011,2013,36.74298,12761.50533,206785.92
Greenlee,04,011,2014,47.16954,11823.836360000001,206785.92
Greenlee,04,011,2015,0.71156,246.00518,206785.92
Greenlee,04,011,2017,3.29904,508.44266,206785.92
Greenlee,04,011,2018,24.71046,6526.73046,206785.92
Greenlee,04,011,2019,23.494799999999998,8515.06397,206785.92
Greenlee,04,011,2020,3382.72818,453023.03998,206785.92
Pima,04,019,2010,8.131310000000001,1240.73377,1083345.75
Pima,04,019,2011,12.19697,1018.81625,1083345.75
Pima,04,019,2012,21.5742,3029.46324,1083345.75
Pima,04,019,2013,2.09841,105.89402,1083345.75
Pima,04,019,2014,0.59018,5.47761,1083345.75
Pima,04,019,2017,67.01773,7479.77592,1083345.75
Pima,04,019,2018,11.01661,386.3241,1083345.75
Pima,04,019,2019,1.44265,168.71445,1083345.75
Pima,04,019,2020,2309.47298,250921.49221,1083345.75
Navajo,04,017,2010,180.19727999999998,21699.531890000002,1053890.56
Navajo,04,017,2011,149.72901,33319.09526,1053890.56
Navajo,04,017,2012,115.19767999999999,19507.48286,1053890.56
Navajo,04,017,2013,113.44585,8500.852579999999,1053890.56
Navajo,04,017,2014,129.29015,20909.28401,1053890.56
Navajo,04,017,2015,401.38453,89547.17899,1053890.56
Navajo,04,017,2016,6754.94545,834867.91281,1053890.56
Navajo,04,017,2017,1131.81584,270303.67779,1053890.56
Navajo,04,017,2018,210.89403000000001,50147.316940000004,1053890.56
Navajo,04,017,2019,518.50895,167180.36603,1053890.56
Navajo,04,017,2020,1406.44787,177611.39378,1053890.56
Santa Cruz,06,087,2010,241.72835,178182.15939,111482.19
Santa Cruz,06,087,2011,70.49637,41009.89704,111482.19
Santa Cruz,06,087,2012,196.33858,78579.17318,111482.19
Santa Cruz,06,087,2013,176.36461,53758.35103,111482.19
Santa Cruz,06,087,2014,482.3436,184973.7864,111482.19
Santa Cruz,06,087,2015,155.27754,79858.71974,111482.19
Santa Cruz,06,087,2016,1103.33006,238717.27313,111482.19
Santa Cruz,06,087,2017,544.18252,239349.36891,111482.19
Santa Cruz,06,087,2018,85.21404,38538.09235,111482.19
Santa Cruz,06,087,2019,74.33039,42271.4674,111482.19
Santa Cruz,06,087,2020,6825.65662,3918676.11052,111482.19
Mohave,04,015,2010,223.07972,16376.21288,2053454.61
Mohave,04,015,2011,98.39026,10159.388719999999,2053454.61
Mohave,04,015,2012,86.87468,3096.70269,2053454.61
Mohave,04,015,2013,822.16508,29269.68507,2053454.61
Mohave,04,015,2014,87.18834,14275.21761,2053454.61
Mohave,04,015,2015,286.76537,23729.19093,2053454.61
Mohave,04,015,2016,170.08266,11939.59395,2053454.61
Mohave,04,015,2017,34.11038,1697.23835,2053454.61
Mohave,04,015,2018,15.7955,849.15208,2053454.61
Mohave,04,015,2019,1763.58562,49910.27149,2053454.61
Mohave,04,015,2020,685.48098,36935.03447,2053454.61
La Paz,04,012,2010,19.582720000000002,61.892619999999994,612067.54
La Paz,04,012,2011,4.244540000000001,54.629039999999996,612067.54
La Paz,04,012,2012,5.11248,103.08649,612067.54
La Paz,04,012,2013,2.11171,0.0,612067.54
La Paz,04,012,2014,0.44638,24.8099,612067.54
La Paz,04,012,2016,5.56309,0.0,612067.54
La Paz,04,012,2017,0.58218,0.0,612067.54
La Paz,04,012,2018,34.01805,225.82246,612067.54
La Paz,04,012,2019,2.16995,0.0,612067.54
Pinal,04,021,2010,110.03271,13813.82626,577478.09
Pinal,04,021,2011,87.58629,9861.21644,577478.09
Pinal,04,021,2012,74.90763,5398.19951,577478.09
Pinal,04,021,2013,14.16647,615.13115,577478.09
Pinal,04,021,2014,15.91302,1342.20423,577478.09
Pinal,04,021,2016,0.25874,0.0,577478.09
Pinal,04,021,2017,597.70856,69839.49205,577478.09
Pinal,04,021,2018,21.60549,590.70189,577478.09
Pinal,04,021,2019,3730.2447899999997,172296.37526,577478.09
Pinal,04,021,2020,355.13203,12811.59391,577478.09
Maricopa,04,013,2010,41.09888,3991.8959999999997,1203911.33
Maricopa,04,013,2011,62.1137,6952.368739999999,1203911.33
Maricopa,04,013,2012,1405.9397099999999,142721.08995,1203911.33
Maricopa,04,013,2013,77.33551,6531.190600000001,1203911.33
Maricopa,04,013,2014,53.9889,5022.2977,1203911.33
Maricopa,04,013,2016,21.595370000000003,967.71344,1203911.33
Maricopa,04,013,2017,4.4147,437.7721,1203911.33
Maricopa,04,013,2018,119.00402000000001,13147.09823,1203911.33
Maricopa,04,013,2019,9367.32068,407727.64046,1203911.33
Maricopa,04,013,2020,6450.93268,331788.06406999996,1203911.33
Yavapai,04,025,2010,2736.43131,463788.36222999997,1032637.31
Yavapai,04,025,2011,346.4596,71025.62369,1032637.31
Yavapai,04,025,2012,3168.29341,469836.67047,1032637.31
Yavapai,04,025,2013,1201.06374,213370.44611999998,1032637.31
Yavapai,04,025,2014,1793.36242,395087.59106,1032637.31
Yavapai,04,025,2015,1640.0848700000001,490122.73591,1032637.31
Yavapai,04,025,2016,1341.12278,361275.82539,1032637.31
Yavapai,04,025,2017,5003.12355,736185.93284,1032637.31
Yavapai,04,025,2018,1194.9744799999999,300523.43238,1032637.31
Yavapai,04,025,2019,6014.9518,975617.2532400001,1032637.31
Yavapai,04,025,2020,3387.43876,709285.97967,1032637.31
Kusilvak,02,158,2010,39.58796,4075.67121,2784957.9
Kusilvak,02,158,2011,17.04466,935.8034,2784957.9
Kusilvak,02,158,2012,211.36666,15655.93501,2784957.9
Kusilvak,02,158,2013,217.09508,12118.8719,2784957.9
Kusilvak,02,158,2014,6.73759,789.7359,2784957.9
Kusilvak,02,158,2015,13962.0964,961201.22763,2784957.9
Kusilvak,02,158,2016,10537.347099999999,445755.1655,2784957.9
Kusilvak,02,158,2017,206.26058,9858.79327,2784957.9
Kusilvak,02,158,2018,79.33820999999999,684.43841,2784957.9
Kusilvak,02,158,2019,116.78504000000001,4322.29509,2784957.9
Kusilvak,02,158,2020,61.525290000000005,2083.00634,2784957.9
Arkansas,05,001,2010,221.91307999999998,78161.51696,143393.1
Arkansas,05,001,2011,126.32466,46294.8342,143393.1
Arkansas,05,001,2012,246.14497,88202.35685,143393.1
Arkansas,05,001,2013,459.70443,119696.63609,143393.1
Arkansas,05,001,2014,212.98555,65894.86472,143393.1
Arkansas,05,001,2015,418.76529,156252.84014,143393.1
Arkansas,05,001,2016,544.96242,219171.37439,143393.1
Arkansas,05,001,2017,1292.00603,543640.60377,143393.1
Arkansas,05,001,2018,1007.09004,421898.40674999997,143393.1
Arkansas,05,001,2019,639.27548,271515.68418,143393.1
Arkansas,05,001,2020,542.28415,224947.71968,143393.1
Ashley,05,003,2010,4713.55301,2058130.61761,91562.79
Ashley,05,003,2011,3988.86372,1696382.74884,91562.79
Ashley,05,003,2012,3716.66051,1589053.74254,91562.79
Ashley,05,003,2013,4665.5552,1539629.11841,91562.79
Ashley,05,003,2014,5791.30434,2026980.46995,91562.79
Ashley,05,003,2015,5136.67116,2061556.63344,91562.79
Ashley,05,003,2016,6790.78432,2817977.12026,91562.79
Ashley,05,003,2017,7168.03934,2965104.02455,91562.79
Ashley,05,003,2018,5094.55987,2211033.39844,91562.79
Ashley,05,003,2019,3552.29066,1523614.84915,91562.79
Ashley,05,003,2020,2505.78318,1116790.43783,91562.79
Yuma,08,125,2010,3.91308,314.53341,204825.51
Yuma,08,125,2011,0.23703000000000002,6.61764,204825.51
Yuma,08,125,2012,2.78774,369.12113,204825.51
Benton,53,005,2010,463.05064000000004,102448.63244,234412.25
Benton,53,005,2011,437.04043,79931.01386,234412.25
Benton,53,005,2012,183.05337,30852.67567,234412.25
Benton,53,005,2013,252.35802999999999,22405.67981,234412.25
Benton,53,005,2014,188.1535,19842.70522,234412.25
Benton,53,005,2015,383.54442,40944.320250000004,234412.25
Benton,53,005,2016,607.8474100000001,57031.37214000001,234412.25
Benton,53,005,2017,553.94416,53726.49918,234412.25
Benton,53,005,2018,244.61955999999998,23748.71706,234412.25
Benton,53,005,2019,360.82528,42743.20914,234412.25
Benton,53,005,2020,276.89838,34276.65087,234412.25
Baxter,05,005,2010,457.06877,149765.44783,76570.81
Baxter,05,005,2011,341.23405,115366.59037,76570.81
Baxter,05,005,2012,523.37252,167605.01625,76570.81
Baxter,05,005,2013,245.90341,69073.94936,76570.81
Baxter,05,005,2014,281.33531999999997,80976.25239,76570.81
Baxter,05,005,2015,285.0801,94036.66393,76570.81
Baxter,05,005,2016,639.76157,194758.53118,76570.81
Baxter,05,005,2017,564.59385,176765.31745,76570.81
Baxter,05,005,2018,366.44132,115294.17315,76570.81
Baxter,05,005,2019,343.92156,113173.39284,76570.81
Baxter,05,005,2020,423.64159,136281.8586,76570.81
Boone,54,005,2010,572.52687,263792.60315,78898.61
Boone,54,005,2011,600.50842,275160.50831,78898.61
Boone,54,005,2012,1040.00127,459627.05285,78898.61
Boone,54,005,2013,535.78588,207040.11159,78898.61
Boone,54,005,2014,1003.01695,368420.88043,78898.61
Boone,54,005,2015,706.83832,312767.31844,78898.61
Boone,54,005,2016,867.61058,377462.41343,78898.61
Boone,54,005,2017,525.5057,225797.43964,78898.61
Boone,54,005,2018,560.96927,254280.10261,78898.61
Boone,54,005,2019,475.99052,208481.6208,78898.61
Boone,54,005,2020,449.16473,202634.96239,78898.61
Lake and Peninsula,02,164,2010,232.33546,32891.45794,7324592.26
Lake and Peninsula,02,164,2011,243.89971,30696.50153,7324592.26
Lake and Peninsula,02,164,2012,731.71995,110970.4772,7324592.26
Lake and Peninsula,02,164,2013,3595.22761,596132.1969,7324592.26
Lake and Peninsula,02,164,2014,600.47862,173484.11157,7324592.26
Lake and Peninsula,02,164,2015,2956.11271,509407.788,7324592.26
Lake and Peninsula,02,164,2016,1696.50688,59086.02121,7324592.26
Lake and Peninsula,02,164,2017,374.54051999999996,93680.14203,7324592.26
Lake and Peninsula,02,164,2018,17.90427,1183.25879,7324592.26
Lake and Peninsula,02,164,2019,666.19953,30763.63551,7324592.26
Lake and Peninsula,02,164,2020,4977.40003,103791.12199,7324592.26
Matanuska-Susitna,02,170,2010,2348.52468,135351.0665,2983405.21
Matanuska-Susitna,02,170,2011,458.26247,83537.61835,2983405.21
Matanuska-Susitna,02,170,2012,927.0595599999999,170720.11176,2983405.21
Matanuska-Susitna,02,170,2013,5063.2127900000005,412492.34131,2983405.21
Matanuska-Susitna,02,170,2014,733.22884,94575.60878000001,2983405.21
Matanuska-Susitna,02,170,2015,2514.47218,387347.05912,2983405.21
Matanuska-Susitna,02,170,2016,1704.59601,282244.66314,2983405.21
Matanuska-Susitna,02,170,2017,596.97633,71333.64428000001,2983405.21
Matanuska-Susitna,02,170,2018,5926.44097,523140.25206,2983405.21
Matanuska-Susitna,02,170,2019,7816.63481,558459.69262,2983405.21
Matanuska-Susitna,02,170,2020,2798.12954,702861.8846,2983405.21
Bradley,47,011,2010,597.70746,233973.68125,40577.48
Bradley,47,011,2011,923.66451,349762.11923999997,40577.48
Bradley,47,011,2012,452.47932,178112.68422999998,40577.48
Bradley,47,011,2013,343.60628,121197.67534,40577.48
Bradley,47,011,2014,405.18071000000003,108113.79378,40577.48
Bradley,47,011,2015,371.61866,117867.35897,40577.48
Bradley,47,011,2016,717.0569399999999,206916.20299,40577.48
Bradley,47,011,2017,816.1412300000001,262742.12466,40577.48
Bradley,47,011,2018,398.64867,123792.722,40577.48
Bradley,47,011,2019,362.6625,102439.62136,40577.48
Bradley,47,011,2020,373.19464,115086.72127000001,40577.48
Clark,55,019,2010,437.85071999999997,108535.05428,107505.43
Clark,55,019,2011,290.99428,75887.87097999999,107505.43
Clark,55,019,2012,565.16715,147863.31518,107505.43
Clark,55,019,2013,346.02723000000003,89566.88617,107505.43
Clark,55,019,2014,482.95114,127892.02376,107505.43
Clark,55,019,2015,527.28568,137010.87656,107505.43
Clark,55,019,2016,548.59348,143458.75222999998,107505.43
Clark,55,019,2017,555.8493100000001,151942.78868,107505.43
Clark,55,019,2018,1178.83936,330300.18965,107505.43
Clark,55,019,2019,1063.38465,226253.25628,107505.43
Clark,55,019,2020,778.3173400000001,229549.93799,107505.43
Chicot,05,017,2010,418.59006,148531.93605000002,79269.71
Chicot,05,017,2011,334.10874,121483.06284,79269.71
Chicot,05,017,2012,398.47237,145468.59000999999,79269.71
Chicot,05,017,2013,378.67813,111528.67902,79269.71
Chicot,05,017,2014,316.38448,86717.67037,79269.71
Chicot,05,017,2015,427.3875,141836.09622,79269.71
Chicot,05,017,2016,256.61361999999997,84937.51269,79269.71
Chicot,05,017,2017,358.88388,103801.03629999999,79269.71
Chicot,05,017,2018,686.07111,249770.00039,79269.71
Chicot,05,017,2019,763.04872,285985.8618,79269.71
Chicot,05,017,2020,575.32683,197286.70369,79269.71
Carroll,51,035,2010,438.00509,168812.66458,71711.94
Carroll,51,035,2011,262.6299,104719.66086,71711.94
Carroll,51,035,2012,537.38024,210237.78714,71711.94
Carroll,51,035,2013,499.96769,174212.58821,71711.94
Carroll,51,035,2014,919.7303,306113.64761,71711.94
Carroll,51,035,2015,906.43493,338417.69998,71711.94
Carroll,51,035,2016,976.06556,342086.42161,71711.94
Carroll,51,035,2017,1061.7743,372865.59819,71711.94
Carroll,51,035,2018,827.5903,310116.67067,71711.94
Carroll,51,035,2019,616.2867,227980.29718,71711.94
Carroll,51,035,2020,859.56103,335518.96033,71711.94
Cleveland,40,027,2010,234.05651,47100.300480000005,79258.72
Cleveland,40,027,2011,152.22963,32663.60149,79258.72
Cleveland,40,027,2012,489.28193,91683.7569,79258.72
Cleveland,40,027,2013,207.78642000000002,32966.83374,79258.72
Cleveland,40,027,2014,158.81721,20038.12526,79258.72
Cleveland,40,027,2015,110.55495,10499.11158,79258.72
Cleveland,40,027,2016,364.44676,52058.6139,79258.72
Cleveland,40,027,2017,241.7661,32904.93137,79258.72
Cleveland,40,027,2018,101.13971000000001,12289.25338,79258.72
Cleveland,40,027,2019,137.05173,18217.523650000003,79258.72
Cleveland,40,027,2020,233.11517999999998,30883.133889999997,79258.72
Columbia,55,021,2010,43.56345,13793.66898,83664.62
Columbia,55,021,2011,21.24495,6447.7312,83664.62
Columbia,55,021,2012,112.83555,34953.36515,83664.62
Columbia,55,021,2013,166.45645,40174.5914,83664.62
Columbia,55,021,2014,102.89111,29093.00157,83664.62
Columbia,55,021,2015,56.89805,13533.90303,83664.62
Columbia,55,021,2016,65.48643,18157.62633,83664.62
Columbia,55,021,2017,99.55746,27733.64247,83664.62
Columbia,55,021,2018,85.65783,26640.6259,83664.62
Columbia,55,021,2019,67.125,19355.98,83664.62
Columbia,55,021,2020,68.93309,21412.90846,83664.62
Craighead,05,031,2010,60.49433,21694.94859,73318.81
Craighead,05,031,2011,82.79493,25583.94989,73318.81
Craighead,05,031,2012,145.04818,36132.95838,73318.81
Craighead,05,031,2013,129.40634,20987.16607,73318.81
Craighead,05,031,2014,165.65268,38639.92387,73318.81
Craighead,05,031,2015,81.28729,23215.0424,73318.81
Craighead,05,031,2016,116.27725,28411.11785,73318.81
Craighead,05,031,2017,136.12794,36808.95258,73318.81
Craighead,05,031,2018,72.17859,21810.68181,73318.81
Craighead,05,031,2019,42.71666,10371.5485,73318.81
Craighead,05,031,2020,94.98174,23794.04638,73318.81
Conway,05,029,2010,1496.0881100000001,551134.35905,72871.2
Conway,05,029,2011,1270.50647,457656.06243,72871.2
Conway,05,029,2012,1877.20864,657935.9755299999,72871.2
Conway,05,029,2013,1169.49413,398484.53408,72871.2
Conway,05,029,2014,1437.54116,471793.09651,72871.2
Conway,05,029,2015,1135.44644,365203.50071,72871.2
Conway,05,029,2016,1656.08711,555813.30406,72871.2
Conway,05,029,2017,1749.43557,581702.55966,72871.2
Conway,05,029,2018,1647.04124,614967.89828,72871.2
Conway,05,029,2019,1309.7681,471518.67477,72871.2
Conway,05,029,2020,1033.42902,345149.4933,72871.2
Crawford,55,023,2010,44.12848,12874.20896,71032.51
Crawford,55,023,2011,26.7257,8639.22633,71032.51
Crawford,55,023,2012,58.64963,14511.62709,71032.51
Crawford,55,023,2013,96.33681,13906.91136,71032.51
Crawford,55,023,2014,34.41004,8400.8348,71032.51
Crawford,55,023,2015,3.44665,715.5371,71032.51
Crawford,55,023,2016,23.67456,5415.49978,71032.51
Crawford,55,023,2017,29.88984,8983.65002,71032.51
Crawford,55,023,2018,19.49337,5502.14735,71032.51
Crawford,55,023,2019,85.03631,16485.46532,71032.51
Crawford,55,023,2020,30.17235,9895.04903,71032.51
Crittenden,21,055,2010,279.93221,100855.10084,75958.91
Crittenden,21,055,2011,289.90394,105998.66679999999,75958.91
Crittenden,21,055,2012,646.8639599999999,225725.44770000002,75958.91
Crittenden,21,055,2013,254.49876,61087.41906,75958.91
Crittenden,21,055,2014,127.36421,38573.7259,75958.91
Crittenden,21,055,2015,113.19073,36106.609000000004,75958.91
Crittenden,21,055,2016,143.35399,44620.6141,75958.91
Crittenden,21,055,2017,294.78693000000004,85556.32386,75958.91
Crittenden,21,055,2018,143.2932,39101.96395,75958.91
Crittenden,21,055,2019,104.77435,20841.628660000002,75958.91
Crittenden,21,055,2020,185.92441,54138.95582,75958.91
Desha,05,041,2010,0.0,191836.0822,139680.22
Desha,05,041,2011,0.0,156926.73261,139680.22
Desha,05,041,2012,0.0,206141.95434,139680.22
Desha,05,041,2013,0.0,167891.65522000002,139680.22
Desha,05,041,2014,0.0,276205.63096,139680.22
Desha,05,041,2015,0.0,226173.21065999998,139680.22
Desha,05,041,2016,0.0,460777.33626999997,139680.22
Desha,05,041,2017,0.0,789408.52888,139680.22
Desha,05,041,2018,0.0,315323.19062,139680.22
Desha,05,041,2019,0.0,264150.04958999995,139680.22
Desha,05,041,2020,0.0,245090.1007,139680.22
Cross,05,037,2010,19.47377,0.0,54957.87
Cross,05,037,2011,14.25983,0.0,54957.87
Cross,05,037,2012,56.47393,0.0,54957.87
Cross,05,037,2013,54.21246,0.0,54957.87
Cross,05,037,2014,60.61996,0.0,54957.87
Cross,05,037,2015,72.80677,0.0,54957.87
Cross,05,037,2016,140.71369,0.0,54957.87
Cross,05,037,2017,92.34336,0.0,54957.87
Cross,05,037,2018,93.22282,0.0,54957.87
Cross,05,037,2019,60.68278,0.0,54957.87
Cross,05,037,2020,35.49252,0.0,54957.87
Drew,05,043,2010,4690.9621099999995,0.0,77165.16
Drew,05,043,2011,3763.21925,0.0,77165.16
Drew,05,043,2012,3690.74101,0.0,77165.16
Drew,05,043,2013,4915.97853,0.0,77165.16
Drew,05,043,2014,5964.34721,0.0,77165.16
Drew,05,043,2015,6239.04875,0.0,77165.16
Drew,05,043,2016,6426.09371,0.0,77165.16
Drew,05,043,2017,7090.3524099999995,0.0,77165.16
Drew,05,043,2018,5157.89636,0.0,77165.16
Drew,05,043,2019,3974.5077300000003,0.0,77165.16
Drew,05,043,2020,2500.82264,0.0,77165.16
Fulton,42,057,2010,350.29938,0.0,71292.51
Fulton,42,057,2011,345.34529,0.0,71292.51
Fulton,42,057,2012,219.76685,0.0,71292.51
Fulton,42,057,2013,162.12337,0.0,71292.51
Fulton,42,057,2014,244.51059999999998,0.0,71292.51
Fulton,42,057,2015,368.36688,0.0,71292.51
Fulton,42,057,2016,249.15609999999998,0.0,71292.51
Fulton,42,057,2017,465.37073000000004,0.0,71292.51
Fulton,42,057,2018,281.57751,0.0,71292.51
Fulton,42,057,2019,399.15680999999995,0.0,71292.51
Fulton,42,057,2020,291.23799,0.0,71292.51
Faulkner,05,045,2010,699.03867,0.0,85245.2
Faulkner,05,045,2011,733.99803,0.0,85245.2
Faulkner,05,045,2012,897.70174,0.0,85245.2
Faulkner,05,045,2013,588.88526,0.0,85245.2
Faulkner,05,045,2014,942.8553300000001,0.0,85245.2
Faulkner,05,045,2015,853.8589199999999,0.0,85245.2
Faulkner,05,045,2016,1257.42217,0.0,85245.2
Faulkner,05,045,2017,1082.2205099999999,0.0,85245.2
Faulkner,05,045,2018,738.6677599999999,0.0,85245.2
Faulkner,05,045,2019,956.54066,0.0,85245.2
Faulkner,05,045,2020,758.6535700000001,0.0,85245.2
Howard,48,227,2010,0.0,1456.61965,78365.9
Howard,48,227,2011,0.0,336.11136999999997,78365.9
Howard,48,227,2012,0.0,2555.32438,78365.9
Howard,48,227,2014,0.0,13.7547,78365.9
Howard,48,227,2017,0.0,17.85045,78365.9
Howard,48,227,2018,0.0,17.3101,78365.9
Independence,05,063,2010,0.0,221503.46916,92567.7
Independence,05,063,2011,0.0,190922.03247,92567.7
Independence,05,063,2012,0.0,256545.18405,92567.7
Independence,05,063,2013,0.0,257769.79075000001,92567.7
Independence,05,063,2014,0.0,179849.00639,92567.7
Independence,05,063,2015,0.0,199972.10232,92567.7
Independence,05,063,2016,0.0,245385.57431,92567.7
Independence,05,063,2017,0.0,304646.41117,92567.7
Independence,05,063,2018,0.0,232928.74065,92567.7
Independence,05,063,2019,0.0,167251.55051,92567.7
Independence,05,063,2020,0.0,144673.01477,92567.7
Izard,05,065,2010,0.0,180216.61272,70050.73
Izard,05,065,2011,0.0,145606.36011,70050.73
Izard,05,065,2012,0.0,188065.76703,70050.73
Izard,05,065,2013,0.0,141806.48199,70050.73
Izard,05,065,2014,0.0,105587.44649,70050.73
Izard,05,065,2015,0.0,146892.83316,70050.73
Izard,05,065,2016,0.0,243064.48132,70050.73
Izard,05,065,2017,0.0,210930.69061,70050.73
Izard,05,065,2018,0.0,268613.07513,70050.73
Izard,05,065,2019,0.0,178781.53917,70050.73
Izard,05,065,2020,0.0,189067.83577,70050.73
Johnson,56,019,2010,1141.73741,339852.02950999996,427345.36
Johnson,56,019,2011,218.12187,71951.69251,427345.36
Johnson,56,019,2012,79.99116000000001,10503.16101,427345.36
Johnson,56,019,2013,857.61491,167426.935,427345.36
Johnson,56,019,2014,481.48064999999997,174280.02679,427345.36
Johnson,56,019,2015,118.81159,40831.46047,427345.36
Johnson,56,019,2016,327.32351,59961.26321999999,427345.36
Johnson,56,019,2017,527.2327499999999,155590.96503,427345.36
Johnson,56,019,2018,527.39764,164806.80205,427345.36
Johnson,56,019,2019,881.72593,333361.49079,427345.36
Johnson,56,019,2020,125.97848,46934.46557,427345.36
Lafayette,55,065,2010,6.8368,2090.16878,54511.57
Lafayette,55,065,2011,4.18119,1230.35956,54511.57
Lafayette,55,065,2012,25.030620000000003,7248.303169999999,54511.57
Lafayette,55,065,2013,31.3589,5213.637110000001,54511.57
Lafayette,55,065,2014,5.14173,1201.1062499999998,54511.57
Lafayette,55,065,2015,3.33365,945.20533,54511.57
Lafayette,55,065,2016,15.53819,4908.84253,54511.57
Lafayette,55,065,2017,19.43687,6190.415910000001,54511.57
Lafayette,55,065,2018,17.74179,4938.49104,54511.57
Lafayette,55,065,2019,11.35701,3536.05983,54511.57
Lafayette,55,065,2020,15.82071,1597.83099,54511.57
Lincoln,56,023,2010,638.73877,187502.54200000002,522109.83
Lincoln,56,023,2011,1254.88548,454787.62023,522109.83
Lincoln,56,023,2012,11278.48163,1924498.18327,522109.83
Lincoln,56,023,2013,912.02269,168071.74478,522109.83
Lincoln,56,023,2014,822.44496,219727.87271,522109.83
Lincoln,56,023,2015,101.99323,33241.49245,522109.83
Lincoln,56,023,2016,4409.81941,711217.9196499999,522109.83
Lincoln,56,023,2017,2899.06901,562441.40059,522109.83
Lincoln,56,023,2018,6503.82175,969320.68105,522109.83
Lincoln,56,023,2019,6429.053220000001,990528.50589,522109.83
Lincoln,56,023,2020,125.43225000000001,18921.686840000002,522109.83
Little River,05,081,2010,0.0,1229994.13173,91755.83
Little River,05,081,2011,0.0,1834304.68633,91755.83
Little River,05,081,2012,0.0,1584581.65508,91755.83
Little River,05,081,2013,0.0,1076907.78083,91755.83
Little River,05,081,2014,0.0,883648.15085,91755.83
Little River,05,081,2015,0.0,919927.00589,91755.83
Little River,05,081,2016,0.0,1201558.21476,91755.83
Little River,05,081,2017,0.0,1086534.75594,91755.83
Little River,05,081,2018,0.0,1606473.7806000002,91755.83
Little River,05,081,2019,0.0,761222.51557,91755.83
Little River,05,081,2020,0.0,874876.4386,91755.83
Logan,54,045,2010,363.69934,0.0,72948.35
Logan,54,045,2011,455.55182,0.0,72948.35
Logan,54,045,2012,657.68811,0.0,72948.35
Logan,54,045,2013,427.44861,0.0,72948.35
Logan,54,045,2014,852.82902,0.0,72948.35
Logan,54,045,2015,538.46237,0.0,72948.35
Logan,54,045,2016,906.66309,0.0,72948.35
Logan,54,045,2017,590.83654,0.0,72948.35
Logan,54,045,2018,525.74902,0.0,72948.35
Logan,54,045,2019,564.80153,0.0,72948.35
Logan,54,045,2020,301.59246,0.0,72948.35
Saline,31,151,2010,0.35234,0.0,49256.18
Saline,31,151,2011,3.05359,0.0,49256.18
Saline,31,151,2012,2.64253,0.0,49256.18
Saline,31,151,2013,15.09179,0.0,49256.18
Saline,31,151,2014,17.91049,0.0,49256.18
Saline,31,151,2015,6.10718,0.0,49256.18
Saline,31,151,2016,2.87742,0.0,49256.18
Saline,31,151,2017,3.99316,0.0,49256.18
Saline,31,151,2018,3.87571,0.0,49256.18
Saline,31,151,2019,0.64595,0.0,49256.18
Saline,31,151,2020,1.87913,0.0,49256.18
Pulaski,51,155,2010,59.11801,0.0,49319.74
Pulaski,51,155,2011,44.27667,0.0,49319.74
Pulaski,51,155,2012,187.43377,0.0,49319.74
Pulaski,51,155,2013,119.53464,0.0,49319.74
Pulaski,51,155,2014,223.98058,0.0,49319.74
Pulaski,51,155,2015,240.8626,0.0,49319.74
Pulaski,51,155,2016,260.65106,0.0,49319.74
Pulaski,51,155,2017,280.254,0.0,49319.74
Pulaski,51,155,2018,118.91625,0.0,49319.74
Pulaski,51,155,2019,162.57453,0.0,49319.74
Pulaski,51,155,2020,285.0156,0.0,49319.74
Prairie,30,079,2010,1.2712,74.46625,264451.31
Prairie,30,079,2011,0.90043,27.5678,264451.31
Prairie,30,079,2012,0.3178,0.0,264451.31
Prairie,30,079,2013,1.16527,0.0,264451.31
Prairie,30,079,2014,0.52967,0.0,264451.31
Prairie,30,079,2015,0.10593,0.0,264451.31
Prairie,30,079,2017,0.05297,0.0,264451.31
Prairie,30,079,2018,2.22461,71.22637,264451.31
Prairie,30,079,2019,2.3305499999999997,258.63801,264451.31
Pope,27,121,2010,0.0,1448.74183,62150.34
Pope,27,121,2011,0.0,859.8616,62150.34
Pope,27,121,2012,0.0,911.7608,62150.34
Pope,27,121,2013,0.0,1133.16047,62150.34
Pope,27,121,2014,0.0,939.63352,62150.34
Pope,27,121,2016,0.0,719.74828,62150.34
Pope,27,121,2017,0.0,1512.87604,62150.34
Pope,27,121,2018,0.0,364.83156,62150.34
Pope,27,121,2019,0.0,2042.9678,62150.34
Scott,51,169,2010,497.74149,197945.15739,65774.79
Scott,51,169,2011,263.37198,107544.56685999999,65774.79
Scott,51,169,2012,373.32158000000004,146305.62538,65774.79
Scott,51,169,2013,430.08970999999997,170701.90273,65774.79
Scott,51,169,2014,694.7602999999999,264010.80122,65774.79
Scott,51,169,2015,750.47716,307183.32338,65774.79
Scott,51,169,2016,937.16887,375694.87007,65774.79
Scott,51,169,2017,961.22421,384999.24894,65774.79
Scott,51,169,2018,729.51378,316411.92154999997,65774.79
Scott,51,169,2019,811.75954,345666.78083,65774.79
Scott,51,169,2020,566.0735,249797.52923000001,65774.79
Sebastian,05,131,2010,521.43085,137616.94156,72400.9
Sebastian,05,131,2011,462.95983,125330.45691,72400.9
Sebastian,05,131,2012,520.50758,149191.00039,72400.9
Sebastian,05,131,2013,383.80758,104226.29980000001,72400.9
Sebastian,05,131,2014,565.12526,148525.0625,72400.9
Sebastian,05,131,2015,358.18661,90648.2585,72400.9
Sebastian,05,131,2016,414.45230999999995,100140.35096,72400.9
Sebastian,05,131,2017,712.30629,157022.52343,72400.9
Sebastian,05,131,2018,253.44957,67074.44719,72400.9
Sebastian,05,131,2019,311.46092000000004,101739.76374,72400.9
Sebastian,05,131,2020,335.69752,91981.55521,72400.9
Sevier,49,041,2010,220.94865,61300.47683,211065.17
Sevier,49,041,2011,3272.6867100000004,584116.00645,211065.17
Sevier,49,041,2012,94.15916,14466.70152,211065.17
Sevier,49,041,2013,165.47889,36441.79561,211065.17
Sevier,49,041,2014,273.68919,26079.48568,211065.17
Sevier,49,041,2015,341.8226,32254.368860000002,211065.17
Sevier,49,041,2016,659.4470399999999,103381.11858,211065.17
Sevier,49,041,2017,474.36334,73618.10057000001,211065.17
Sevier,49,041,2018,882.5742799999999,49464.22359,211065.17
Sevier,49,041,2019,460.45924,46628.01239,211065.17
Sevier,49,041,2020,495.16826000000003,134031.21631,211065.17
Sharp,05,135,2010,651.87893,190831.02794,90028.13
Sharp,05,135,2011,418.6669,118879.17817999999,90028.13
Sharp,05,135,2012,602.16332,163583.38715999998,90028.13
Sharp,05,135,2013,675.73651,155788.22324999998,90028.13
Sharp,05,135,2014,377.52989,93829.96588,90028.13
Sharp,05,135,2015,435.21384,118349.66907,90028.13
Sharp,05,135,2016,665.9059100000001,178781.9767,90028.13
Sharp,05,135,2017,741.6365999999999,202643.41879999998,90028.13
Sharp,05,135,2018,453.96624,121314.5436,90028.13
Sharp,05,135,2019,564.76378,171062.05797999998,90028.13
Sharp,05,135,2020,480.34477,130222.07484,90028.13
Woodruff,05,147,2010,0.0,13035.32856,77867.05
Woodruff,05,147,2011,0.0,11610.803899999999,77867.05
Woodruff,05,147,2012,0.0,25045.48311,77867.05
Woodruff,05,147,2013,0.0,79036.72651000001,77867.05
Woodruff,05,147,2014,0.0,29724.11798,77867.05
Woodruff,05,147,2015,0.0,51747.06707999999,77867.05
Woodruff,05,147,2016,0.0,78301.25004,77867.05
Woodruff,05,147,2017,0.0,121372.79375000001,77867.05
Woodruff,05,147,2018,0.0,58477.60717,77867.05
Woodruff,05,147,2019,0.0,20926.748819999997,77867.05
Woodruff,05,147,2020,0.0,14238.95547,77867.05
Alameda,06,001,2010,0.0,12703.235560000001,131464.32
Alameda,06,001,2011,0.0,11693.06817,131464.32
Alameda,06,001,2012,0.0,31059.24396,131464.32
Alameda,06,001,2013,0.0,13989.49855,131464.32
Alameda,06,001,2014,0.0,35666.255059999996,131464.32
Alameda,06,001,2015,0.0,6626.26273,131464.32
Alameda,06,001,2016,0.0,11175.27937,131464.32
Alameda,06,001,2017,0.0,17599.93173,131464.32
Alameda,06,001,2018,0.0,4305.51574,131464.32
Alameda,06,001,2019,0.0,10994.00309,131464.32
Alameda,06,001,2020,0.0,34110.61961,131464.32
Butte,46,019,2010,2.65094,0.0,203702.68
Butte,46,019,2011,0.1107,0.0,203702.68
Butte,46,019,2012,1.38377,0.0,203702.68
Butte,46,019,2013,1.93728,0.0,203702.68
Butte,46,019,2014,1.53803,0.0,203702.68
Butte,46,019,2016,7.85864,0.0,203702.68
Butte,46,019,2017,1.54864,0.0,203702.68
Butte,46,019,2018,6.36534,0.0,203702.68
Butte,46,019,2019,8.96683,0.0,203702.68
Butte,46,019,2020,18.21043,0.0,203702.68
Colusa,06,011,2010,426.18771000000004,106255.44597,153115.38
Colusa,06,011,2011,269.59602,90163.65802,153115.38
Colusa,06,011,2012,9691.106759999999,2066844.22227,153115.38
Colusa,06,011,2013,657.4579200000001,128754.68264,153115.38
Colusa,06,011,2014,375.96357,84847.88726,153115.38
Colusa,06,011,2015,7390.48235,350191.48244,153115.38
Colusa,06,011,2016,2965.55616,186828.27926,153115.38
Colusa,06,011,2017,566.09782,36230.22045,153115.38
Colusa,06,011,2018,38481.67708,5507983.28434,153115.38
Colusa,06,011,2019,9887.16028,2612611.68447,153115.38
Colusa,06,011,2020,445.97842,28107.72786,153115.38
Calaveras,06,009,2010,0.0,1098042.537,211428.19
Calaveras,06,009,2011,0.0,581407.0712,211428.19
Calaveras,06,009,2012,0.0,1143104.43587,211428.19
Calaveras,06,009,2013,0.0,2981343.00026,211428.19
Calaveras,06,009,2014,0.0,2317469.52225,211428.19
Calaveras,06,009,2015,0.0,2030170.25824,211428.19
Calaveras,06,009,2016,0.0,6851173.24298,211428.19
Calaveras,06,009,2017,0.0,3904404.54991,211428.19
Calaveras,06,009,2018,0.0,1778795.70454,211428.19
Calaveras,06,009,2019,0.0,1456441.60105,211428.19
Calaveras,06,009,2020,0.0,1754270.72414,211428.19
Contra Costa,06,013,2010,43.55389,0.0,111016.42
Contra Costa,06,013,2011,37.1668,0.0,111016.42
Contra Costa,06,013,2012,65.14835,0.0,111016.42
Contra Costa,06,013,2013,293.92795,0.0,111016.42
Contra Costa,06,013,2014,301.04499,0.0,111016.42
Contra Costa,06,013,2015,54.62485,0.0,111016.42
Contra Costa,06,013,2016,49.7585,0.0,111016.42
Contra Costa,06,013,2017,52.00919,0.0,111016.42
Contra Costa,06,013,2018,34.42947,0.0,111016.42
Contra Costa,06,013,2019,41.36403,0.0,111016.42
Contra Costa,06,013,2020,233.03766,0.0,111016.42
Amador,06,005,2010,720.82909,762917.91843,149365.23
Amador,06,005,2011,746.25581,746703.96293,149365.23
Amador,06,005,2012,990.48609,983551.82129,149365.23
Amador,06,005,2013,1351.26561,1381910.26295,149365.23
Amador,06,005,2014,1500.84525,955711.55395,149365.23
Amador,06,005,2015,5962.62526,1701668.19398,149365.23
Amador,06,005,2016,12335.11942,3837777.26992,149365.23
Amador,06,005,2017,2689.87869,2710035.57932,149365.23
Amador,06,005,2018,2128.11863,2190896.78507,149365.23
Amador,06,005,2019,2277.94159,2284670.02278,149365.23
Amador,06,005,2020,2839.82331,2841799.45941,149365.23
Del Norte,06,015,2010,232.75432,0.0,173715.05
Del Norte,06,015,2011,936.1460500000001,0.0,173715.05
Del Norte,06,015,2012,92.20275,0.0,173715.05
Del Norte,06,015,2013,213.91038,0.0,173715.05
Del Norte,06,015,2014,331.69939,0.0,173715.05
Del Norte,06,015,2015,2787.34677,0.0,173715.05
Del Norte,06,015,2016,4117.0256899999995,0.0,173715.05
Del Norte,06,015,2017,10307.69125,0.0,173715.05
Del Norte,06,015,2018,10375.34502,0.0,173715.05
Del Norte,06,015,2019,4534.877030000001,0.0,173715.05
Del Norte,06,015,2020,3846.23774,0.0,173715.05
Imperial,06,025,2010,0.0,244.0202,456768.99
Imperial,06,025,2011,0.0,35.03711,456768.99
Imperial,06,025,2012,0.0,37.38683,456768.99
Imperial,06,025,2017,0.0,19.08813,456768.99
Inyo,06,027,2010,0.0,1628681.2053999999,1720895.11
Inyo,06,027,2011,0.0,635666.37769,1720895.11
Inyo,06,027,2012,0.0,247400.18232999998,1720895.11
Inyo,06,027,2013,0.0,250290.74076000002,1720895.11
Inyo,06,027,2014,0.0,368890.16333,1720895.11
Inyo,06,027,2015,0.0,512381.76816000004,1720895.11
Inyo,06,027,2016,0.0,3760383.84561,1720895.11
Inyo,06,027,2017,0.0,3889163.1017,1720895.11
Inyo,06,027,2018,0.0,519526.69079,1720895.11
Inyo,06,027,2019,0.0,1156278.9016,1720895.11
Inyo,06,027,2020,0.0,5885694.57956,1720895.11
Kings,36,047,2010,0.0,756.10268,12994.09
Kings,36,047,2011,0.0,57.19964,12994.09
Kings,36,047,2012,0.0,72.72563,12994.09
Kings,36,047,2013,0.0,12.21104,12994.09
Kings,36,047,2014,0.0,6.29415,12994.09
Kings,36,047,2016,0.0,412.30116,12994.09
Kings,36,047,2017,0.0,28.74724,12994.09
Kings,36,047,2020,0.0,72.66074,12994.09
Lake,47,095,2010,21.409860000000002,8500.48246,38035.11
Lake,47,095,2011,65.3684,18703.80677,38035.11
Lake,47,095,2012,57.35677,16008.53397,38035.11
Lake,47,095,2013,173.57491000000002,16759.23428,38035.11
Lake,47,095,2014,29.14855,5214.62245,38035.11
Lake,47,095,2015,27.14729,8756.70772,38035.11
Lake,47,095,2016,25.770919999999997,10699.09507,38035.11
Lake,47,095,2017,233.10887,82352.63684,38035.11
Lake,47,095,2018,297.33230999999995,120449.33496,38035.11
Lake,47,095,2019,41.16403,17070.59013,38035.11
Lake,47,095,2020,34.78373,16691.1262,38035.11
Lassen,06,035,2010,2612.96074,0.0,610856.51
Lassen,06,035,2011,3338.70148,0.0,610856.51
Lassen,06,035,2012,11609.06975,0.0,610856.51
Lassen,06,035,2013,5979.32452,0.0,610856.51
Lassen,06,035,2014,9254.790710000001,0.0,610856.51
Lassen,06,035,2015,2879.81057,0.0,610856.51
Lassen,06,035,2016,4750.0075799999995,0.0,610856.51
Lassen,06,035,2017,5406.91976,0.0,610856.51
Lassen,06,035,2018,6214.38599,0.0,610856.51
Lassen,06,035,2019,9200.9147,0.0,610856.51
Lassen,06,035,2020,42634.39791,0.0,610856.51
Los Angeles,06,037,2010,636.80653,0.0,914535.54
Los Angeles,06,037,2011,117.96995,0.0,914535.54
Los Angeles,06,037,2012,649.45803,0.0,914535.54
Los Angeles,06,037,2013,8129.23679,0.0,914535.54
Los Angeles,06,037,2014,709.6505099999999,0.0,914535.54
Los Angeles,06,037,2015,412.19497,0.0,914535.54
Los Angeles,06,037,2016,9036.01947,0.0,914535.54
Los Angeles,06,037,2017,6642.7255,0.0,914535.54
Los Angeles,06,037,2018,5792.77874,0.0,914535.54
Los Angeles,06,037,2019,3105.24061,0.0,914535.54
Los Angeles,06,037,2020,19282.20524,0.0,914535.54
Madera,06,039,2010,1909.5913199999998,0.0,500201.43
Madera,06,039,2011,1575.71813,0.0,500201.43
Madera,06,039,2012,834.56246,0.0,500201.43
Madera,06,039,2013,1755.10879,0.0,500201.43
Madera,06,039,2014,8140.443209999999,0.0,500201.43
Madera,06,039,2015,5022.42016,0.0,500201.43
Madera,06,039,2016,22720.45089,0.0,500201.43
Madera,06,039,2017,25441.32522,0.0,500201.43
Madera,06,039,2018,14033.561510000001,0.0,500201.43
Madera,06,039,2019,8063.72775,0.0,500201.43
Madera,06,039,2020,33340.72687,0.0,500201.43
Marin,06,041,2010,26.764969999999998,0.0,127514.18
Marin,06,041,2011,69.52807,0.0,127514.18
Marin,06,041,2012,74.51608999999999,0.0,127514.18
Marin,06,041,2013,112.23036,0.0,127514.18
Marin,06,041,2014,46.777860000000004,0.0,127514.18
Marin,06,041,2015,19.34377,0.0,127514.18
Marin,06,041,2016,98.48289,0.0,127514.18
Marin,06,041,2017,423.00806,0.0,127514.18
Marin,06,041,2018,245.62936,0.0,127514.18
Marin,06,041,2019,21.89861,0.0,127514.18
Marin,06,041,2020,208.58422000000002,0.0,127514.18
Kenai Peninsula,02,122,2010,1760.80544,0.0,3483673.04
Kenai Peninsula,02,122,2011,1635.93338,0.0,3483673.04
Kenai Peninsula,02,122,2012,1386.39033,0.0,3483673.04
Kenai Peninsula,02,122,2013,4306.6226400000005,0.0,3483673.04
Kenai Peninsula,02,122,2014,23124.54952,0.0,3483673.04
Kenai Peninsula,02,122,2015,11363.35521,0.0,3483673.04
Kenai Peninsula,02,122,2016,1222.84736,0.0,3483673.04
Kenai Peninsula,02,122,2017,669.83995,0.0,3483673.04
Kenai Peninsula,02,122,2018,425.5683,0.0,3483673.04
Kenai Peninsula,02,122,2019,27124.303930000002,0.0,3483673.04
Kenai Peninsula,02,122,2020,19151.71285,0.0,3483673.04
Napa,06,055,2010,104.87392,26417.89892,132029.44
Napa,06,055,2011,77.33572,19745.09134,132029.44
Napa,06,055,2012,235.1315,58368.40344,132029.44
Napa,06,055,2013,146.99433,15624.220150000001,132029.44
Napa,06,055,2014,1198.82008,70326.49131,132029.44
Napa,06,055,2015,7029.69644,294548.56415,132029.44
Napa,06,055,2016,4323.87346,312450.74585,132029.44
Napa,06,055,2017,9644.62701,1706021.06221,132029.44
Napa,06,055,2018,12885.2802,2058736.97916,132029.44
Napa,06,055,2019,871.39443,134263.52118,132029.44
Napa,06,055,2020,19494.066890000002,1923019.04386,132029.44
Mariposa,06,043,2010,2191.82499,0.0,252934.42
Mariposa,06,043,2011,906.26708,0.0,252934.42
Mariposa,06,043,2012,567.28763,0.0,252934.42
Mariposa,06,043,2013,7740.30701,0.0,252934.42
Mariposa,06,043,2014,20206.1308,0.0,252934.42
Mariposa,06,043,2015,2636.69796,0.0,252934.42
Mariposa,06,043,2016,14357.552189999999,0.0,252934.42
Mariposa,06,043,2017,22624.2345,0.0,252934.42
Mariposa,06,043,2018,12183.508010000001,0.0,252934.42
Mariposa,06,043,2019,6868.86613,0.0,252934.42
Mariposa,06,043,2020,12422.89568,0.0,252934.42
Monterey,06,053,2010,1292.57545,0.0,680494.82
Monterey,06,053,2011,686.9507,0.0,680494.82
Monterey,06,053,2012,1021.0652799999999,0.0,680494.82
Monterey,06,053,2013,892.15656,0.0,680494.82
Monterey,06,053,2014,2923.59113,0.0,680494.82
Monterey,06,053,2015,1821.32132,0.0,680494.82
Monterey,06,053,2016,18491.23362,0.0,680494.82
Monterey,06,053,2017,6764.49769,0.0,680494.82
Monterey,06,053,2018,677.93332,0.0,680494.82
Monterey,06,053,2019,795.30931,0.0,680494.82
Monterey,06,053,2020,23630.53197,0.0,680494.82
Placer,06,061,2010,0.0,1407482.01919,283300.52
Placer,06,061,2011,0.0,1695310.6979200002,283300.52
Placer,06,061,2012,0.0,1474385.5462,283300.52
Placer,06,061,2013,0.0,2106701.45056,283300.52
Placer,06,061,2014,0.0,13091510.06481,283300.52
Placer,06,061,2015,0.0,6382550.88297,283300.52
Placer,06,061,2016,0.0,3248101.01457,283300.52
Placer,06,061,2017,0.0,2710021.89196,283300.52
Placer,06,061,2018,0.0,1726829.86146,283300.52
Placer,06,061,2019,0.0,2217148.40417,283300.52
Placer,06,061,2020,0.0,2305684.07278,283300.52
Plumas,06,063,2010,1601.0551600000001,1798402.04508,371200.91
Plumas,06,063,2011,2551.42292,3403702.40058,371200.91
Plumas,06,063,2012,9358.4299,6329309.26182,371200.91
Plumas,06,063,2013,5105.51284,3589164.43047,371200.91
Plumas,06,063,2014,5018.24369,3740421.10468,371200.91
Plumas,06,063,2015,2347.38193,2200878.6716299998,371200.91
Plumas,06,063,2016,3661.35794,3702436.6137699997,371200.91
Plumas,06,063,2017,3985.21602,3487356.9861000003,371200.91
Plumas,06,063,2018,3983.98988,3674685.4559,371200.91
Plumas,06,063,2019,15743.786129999999,8545784.67075,371200.91
Plumas,06,063,2020,63341.76616,34241444.751559995,371200.91
San Bernardino,06,071,2010,174.21074000000002,38643.83532,2374790.21
San Bernardino,06,071,2011,98.76733999999999,11625.59286,2374790.21
San Bernardino,06,071,2012,377.74436000000003,18307.46989,2374790.21
San Bernardino,06,071,2013,509.05811,41323.8093,2374790.21
San Bernardino,06,071,2014,240.85221,22566.25075,2374790.21
San Bernardino,06,071,2015,3491.0499099999997,552771.18777,2374790.21
San Bernardino,06,071,2016,2820.2092000000002,174400.62296,2374790.21
San Bernardino,06,071,2017,1411.12489,95264.35419000001,2374790.21
San Bernardino,06,071,2018,247.48411000000002,26334.52552,2374790.21
San Bernardino,06,071,2019,128.49278,18663.29758,2374790.21
San Bernardino,06,071,2020,10454.7207,1504607.2491600001,2374790.21
San Diego,06,073,2010,891.97006,115802.25503999999,509254.75
San Diego,06,073,2011,432.3684,39377.52287,509254.75
San Diego,06,073,2012,504.4298,47157.104419999996,509254.75
San Diego,06,073,2013,539.68426,19200.853049999998,509254.75
San Diego,06,073,2014,1731.80233,80553.44402,509254.75
San Diego,06,073,2015,398.01956,25434.075820000002,509254.75
San Diego,06,073,2016,1495.24172,48976.55341,509254.75
San Diego,06,073,2017,819.1324199999999,45477.216609999996,509254.75
San Diego,06,073,2018,715.05091,39463.27431,509254.75
San Diego,06,073,2019,464.51786999999996,33366.789939999995,509254.75
San Diego,06,073,2020,2274.0094,33159.91405,509254.75
San Joaquin,06,077,2010,656.08531,45790.319330000006,175453.09
San Joaquin,06,077,2011,724.24108,43227.84539,175453.09
San Joaquin,06,077,2012,567.90154,41591.99821,175453.09
San Joaquin,06,077,2013,556.47238,13254.25546,175453.09
San Joaquin,06,077,2014,869.9588499999999,25816.37486,175453.09
San Joaquin,06,077,2015,495.82773,14824.84965,175453.09
San Joaquin,06,077,2016,737.13718,27309.49853,175453.09
San Joaquin,06,077,2017,1607.34896,54288.922699999996,175453.09
San Joaquin,06,077,2018,903.90475,26032.58452,175453.09
San Joaquin,06,077,2019,933.35384,24377.12753,175453.09
San Joaquin,06,077,2020,1454.59719,34696.30734,175453.09
San Luis Obispo,06,079,2010,619.56978,111451.45435999999,586180.64
San Luis Obispo,06,079,2011,257.74118,34364.57691,586180.64
San Luis Obispo,06,079,2012,370.26705000000004,57133.18129,586180.64
San Luis Obispo,06,079,2013,255.59299,13939.020030000001,586180.64
San Luis Obispo,06,079,2014,489.58144000000004,42818.123980000004,586180.64
San Luis Obispo,06,079,2015,935.3181099999999,94838.19385,586180.64
San Luis Obispo,06,079,2016,13871.7811,1223074.30507,586180.64
San Luis Obispo,06,079,2017,5946.44706,514340.55429,586180.64
San Luis Obispo,06,079,2018,465.81921,8242.78536,586180.64
San Luis Obispo,06,079,2019,266.71154,6716.28175,586180.64
San Luis Obispo,06,079,2020,415.74498,11474.05429,586180.64
Orange,51,137,2010,0.0,246724.49141,58503.63
Orange,51,137,2011,0.0,275047.47343,58503.63
Orange,51,137,2012,0.0,298308.6416,58503.63
Orange,51,137,2013,0.0,180376.3332,58503.63
Orange,51,137,2014,0.0,169364.30193,58503.63
Orange,51,137,2015,0.0,411127.01406,58503.63
Orange,51,137,2016,0.0,473708.39832,58503.63
Orange,51,137,2017,0.0,665813.84848,58503.63
Orange,51,137,2018,0.0,420551.13151,58503.63
Orange,51,137,2019,0.0,420492.01769,58503.63
Orange,51,137,2020,0.0,236345.91494,58503.63
San Mateo,06,081,2010,137.00758,94028.35725,107189.35
San Mateo,06,081,2011,56.259589999999996,31015.902039999997,107189.35
San Mateo,06,081,2012,116.15399,63320.53088,107189.35
San Mateo,06,081,2013,115.66709,38025.84142999999,107189.35
San Mateo,06,081,2014,155.67664,78516.25501,107189.35
San Mateo,06,081,2015,82.97373999999999,31547.03904,107189.35
San Mateo,06,081,2016,54.80166,25020.10631,107189.35
San Mateo,06,081,2017,91.84676999999999,44453.40222,107189.35
San Mateo,06,081,2018,24.32315,10571.16859,107189.35
San Mateo,06,081,2019,71.81672,47805.640040000006,107189.35
San Mateo,06,081,2020,6803.7167,3922295.00673,107189.35
Santa Barbara,06,083,2010,820.6147,197133.1884,1014247.35
Santa Barbara,06,083,2011,223.98919999999998,43373.95497,1014247.35
Santa Barbara,06,083,2012,357.53565,56508.76089,1014247.35
Santa Barbara,06,083,2013,2329.65411,124324.11104999999,1014247.35
Santa Barbara,06,083,2014,842.50252,93013.47675999999,1014247.35
Santa Barbara,06,083,2015,627.56399,48924.773980000005,1014247.35
Santa Barbara,06,083,2016,9093.49163,743978.9833399999,1014247.35
Santa Barbara,06,083,2017,83095.69026,5359829.85461,1014247.35
Santa Barbara,06,083,2018,11263.187280000002,1215061.25421,1014247.35
Santa Barbara,06,083,2019,743.81494,77806.9055,1014247.35
Santa Barbara,06,083,2020,398.66276,31883.187869999998,1014247.35
Sacramento,06,067,2010,196.72247,27223.101280000003,191215.34
Sacramento,06,067,2011,110.58794999999999,14195.83679,191215.34
Sacramento,06,067,2012,161.31973,18209.0032,191215.34
Sacramento,06,067,2013,285.89846,11065.15444,191215.34
Sacramento,06,067,2014,260.22843,13613.32231,191215.34
Sacramento,06,067,2015,86.37783999999999,4914.68562,191215.34
Sacramento,06,067,2016,167.95013,11931.30615,191215.34
Sacramento,06,067,2017,319.35465999999997,16972.44095,191215.34
Sacramento,06,067,2018,90.39257,4240.3311,191215.34
Sacramento,06,067,2019,143.86167999999998,8250.54998,191215.34
Sacramento,06,067,2020,120.3815,7161.84774,191215.34
Riverside,06,065,2010,461.30285,54137.291139999994,716711.32
Riverside,06,065,2011,150.53982,17008.72705,716711.32
Riverside,06,065,2012,483.98028,29041.52814,716711.32
Riverside,06,065,2013,3299.55285,226149.04209,716711.32
Riverside,06,065,2014,1219.27786,94392.45743,716711.32
Riverside,06,065,2015,413.40431,20118.936560000002,716711.32
Riverside,06,065,2016,448.92529,16427.527140000002,716711.32
Riverside,06,065,2017,752.94222,26417.9529,716711.32
Riverside,06,065,2018,6965.13083,625021.17934,716711.32
Riverside,06,065,2019,2006.137,299354.67637,716711.32
Riverside,06,065,2020,8690.31342,1075947.5634,716711.32
Shasta,06,089,2010,5216.06278,6304227.19619,484711.16
Shasta,06,089,2011,4547.44369,5764599.99656,484711.16
Shasta,06,089,2012,14615.01741,10119082.24586,484711.16
Shasta,06,089,2013,6818.37619,5400647.30072,484711.16
Shasta,06,089,2014,18081.66588,10064422.59612,484711.16
Shasta,06,089,2015,4851.6871,3511269.2804300003,484711.16
Shasta,06,089,2016,9507.00478,8761724.87351,484711.16
Shasta,06,089,2017,6458.99197,5715020.46473,484711.16
Shasta,06,089,2018,47678.36656,21422917.215719998,484711.16
Shasta,06,089,2019,41891.69322,23276610.45907,484711.16
Shasta,06,089,2020,6585.01134,5097943.26672,484711.16
Mono,06,051,2010,0.0,1257117.7939799998,727911.06
Mono,06,051,2011,0.0,75267.93322,727911.06
Mono,06,051,2012,0.0,46487.82869,727911.06
Mono,06,051,2013,0.0,139458.36029,727911.06
Mono,06,051,2014,0.0,495232.59778999997,727911.06
Mono,06,051,2015,0.0,251635.87921,727911.06
Mono,06,051,2016,0.0,849817.5330099999,727911.06
Mono,06,051,2017,0.0,1735197.8483799999,727911.06
Mono,06,051,2018,0.0,630194.34296,727911.06
Mono,06,051,2019,0.0,413319.27933,727911.06
Mono,06,051,2020,0.0,2964520.9968,727911.06
San Benito,06,069,2010,299.06568,81225.23653,270846.52
San Benito,06,069,2011,317.71259999999995,26992.02422,270846.52
San Benito,06,069,2012,289.36846,47330.96665,270846.52
San Benito,06,069,2013,272.11821,11987.052679999999,270846.52
San Benito,06,069,2014,1354.51305,96875.11512,270846.52
San Benito,06,069,2015,895.43802,125043.97440999998,270846.52
San Benito,06,069,2016,3138.92254,309628.64772999997,270846.52
San Benito,06,069,2017,978.2038600000001,130206.08202999999,270846.52
San Benito,06,069,2018,277.41235,8663.72442,270846.52
San Benito,06,069,2019,468.75862,17508.51898,270846.52
San Benito,06,069,2020,4941.7527199999995,402455.11595,270846.52
San Francisco,06,075,2010,14.72073,8474.698489999999,83126.05
San Francisco,06,075,2011,16.60644,10130.12108,83126.05
San Francisco,06,075,2012,20.25621,11696.7604,83126.05
San Francisco,06,075,2013,6.75207,645.4813300000001,83126.05
San Francisco,06,075,2014,10.09769,4647.75851,83126.05
San Francisco,06,075,2015,11.07096,4924.192730000001,83126.05
San Francisco,06,075,2016,11.192620000000002,3932.8355,83126.05
San Francisco,06,075,2017,7.2387,3535.6155799999997,83126.05
San Francisco,06,075,2018,3.95392,1894.94624,83126.05
San Francisco,06,075,2019,15.32902,5072.0854,83126.05
San Francisco,06,075,2020,6.6304099999999995,2920.15635,83126.05
Santa Clara,06,085,2010,249.33453,139494.59436,190586.96
Santa Clara,06,085,2011,139.0139,47771.98645,190586.96
Santa Clara,06,085,2012,355.75932,94982.67981,190586.96
Santa Clara,06,085,2013,180.26046000000002,38698.28822,190586.96
Santa Clara,06,085,2014,947.24862,160527.27432,190586.96
Santa Clara,06,085,2015,196.58594,83061.65865,190586.96
Santa Clara,06,085,2016,1125.4684,234885.1309,190586.96
Santa Clara,06,085,2017,575.2875,239484.97063,190586.96
Santa Clara,06,085,2018,120.64774,39653.4646,190586.96
Santa Clara,06,085,2019,91.89264,37940.98425,190586.96
Santa Clara,06,085,2020,11910.609390000001,1324522.51117,190586.96
Siskiyou,06,093,2010,4953.98244,5156163.21095,704202.39
Siskiyou,06,093,2011,6044.803110000001,6772491.04796,704202.39
Siskiyou,06,093,2012,10570.68752,8611938.48784,704202.39
Siskiyou,06,093,2013,8496.09184,5494587.6065,704202.39
Siskiyou,06,093,2014,32319.53312,16217060.60898,704202.39
Siskiyou,06,093,2015,15916.21358,10246604.94942,704202.39
Siskiyou,06,093,2016,14193.204160000001,10239934.266089998,704202.39
Siskiyou,06,093,2017,33362.32791,16808783.142190002,704202.39
Siskiyou,06,093,2018,34436.85261,18803970.11805,704202.39
Siskiyou,06,093,2019,18158.15209,11216580.969279999,704202.39
Siskiyou,06,093,2020,37982.61473,19836389.89481,704202.39
Sonoma,06,097,2010,173.28561,137702.53553,318968.18
Sonoma,06,097,2011,204.07963,179169.22970999999,318968.18
Sonoma,06,097,2012,296.74736,222092.90415000002,318968.18
Sonoma,06,097,2013,301.76514000000003,128597.38896,318968.18
Sonoma,06,097,2014,1371.7413,273971.28836,318968.18
Sonoma,06,097,2015,9193.10786,1525323.1437,318968.18
Sonoma,06,097,2016,9281.148009999999,2703768.24972,318968.18
Sonoma,06,097,2017,8257.7194,2478634.4236000003,318968.18
Sonoma,06,097,2018,4771.21199,2115571.31893,318968.18
Sonoma,06,097,2019,2821.6882299999997,762993.0632,318968.18
Sonoma,06,097,2020,12914.30342,3548251.19424,318968.18
Solano,06,095,2010,60.82946,10490.35833,131748.5
Solano,06,095,2011,106.51238,18946.47517,131748.5
Solano,06,095,2012,156.57503,35824.3864,131748.5
Solano,06,095,2013,166.73355,19138.14876,131748.5
Solano,06,095,2014,192.28192,22399.19235,131748.5
Solano,06,095,2015,1677.85898,124356.81426,131748.5
Solano,06,095,2016,529.15547,47838.79174,131748.5
Solano,06,095,2017,5122.32711,476531.48679,131748.5
Solano,06,095,2018,1596.04335,343202.75131,131748.5
Solano,06,095,2019,179.87271,22949.06182,131748.5
Solano,06,095,2020,7879.78733,717793.17398,131748.5
Stanislaus,06,099,2010,1176.60809,77006.65960000001,333834.54
Stanislaus,06,099,2011,1430.48762,90119.59789,333834.54
Stanislaus,06,099,2012,1524.7797699999999,100245.33276,333834.54
Stanislaus,06,099,2013,807.1461800000001,17373.88971,333834.54
Stanislaus,06,099,2014,1654.48429,39039.278940000004,333834.54
Stanislaus,06,099,2015,880.1822,27028.25688,333834.54
Stanislaus,06,099,2016,1637.54027,53288.740549999995,333834.54
Stanislaus,06,099,2017,3771.77554,125599.38295,333834.54
Stanislaus,06,099,2018,2287.9243300000003,61500.42329,333834.54
Stanislaus,06,099,2019,2543.4174900000003,60603.428230000005,333834.54
Stanislaus,06,099,2020,6677.760679999999,111500.712,333834.54
Sierra,35,051,2010,127.1101,23214.31361,495126.17
Sierra,35,051,2011,4.91622,919.82095,495126.17
Sierra,35,051,2012,200.6593,65178.8884,495126.17
Sierra,35,051,2013,12707.71097,2173170.0634299996,495126.17
Sierra,35,051,2014,611.16347,111666.03398,495126.17
Sierra,35,051,2015,2.78154,1055.8979,495126.17
Sierra,35,051,2016,0.90562,416.18886,495126.17
Sierra,35,051,2017,66.30425,13046.86357,495126.17
Sierra,35,051,2018,1.35843,419.47853,495126.17
Sierra,35,051,2019,15.46021,2751.9516,495126.17
Sierra,35,051,2020,6.20996,1127.90885,495126.17
Sutter,06,101,2010,265.14599,29393.437810000003,96317.14
Sutter,06,101,2011,385.47339999999997,36722.812719999994,96317.14
Sutter,06,101,2012,277.82057000000003,27369.95903,96317.14
Sutter,06,101,2013,422.88411,16474.44932,96317.14
Sutter,06,101,2014,335.01009999999997,11656.503939999999,96317.14
Sutter,06,101,2015,155.82273,8566.83421,96317.14
Sutter,06,101,2016,457.39843,31365.98087,96317.14
Sutter,06,101,2017,441.71816,28147.61431,96317.14
Sutter,06,101,2018,284.42502,12450.088670000001,96317.14
Sutter,06,101,2019,419.3546,19184.197569999997,96317.14
Sutter,06,101,2020,271.03515,12551.4439,96317.14
Tehama,06,103,2010,2402.85121,2806705.61524,351419.14
Tehama,06,103,2011,2715.31805,3444877.4876699997,351419.14
Tehama,06,103,2012,6106.05376,3808248.02481,351419.14
Tehama,06,103,2013,4022.02289,2395025.0534,351419.14
Tehama,06,103,2014,3857.6786,2267135.04675,351419.14
Tehama,06,103,2015,1579.85198,1124290.4827800002,351419.14
Tehama,06,103,2016,3585.52443,2859365.60337,351419.14
Tehama,06,103,2017,2731.90791,2022653.58014,351419.14
Tehama,06,103,2018,3272.0488299999997,2272624.67287,351419.14
Tehama,06,103,2019,9476.27773,4440342.19654,351419.14
Tehama,06,103,2020,32368.594729999997,12665971.568969999,351419.14
Tuolumne,06,109,2010,3157.4747399999997,0.0,373224.78
Tuolumne,06,109,2011,1519.76321,0.0,373224.78
Tuolumne,06,109,2012,1528.2185,0.0,373224.78
Tuolumne,06,109,2013,17597.110969999998,0.0,373224.78
Tuolumne,06,109,2014,26107.21316,0.0,373224.78
Tuolumne,06,109,2015,7729.17359,0.0,373224.78
Tuolumne,06,109,2016,20200.18602,0.0,373224.78
Tuolumne,06,109,2017,11056.84916,0.0,373224.78
Tuolumne,06,109,2018,11885.042249999999,0.0,373224.78
Tuolumne,06,109,2019,5465.95273,0.0,373224.78
Tuolumne,06,109,2020,2063.2136,0.0,373224.78
Tulare,06,107,2010,3149.166,1510461.3571700002,499005.83
Tulare,06,107,2011,2271.41829,626198.15901,499005.83
Tulare,06,107,2012,1800.56493,289781.40819,499005.83
Tulare,06,107,2013,1679.51001,127653.17997,499005.83
Tulare,06,107,2014,3522.7173599999996,376888.39924,499005.83
Tulare,06,107,2015,2624.7809,222035.72593000002,499005.83
Tulare,06,107,2016,10077.5251,3855890.82232,499005.83
Tulare,06,107,2017,12215.807980000001,4040690.05649,499005.83
Tulare,06,107,2018,2419.376,529731.77517,499005.83
Tulare,06,107,2019,2848.38842,1157555.19643,499005.83
Tulare,06,107,2020,17366.69985,5945759.70221,499005.83
Yolo,06,113,2010,200.00601,0.0,179321.93
Yolo,06,113,2011,145.6756,0.0,179321.93
Yolo,06,113,2012,263.25469,0.0,179321.93
Yolo,06,113,2013,184.49333,0.0,179321.93
Yolo,06,113,2014,316.56403,0.0,179321.93
Yolo,06,113,2015,5367.226930000001,0.0,179321.93
Yolo,06,113,2016,1590.2412,0.0,179321.93
Yolo,06,113,2017,4716.44724,0.0,179321.93
Yolo,06,113,2018,9987.15353,0.0,179321.93
Yolo,06,113,2019,1111.74171,0.0,179321.93
Yolo,06,113,2020,16921.41256,0.0,179321.93
Alamosa,08,003,2010,5.73688,0.0,74905.89
Alamosa,08,003,2011,3.9852100000000004,0.0,74905.89
Alamosa,08,003,2012,2.81734,0.0,74905.89
Alamosa,08,003,2013,5.79092,0.0,74905.89
Alamosa,08,003,2014,9.372779999999999,0.0,74905.89
Alamosa,08,003,2015,4.81158,0.0,74905.89
Alamosa,08,003,2016,6.6354500000000005,0.0,74905.89
Alamosa,08,003,2017,1.70928,0.0,74905.89
Alamosa,08,003,2018,0.74207,0.0,74905.89
Alamosa,08,003,2019,27.869950000000003,0.0,74905.89
Alamosa,08,003,2020,17.30405,0.0,74905.89
Adams,55,001,2010,650.88728,145582.83088000002,76450.21
Adams,55,001,2011,620.3192700000001,139235.81129,76450.21
Adams,55,001,2012,1134.2587800000001,273986.28759,76450.21
Adams,55,001,2013,702.6636500000001,150218.27816000002,76450.21
Adams,55,001,2014,1250.5042999999998,214282.38515999998,76450.21
Adams,55,001,2015,637.2843899999999,123804.09607999999,76450.21
Adams,55,001,2016,954.41086,208695.61221,76450.21
Adams,55,001,2017,1059.76006,245677.69479,76450.21
Adams,55,001,2018,837.7118499999999,202050.05860000002,76450.21
Adams,55,001,2019,1091.75129,283588.23599,76450.21
Adams,55,001,2020,1543.46286,345090.77960999997,76450.21
Archuleta,08,007,2010,109.76409,0.0,140508.95
Archuleta,08,007,2011,133.75759,0.0,140508.95
Archuleta,08,007,2012,818.31446,0.0,140508.95
Archuleta,08,007,2013,254.77636,0.0,140508.95
Archuleta,08,007,2014,560.508,0.0,140508.95
Archuleta,08,007,2015,806.44139,0.0,140508.95
Archuleta,08,007,2016,346.11245,0.0,140508.95
Archuleta,08,007,2017,688.26721,0.0,140508.95
Archuleta,08,007,2018,224.84632,0.0,140508.95
Archuleta,08,007,2019,378.94892,0.0,140508.95
Archuleta,08,007,2020,196.70961,0.0,140508.95
Baca,08,009,2010,0.734,0.0,220272.41
Baca,08,009,2011,0.86575,0.0,220272.41
Baca,08,009,2012,0.18552,0.0,220272.41
Baca,08,009,2013,0.74207,0.0,220272.41
Baca,08,009,2014,1.05126,0.0,220272.41
Trinity,48,455,2010,3976.98988,1768107.06249,115867.14
Trinity,48,455,2011,11414.72957,5118873.35374,115867.14
Trinity,48,455,2012,4737.129910000001,2202657.07045,115867.14
Trinity,48,455,2013,4810.78039,1934848.21996,115867.14
Trinity,48,455,2014,5148.05105,2257814.12026,115867.14
Trinity,48,455,2015,4050.66027,1592464.70535,115867.14
Trinity,48,455,2016,5696.664360000001,2258221.76202,115867.14
Trinity,48,455,2017,5666.60954,2486608.66019,115867.14
Trinity,48,455,2018,3436.0333,1643052.8721699999,115867.14
Trinity,48,455,2019,3562.12532,1627136.5568499998,115867.14
Trinity,48,455,2020,5653.827310000001,2553150.71815,115867.14
Yuba,06,115,2010,690.40257,0.0,142277.49
Yuba,06,115,2011,859.19156,0.0,142277.49
Yuba,06,115,2012,563.82578,0.0,142277.49
Yuba,06,115,2013,721.67308,0.0,142277.49
Yuba,06,115,2014,1053.51115,0.0,142277.49
Yuba,06,115,2015,608.48938,0.0,142277.49
Yuba,06,115,2016,1860.38589,0.0,142277.49
Yuba,06,115,2017,3129.98042,0.0,142277.49
Yuba,06,115,2018,1658.6522599999998,0.0,142277.49
Yuba,06,115,2019,1132.31522,0.0,142277.49
Yuba,06,115,2020,13823.89587,0.0,142277.49
Ventura,06,111,2010,338.09861,0.0,587744.62
Ventura,06,111,2011,150.17394,0.0,587744.62
Ventura,06,111,2012,359.58847,0.0,587744.62
Ventura,06,111,2013,2716.84382,0.0,587744.62
Ventura,06,111,2014,513.07836,0.0,587744.62
Ventura,06,111,2015,428.39428,0.0,587744.62
Ventura,06,111,2016,766.55666,0.0,587744.62
Ventura,06,111,2017,71432.35479000001,0.0,587744.62
Ventura,06,111,2018,15782.73905,0.0,587744.62
Ventura,06,111,2019,3235.40347,0.0,587744.62
Ventura,06,111,2020,504.97979999999995,0.0,587744.62
Costilla,08,023,2010,77.62796,0.0,137617.74
Costilla,08,023,2011,59.291940000000004,0.0,137617.74
Costilla,08,023,2012,142.04983000000001,0.0,137617.74
Costilla,08,023,2013,209.55374999999998,0.0,137617.74
Costilla,08,023,2014,390.807,0.0,137617.74
Costilla,08,023,2015,202.30215,0.0,137617.74
Costilla,08,023,2016,206.6754,0.0,137617.74
Costilla,08,023,2017,420.96424,0.0,137617.74
Costilla,08,023,2018,10279.7955,0.0,137617.74
Costilla,08,023,2019,1153.28244,0.0,137617.74
Costilla,08,023,2020,268.90622,0.0,137617.74
Denver,08,031,2010,0.0,41.939620000000005,47829.73
Denver,08,031,2011,0.0,9.09286,47829.73
Denver,08,031,2012,0.0,190.70685,47829.73
Denver,08,031,2017,0.0,10.00455,47829.73
Denver,08,031,2018,0.0,56.96851,47829.73
Denver,08,031,2019,0.0,58.49951,47829.73
Denver,08,031,2020,0.0,103.98488,47829.73
Custer,46,033,2010,1214.17872,456582.21161,152964.12
Custer,46,033,2011,408.07113,143652.66748,152964.12
Custer,46,033,2012,239.18967,54456.7398,152964.12
Custer,46,033,2013,3684.60018,986787.32883,152964.12
Custer,46,033,2014,8489.72319,2831883.11599,152964.12
Custer,46,033,2015,2498.63222,797270.60043,152964.12
Custer,46,033,2016,829.2829399999999,259930.50340000002,152964.12
Custer,46,033,2017,687.01238,223938.45176,152964.12
Custer,46,033,2018,7130.429550000001,1370887.49033,152964.12
Custer,46,033,2019,2809.65092,516950.10782,152964.12
Custer,46,033,2020,485.78808,121753.97419,152964.12
Delta,48,119,2010,107.89804,34226.44557,52257.69
Delta,48,119,2011,230.48004,73743.92051,52257.69
Delta,48,119,2012,141.21188,42264.45609,52257.69
Delta,48,119,2013,212.94985,62208.04719,52257.69
Delta,48,119,2014,49.48561,11894.41331,52257.69
Delta,48,119,2015,42.95222,9355.91549,52257.69
Delta,48,119,2016,106.15149,26666.53041,52257.69
Delta,48,119,2017,138.17159,33324.48633,52257.69
Delta,48,119,2018,98.0656,27041.89406,52257.69
Delta,48,119,2019,133.38475,39964.92484,52257.69
Delta,48,119,2020,104.14619,15706.55548,52257.69
Dolores,08,033,2010,151.90227000000002,0.0,156268.46
Dolores,08,033,2011,94.30659,0.0,156268.46
Dolores,08,033,2012,147.66034999999997,0.0,156268.46
Dolores,08,033,2013,98.71888000000001,0.0,156268.46
Dolores,08,033,2014,61.21134,0.0,156268.46
Dolores,08,033,2015,139.06119,0.0,156268.46
Dolores,08,033,2016,91.6811,0.0,156268.46
Dolores,08,033,2017,127.26028000000001,0.0,156268.46
Dolores,08,033,2018,3726.93783,0.0,156268.46
Dolores,08,033,2019,2248.5889,0.0,156268.46
Dolores,08,033,2020,321.73707,0.0,156268.46
Eagle,08,037,2010,893.45159,360397.90601,169125.77
Eagle,08,037,2011,371.12052,141290.23506,169125.77
Eagle,08,037,2012,356.53161,133948.48108,169125.77
Eagle,08,037,2013,188.69927,40164.079340000004,169125.77
Eagle,08,037,2014,163.28825,44051.59630999999,169125.77
Eagle,08,037,2015,125.62015,45082.20934,169125.77
Eagle,08,037,2016,59.31232,19242.1968,169125.77
Eagle,08,037,2017,286.03844000000004,55204.51694,169125.77
Eagle,08,037,2018,2038.4424299999998,292671.79795,169125.77
Eagle,08,037,2019,1068.5186,200833.91439999998,169125.77
Eagle,08,037,2020,201.31509,33305.45141,169125.77
Douglas,55,031,2010,1726.81936,389587.99167,153320.28
Douglas,55,031,2011,1820.67222,408367.60038,153320.28
Douglas,55,031,2012,1719.7762899999998,381403.90602,153320.28
Douglas,55,031,2013,1985.91516,343824.1176,153320.28
Douglas,55,031,2014,2047.43693,405169.89843000006,153320.28
Douglas,55,031,2015,1412.25323,309449.54386,153320.28
Douglas,55,031,2016,1862.22244,423846.39686,153320.28
Douglas,55,031,2017,2100.27203,505403.54529,153320.28
Douglas,55,031,2018,2391.2759,600125.38105,153320.28
Douglas,55,031,2019,2839.27558,711621.58049,153320.28
Douglas,55,031,2020,2573.20269,631845.7236899999,153320.28
El Paso,48,141,2010,0.19673,0.0,147203.18
El Paso,48,141,2012,0.13115,0.0,147203.18
Elbert,13,105,2010,1266.75385,0.0,60419.44
Elbert,13,105,2011,1274.97994,0.0,60419.44
Elbert,13,105,2012,1628.70174,0.0,60419.44
Elbert,13,105,2013,1349.20604,0.0,60419.44
Elbert,13,105,2014,1599.3684,0.0,60419.44
Elbert,13,105,2015,2240.55692,0.0,60419.44
Elbert,13,105,2016,2564.37147,0.0,60419.44
Elbert,13,105,2017,1968.52209,0.0,60419.44
Elbert,13,105,2018,1767.65249,0.0,60419.44
Elbert,13,105,2019,2195.02648,0.0,60419.44
Elbert,13,105,2020,1777.09017,0.0,60419.44
Fremont,56,013,2010,3241.59402,0.0,1323542.18
Fremont,56,013,2011,8444.2976,0.0,1323542.18
Fremont,56,013,2012,1650.8113,0.0,1323542.18
Fremont,56,013,2013,6374.423389999999,0.0,1323542.18
Fremont,56,013,2014,4042.72325,0.0,1323542.18
Fremont,56,013,2015,331.82338,0.0,1323542.18
Fremont,56,013,2016,2930.56663,0.0,1323542.18
Fremont,56,013,2017,1280.15852,0.0,1323542.18
Fremont,56,013,2018,157.36992,0.0,1323542.18
Fremont,56,013,2019,389.87871,0.0,1323542.18
Fremont,56,013,2020,172.50272,0.0,1323542.18
Kiowa,40,075,2010,0.0,33714.79803,139550.69
Kiowa,40,075,2011,0.0,3234.0543,139550.69
Kiowa,40,075,2012,0.0,93886.33935,139550.69
Kiowa,40,075,2013,0.0,1840.99716,139550.69
Kiowa,40,075,2014,0.0,514.74918,139550.69
Kiowa,40,075,2015,0.0,129.37335000000002,139550.69
Kiowa,40,075,2016,0.0,1375.06582,139550.69
Kiowa,40,075,2017,0.0,1687.82442,139550.69
Kiowa,40,075,2018,0.0,75.74797,139550.69
Kiowa,40,075,2019,0.0,1048.90475,139550.69
Kiowa,40,075,2020,0.0,917.50346,139550.69
Kit Carson,08,063,2010,0.0,64.65094,188458.19
Kit Carson,08,063,2012,0.0,28.79599,188458.19
Larimer,08,069,2010,5194.4527499999995,0.0,286239.07
Larimer,08,069,2011,1691.92458,0.0,286239.07
Larimer,08,069,2012,16742.959619999998,0.0,286239.07
Larimer,08,069,2013,2168.4022999999997,0.0,286239.07
Larimer,08,069,2014,1468.01411,0.0,286239.07
Larimer,08,069,2015,435.72402,0.0,286239.07
Larimer,08,069,2016,371.30498,0.0,286239.07
Larimer,08,069,2017,277.70065,0.0,286239.07
Larimer,08,069,2018,394.44181,0.0,286239.07
Larimer,08,069,2019,763.63277,0.0,286239.07
Larimer,08,069,2020,23379.05989,0.0,286239.07
Mineral,54,057,2010,534.10982,175038.61389,79285.13
Mineral,54,057,2011,323.94571,109084.62203,79285.13
Mineral,54,057,2012,428.34018,139222.42287,79285.13
Mineral,54,057,2013,273.30304,81252.12357,79285.13
Mineral,54,057,2014,399.22213,101555.49621,79285.13
Mineral,54,057,2015,381.58389,132603.87826,79285.13
Mineral,54,057,2016,468.63907,157427.4504,79285.13
Mineral,54,057,2017,421.28488,151671.93636,79285.13
Mineral,54,057,2018,335.66468,120563.87975,79285.13
Mineral,54,057,2019,532.73464,187796.35713,79285.13
Mineral,54,057,2020,513.8408,182812.65056,79285.13
Mesa,08,077,2010,239.5976,64780.03521,461268.37
Mesa,08,077,2011,392.4234,48130.53643,461268.37
Mesa,08,077,2012,351.42283,49782.03914,461268.37
Mesa,08,077,2013,450.69363,106352.32537,461268.37
Mesa,08,077,2014,546.0769399999999,150702.34586,461268.37
Mesa,08,077,2015,77.06875,15166.62705,461268.37
Mesa,08,077,2016,187.77712,53644.16913,461268.37
Mesa,08,077,2017,240.59304,56277.218909999996,461268.37
Mesa,08,077,2018,689.0652000000001,100519.8105,461268.37
Mesa,08,077,2019,1298.73351,224174.42143000002,461268.37
Mesa,08,077,2020,1747.71631,126948.43455,461268.37
Montrose,08,085,2010,356.33896999999996,0.0,256658.25
Montrose,08,085,2011,184.13076999999998,0.0,256658.25
Montrose,08,085,2012,636.33698,0.0,256658.25
Montrose,08,085,2013,548.56007,0.0,256658.25
Montrose,08,085,2014,422.4606,0.0,256658.25
Montrose,08,085,2015,97.50962,0.0,256658.25
Montrose,08,085,2016,209.31417,0.0,256658.25
Montrose,08,085,2017,193.43769,0.0,256658.25
Montrose,08,085,2018,1822.8764099999999,0.0,256658.25
Montrose,08,085,2019,1909.4975599999998,0.0,256658.25
Montrose,08,085,2020,284.43855,0.0,256658.25
Montezuma,08,083,2010,110.39945,0.0,222933.45
Montezuma,08,083,2011,282.77107,0.0,222933.45
Montezuma,08,083,2012,2156.08155,0.0,222933.45
Montezuma,08,083,2013,148.71876,0.0,222933.45
Montezuma,08,083,2014,105.50035,0.0,222933.45
Montezuma,08,083,2015,117.33991999999999,0.0,222933.45
Montezuma,08,083,2016,26.58697,0.0,222933.45
Montezuma,08,083,2017,68.54101,0.0,222933.45
Montezuma,08,083,2018,785.32335,0.0,222933.45
Montezuma,08,083,2019,1179.1433299999999,0.0,222933.45
Montezuma,08,083,2020,803.71644,0.0,222933.45
Ouray,08,091,2010,103.34925,0.0,87635.33
Ouray,08,091,2011,94.40732,0.0,87635.33
Ouray,08,091,2012,39.35666,0.0,87635.33
Ouray,08,091,2013,85.95203,0.0,87635.33
Ouray,08,091,2014,182.67087,0.0,87635.33
Ouray,08,091,2015,19.34377,0.0,87635.33
Ouray,08,091,2016,51.09675,0.0,87635.33
Ouray,08,091,2017,49.39352,0.0,87635.33
Ouray,08,091,2018,6.44792,0.0,87635.33
Ouray,08,091,2019,151.64784,0.0,87635.33
Ouray,08,091,2020,130.905,0.0,87635.33
Park,56,029,2010,4723.25554,0.0,876228.57
Park,56,029,2011,11338.79813,0.0,876228.57
Park,56,029,2012,4072.2305699999997,0.0,876228.57
Park,56,029,2013,6840.15495,0.0,876228.57
Park,56,029,2014,5155.43714,0.0,876228.57
Park,56,029,2015,487.18501000000003,0.0,876228.57
Park,56,029,2016,5517.7024599999995,0.0,876228.57
Park,56,029,2017,11664.83383,0.0,876228.57
Park,56,029,2018,576.6449,0.0,876228.57
Park,56,029,2019,2245.44875,0.0,876228.57
Park,56,029,2020,1594.93405,0.0,876228.57
Prowers,08,099,2010,3.28479,0.0,141608.05
Prowers,08,099,2011,1.7640600000000002,0.0,141608.05
Prowers,08,099,2012,0.7907900000000001,0.0,141608.05
Prowers,08,099,2013,0.48664,0.0,141608.05
Pitkin,08,097,2010,84.12544,0.0,127320.1
Pitkin,08,097,2011,54.88781,0.0,127320.1
Pitkin,08,097,2012,39.22266,0.0,127320.1
Pitkin,08,097,2013,149.29724,0.0,127320.1
Pitkin,08,097,2014,43.94612,0.0,127320.1
Pitkin,08,097,2015,16.86096,0.0,127320.1
Pitkin,08,097,2016,0.95665,0.0,127320.1
Pitkin,08,097,2017,14.52913,0.0,127320.1
Pitkin,08,097,2018,5.32137,0.0,127320.1
Pitkin,08,097,2019,785.76864,0.0,127320.1
Pitkin,08,097,2020,85.0223,0.0,127320.1
Pueblo,08,101,2010,7.72534,0.0,251128.57
Pueblo,08,101,2011,4.01474,0.0,251128.57
Pueblo,08,101,2012,4.80553,0.0,251128.57
Pueblo,08,101,2013,74.94189,0.0,251128.57
Pueblo,08,101,2014,39.96496,0.0,251128.57
Pueblo,08,101,2015,92.46077,0.0,251128.57
Pueblo,08,101,2016,69.46723999999999,0.0,251128.57
Pueblo,08,101,2017,89.90594,0.0,251128.57
Pueblo,08,101,2018,22.202749999999998,0.0,251128.57
Pueblo,08,101,2019,7.542859999999999,0.0,251128.57
Pueblo,08,101,2020,1.3990799999999999,0.0,251128.57
Rio Blanco,08,103,2010,1172.02755,0.0,361862.94
Rio Blanco,08,103,2011,203.56573,0.0,361862.94
Rio Blanco,08,103,2012,98.173,0.0,361862.94
Rio Blanco,08,103,2013,994.22541,0.0,361862.94
Rio Blanco,08,103,2014,197.3881,0.0,361862.94
Rio Blanco,08,103,2015,25.40568,0.0,361862.94
Rio Blanco,08,103,2016,241.85417999999999,0.0,361862.94
Rio Blanco,08,103,2017,246.87982,0.0,361862.94
Rio Blanco,08,103,2018,1936.6101199999998,0.0,361862.94
Rio Blanco,08,103,2019,1773.3668699999998,0.0,361862.94
Rio Blanco,08,103,2020,301.02983,0.0,361862.94
San Juan,53,055,2010,14.99204,0.0,83053.31
San Juan,53,055,2011,5.01836,0.0,83053.31
San Juan,53,055,2012,56.23316,0.0,83053.31
San Juan,53,055,2013,26.973370000000003,0.0,83053.31
San Juan,53,055,2014,55.70701,0.0,83053.31
San Juan,53,055,2015,94.32741,0.0,83053.31
San Juan,53,055,2016,66.79479,0.0,83053.31
San Juan,53,055,2017,63.221900000000005,0.0,83053.31
San Juan,53,055,2018,58.835460000000005,0.0,83053.31
San Juan,53,055,2019,103.26568,0.0,83053.31
San Juan,53,055,2020,53.9947,0.0,83053.31
Teller,08,119,2010,293.0576,0.0,59747.98
Teller,08,119,2011,122.6216,0.0,59747.98
Teller,08,119,2012,1740.88921,0.0,59747.98
Teller,08,119,2013,253.06009,0.0,59747.98
Teller,08,119,2014,403.44372,0.0,59747.98
Teller,08,119,2015,145.00004,0.0,59747.98
Teller,08,119,2016,100.30319,0.0,59747.98
Teller,08,119,2017,322.05677,0.0,59747.98
Teller,08,119,2018,36.629270000000005,0.0,59747.98
Teller,08,119,2019,194.57745,0.0,59747.98
Teller,08,119,2020,119.55266,0.0,59747.98
Rio Grande,08,105,2010,52.44501,0.0,94539.44
Rio Grande,08,105,2011,43.50817,0.0,94539.44
Rio Grande,08,105,2012,78.35335,0.0,94539.44
Rio Grande,08,105,2013,287.03726,0.0,94539.44
Rio Grande,08,105,2014,304.36825,0.0,94539.44
Rio Grande,08,105,2015,344.18984,0.0,94539.44
Rio Grande,08,105,2016,54.6505,0.0,94539.44
Rio Grande,08,105,2017,23.569760000000002,0.0,94539.44
Rio Grande,08,105,2018,28.17664,0.0,94539.44
Rio Grande,08,105,2019,123.03265,0.0,94539.44
Rio Grande,08,105,2020,39.37177,0.0,94539.44
Hartford,09,003,2010,227.85604999999998,0.0,93107.39
Hartford,09,003,2011,120.43984,0.0,93107.39
Hartford,09,003,2012,199.73421000000002,0.0,93107.39
Hartford,09,003,2013,142.39562,0.0,93107.39
Hartford,09,003,2014,275.97436,0.0,93107.39
Hartford,09,003,2015,184.57837999999998,0.0,93107.39
Hartford,09,003,2016,313.14359,0.0,93107.39
Hartford,09,003,2017,448.79688999999996,0.0,93107.39
Hartford,09,003,2018,377.28213,0.0,93107.39
Hartford,09,003,2019,473.11536,0.0,93107.39
Hartford,09,003,2020,397.22098,0.0,93107.39
Fairfield,45,039,2010,5356.5226999999995,0.0,87719.98
Fairfield,45,039,2011,3148.1686799999998,0.0,87719.98
Fairfield,45,039,2012,3575.4789,0.0,87719.98
Fairfield,45,039,2013,3723.80356,0.0,87719.98
Fairfield,45,039,2014,4073.4442,0.0,87719.98
Fairfield,45,039,2015,4767.3052,0.0,87719.98
Fairfield,45,039,2016,6375.85621,0.0,87719.98
Fairfield,45,039,2017,7679.85064,0.0,87719.98
Fairfield,45,039,2018,6152.5402300000005,0.0,87719.98
Fairfield,45,039,2019,4133.76886,0.0,87719.98
Fairfield,45,039,2020,3986.5920100000003,0.0,87719.98
Litchfield,09,005,2010,221.97812,88190.89725,111597.55
Litchfield,09,005,2011,146.08373,56929.62896,111597.55
Litchfield,09,005,2012,205.90027,82238.79249,111597.55
Litchfield,09,005,2013,156.39892,56159.64146,111597.55
Litchfield,09,005,2014,197.54439,75371.24811,111597.55
Litchfield,09,005,2015,182.6767,73817.62366,111597.55
Litchfield,09,005,2016,305.30636,119906.04956,111597.55
Litchfield,09,005,2017,492.99658,200481.39854,111597.55
Litchfield,09,005,2018,398.31588,161526.03471,111597.55
Litchfield,09,005,2019,396.52945,157943.64797,111597.55
Litchfield,09,005,2020,322.47912,125890.73941,111597.55
New Haven,09,009,2010,156.79933,59568.761679999996,135890.93
New Haven,09,009,2011,93.75461,35334.51717,135890.93
New Haven,09,009,2012,131.83977000000002,50237.3671,135890.93
New Haven,09,009,2013,108.90308,39294.40027,135890.93
New Haven,09,009,2014,111.77924,38486.992759999994,135890.93
New Haven,09,009,2015,110.64049,41041.21569,135890.93
New Haven,09,009,2016,173.56824,63390.67858,135890.93
New Haven,09,009,2017,405.85699999999997,149980.78987,135890.93
New Haven,09,009,2018,423.80726,168239.93941,135890.93
New Haven,09,009,2019,219.67369000000002,79008.36549,135890.93
New Haven,09,009,2020,235.82685999999998,84668.04422,135890.93
New London,09,011,2010,216.44596,0.0,103329.81
New London,09,011,2011,102.80607,0.0,103329.81
New London,09,011,2012,166.59884,0.0,103329.81
New London,09,011,2013,119.9212,0.0,103329.81
New London,09,011,2014,191.66647,0.0,103329.81
New London,09,011,2015,276.493,0.0,103329.81
New London,09,011,2016,724.42549,0.0,103329.81
New London,09,011,2017,471.21368,0.0,103329.81
New London,09,011,2018,245.48982,0.0,103329.81
New London,09,011,2019,334.81124,0.0,103329.81
New London,09,011,2020,281.79466,0.0,103329.81
Tolland,09,013,2010,158.99211,0.0,56610.92
Tolland,09,013,2011,67.25037999999999,0.0,56610.92
Tolland,09,013,2012,127.12454,0.0,56610.92
Tolland,09,013,2013,139.51428,0.0,56610.92
Tolland,09,013,2014,201.86639,0.0,56610.92
Tolland,09,013,2015,126.89403,0.0,56610.92
Tolland,09,013,2016,271.42184,0.0,56610.92
Tolland,09,013,2017,349.04503,0.0,56610.92
Tolland,09,013,2018,198.86981,0.0,56610.92
Tolland,09,013,2019,146.77525,0.0,56610.92
Tolland,09,013,2020,307.95719,0.0,56610.92
Baker,41,001,2010,0.0,493321.26583999995,414417.49
Baker,41,001,2011,0.0,201045.32067000002,414417.49
Baker,41,001,2012,0.0,531952.61916,414417.49
Baker,41,001,2013,0.0,248264.2943,414417.49
Baker,41,001,2014,0.0,357595.93204,414417.49
Baker,41,001,2015,0.0,958943.90711,414417.49
Baker,41,001,2016,0.0,1846952.38491,414417.49
Baker,41,001,2017,0.0,821907.1314,414417.49
Baker,41,001,2018,0.0,379282.39756,414417.49
Baker,41,001,2019,0.0,1124235.21169,414417.49
Baker,41,001,2020,0.0,450302.45226,414417.49
Bay,26,017,2010,0.0,7397.30141,71476.25
Bay,26,017,2011,0.0,6019.40697,71476.25
Bay,26,017,2012,0.0,9420.81532,71476.25
Bay,26,017,2013,0.0,9754.956810000001,71476.25
Bay,26,017,2014,0.0,16320.27752,71476.25
Bay,26,017,2015,0.0,24527.88247,71476.25
Bay,26,017,2016,0.0,19530.44671,71476.25
Bay,26,017,2017,0.0,56439.39088,71476.25
Bay,26,017,2018,0.0,42820.73069,71476.25
Bay,26,017,2019,0.0,13804.743480000001,71476.25
Bay,26,017,2020,0.0,27641.199320000003,71476.25
Bradford,42,015,2010,0.0,66717.78802,113432.4
Bradford,42,015,2011,0.0,140928.52803,113432.4
Bradford,42,015,2012,0.0,124647.45568,113432.4
Bradford,42,015,2013,0.0,60114.40662,113432.4
Bradford,42,015,2014,0.0,22695.77078,113432.4
Bradford,42,015,2015,0.0,21682.06829,113432.4
Bradford,42,015,2016,0.0,47462.8003,113432.4
Bradford,42,015,2017,0.0,55780.27014,113432.4
Bradford,42,015,2018,0.0,107120.8211,113432.4
Bradford,42,015,2019,0.0,87942.80061,113432.4
Bradford,42,015,2020,0.0,61747.24067,113432.4
Brevard,12,009,2010,583.82863,133716.92226,208955.07
Brevard,12,009,2011,624.79048,139072.28678,208955.07
Brevard,12,009,2012,849.61663,199065.61169999998,208955.07
Brevard,12,009,2013,1303.83615,235632.12533,208955.07
Brevard,12,009,2014,515.07758,91541.45288,208955.07
Brevard,12,009,2015,659.57599,132147.83206,208955.07
Brevard,12,009,2016,879.6754900000001,184375.88210999998,208955.07
Brevard,12,009,2017,1978.7432,514608.25295,208955.07
Brevard,12,009,2018,682.13257,135308.28051,208955.07
Brevard,12,009,2019,1037.95758,222914.15879,208955.07
Brevard,12,009,2020,726.6876599999999,159551.45752,208955.07
Charlotte,51,037,2010,3572.3108899999997,0.0,82478.61
Charlotte,51,037,2011,2560.00772,0.0,82478.61
Charlotte,51,037,2012,2873.46922,0.0,82478.61
Charlotte,51,037,2013,3406.0878600000005,0.0,82478.61
Charlotte,51,037,2014,4081.92545,0.0,82478.61
Charlotte,51,037,2015,3973.95469,0.0,82478.61
Charlotte,51,037,2016,4602.05264,0.0,82478.61
Charlotte,51,037,2017,4152.7928600000005,0.0,82478.61
Charlotte,51,037,2018,3952.5584200000003,0.0,82478.61
Charlotte,51,037,2019,3979.82939,0.0,82478.61
Charlotte,51,037,2020,2778.67016,0.0,82478.61
Broward,12,011,2010,42.253460000000004,0.0,126041.95
Broward,12,011,2011,56.86538,0.0,126041.95
Broward,12,011,2012,69.01175,0.0,126041.95
Broward,12,011,2013,46.89255,0.0,126041.95
Broward,12,011,2014,333.91258,0.0,126041.95
Broward,12,011,2015,40.628569999999996,0.0,126041.95
Broward,12,011,2016,283.75481,0.0,126041.95
Broward,12,011,2017,215.82668,0.0,126041.95
Broward,12,011,2018,252.01055,0.0,126041.95
Broward,12,011,2019,300.74097,0.0,126041.95
Broward,12,011,2020,165.85296,0.0,126041.95
Citrus,12,017,2010,488.78450999999995,151897.32824,140357.42
Citrus,12,017,2011,432.60365,146034.41783999998,140357.42
Citrus,12,017,2012,609.89928,181520.97139,140357.42
Citrus,12,017,2013,360.80976,73042.58628,140357.42
Citrus,12,017,2014,457.47942,103051.87952,140357.42
Citrus,12,017,2015,770.54365,139457.54789000002,140357.42
Citrus,12,017,2016,717.74119,171453.1983,140357.42
Citrus,12,017,2017,1112.52306,243578.12569000002,140357.42
Citrus,12,017,2018,590.6817599999999,122637.13805000001,140357.42
Citrus,12,017,2019,609.6924399999999,134995.30617,140357.42
Citrus,12,017,2020,757.0059,187295.68636999998,140357.42
DeSoto,28,033,2010,271.97105999999997,102278.99575999999,57059.32
DeSoto,28,033,2011,123.07248999999999,41099.4096,57059.32
DeSoto,28,033,2012,243.59425,81010.2016,57059.32
DeSoto,28,033,2013,508.16821000000004,145567.63819,57059.32
DeSoto,28,033,2014,412.00587,118677.63604,57059.32
DeSoto,28,033,2015,146.53915,41009.11729,57059.32
DeSoto,28,033,2016,481.13052000000005,172681.799,57059.32
DeSoto,28,033,2017,630.4117,206585.94964,57059.32
DeSoto,28,033,2018,562.62618,172367.79606,57059.32
DeSoto,28,033,2019,284.97976,85646.15565,57059.32
DeSoto,28,033,2020,645.4609800000001,189990.87217000002,57059.32
Dixie,12,029,2010,4146.45181,0.0,138620.37
Dixie,12,029,2011,3451.55408,0.0,138620.37
Dixie,12,029,2012,4928.31264,0.0,138620.37
Dixie,12,029,2013,5679.84064,0.0,138620.37
Dixie,12,029,2014,5167.34347,0.0,138620.37
Dixie,12,029,2015,4795.61488,0.0,138620.37
Dixie,12,029,2016,5400.59021,0.0,138620.37
Dixie,12,029,2017,4821.84505,0.0,138620.37
Dixie,12,029,2018,3662.00075,0.0,138620.37
Dixie,12,029,2019,4132.1261,0.0,138620.37
Dixie,12,029,2020,4687.7349,0.0,138620.37
Collier,12,021,2010,1107.39743,289299.93662,358753.47
Collier,12,021,2011,867.55851,219706.15167999998,358753.47
Collier,12,021,2012,795.24055,198365.7058,358753.47
Collier,12,021,2013,1003.77678,249185.36463999999,358753.47
Collier,12,021,2014,658.90578,132229.86207,358753.47
Collier,12,021,2015,587.8117,142140.66512,358753.47
Collier,12,021,2016,878.8105400000001,181295.68842,358753.47
Collier,12,021,2017,7159.950779999999,2927185.40779,358753.47
Collier,12,021,2018,10548.48863,3684132.89767,358753.47
Collier,12,021,2019,1312.2100599999999,266976.65576,358753.47
Collier,12,021,2020,790.79554,181332.44694999998,358753.47
Duval,48,131,2010,68.53102,0.0,163542.0
Duval,48,131,2011,49.85939,0.0,163542.0
Duval,48,131,2012,87.28430999999999,0.0,163542.0
Duval,48,131,2013,144.06119999999999,0.0,163542.0
Duval,48,131,2014,266.75811999999996,0.0,163542.0
Duval,48,131,2015,216.23471,0.0,163542.0
Duval,48,131,2016,236.97921,0.0,163542.0
Duval,48,131,2017,230.62774,0.0,163542.0
Duval,48,131,2018,198.62212,0.0,163542.0
Duval,48,131,2019,600.89234,0.0,163542.0
Duval,48,131,2020,76.87225000000001,0.0,163542.0
Flagler,12,035,2010,2249.33795,0.0,69911.25
Flagler,12,035,2011,3157.70892,0.0,69911.25
Flagler,12,035,2012,1800.1967300000001,0.0,69911.25
Flagler,12,035,2013,2639.09138,0.0,69911.25
Flagler,12,035,2014,2064.71792,0.0,69911.25
Flagler,12,035,2015,2309.60009,0.0,69911.25
Flagler,12,035,2016,4102.33132,0.0,69911.25
Flagler,12,035,2017,2384.72598,0.0,69911.25
Flagler,12,035,2018,1304.24475,0.0,69911.25
Flagler,12,035,2019,1713.9734600000002,0.0,69911.25
Flagler,12,035,2020,2127.33404,0.0,69911.25
Highlands,12,055,2010,0.0,99093.20272999999,138349.65
Highlands,12,055,2011,0.0,87705.54758000001,138349.65
Highlands,12,055,2012,0.0,87128.00404,138349.65
Highlands,12,055,2013,0.0,170668.89039000002,138349.65
Highlands,12,055,2014,0.0,51320.442299999995,138349.65
Highlands,12,055,2015,0.0,34130.1074,138349.65
Highlands,12,055,2016,0.0,94269.97682,138349.65
Highlands,12,055,2017,0.0,142881.02679,138349.65
Highlands,12,055,2018,0.0,118420.52260000001,138349.65
Highlands,12,055,2019,0.0,28782.58503,138349.65
Highlands,12,055,2020,0.0,33347.85887,138349.65
Hillsborough,33,011,2010,1232.8286699999999,0.0,123973.52
Hillsborough,33,011,2011,791.60043,0.0,123973.52
Hillsborough,33,011,2012,1246.7848,0.0,123973.52
Hillsborough,33,011,2013,868.7828900000001,0.0,123973.52
Hillsborough,33,011,2014,1117.28101,0.0,123973.52
Hillsborough,33,011,2015,1231.1336,0.0,123973.52
Hillsborough,33,011,2016,2249.9307000000003,0.0,123973.52
Hillsborough,33,011,2017,2288.69144,0.0,123973.52
Hillsborough,33,011,2018,1904.47424,0.0,123973.52
Hillsborough,33,011,2019,1758.8107200000002,0.0,123973.52
Hillsborough,33,011,2020,1684.39688,0.0,123973.52
Leon,48,289,2010,1378.01619,407959.78064,159660.44
Leon,48,289,2011,1472.53304,436849.7306,159660.44
Leon,48,289,2012,1952.82118,576352.12621,159660.44
Leon,48,289,2013,523.26239,139257.69854,159660.44
Leon,48,289,2014,1188.9794,322567.78242,159660.44
Leon,48,289,2015,938.39395,223062.30060000002,159660.44
Leon,48,289,2016,1571.78037,385782.13141000003,159660.44
Leon,48,289,2017,869.6500900000001,230994.08985000002,159660.44
Leon,48,289,2018,889.64303,259184.45767,159660.44
Leon,48,289,2019,1344.74668,350244.24745,159660.44
Leon,48,289,2020,775.09834,195612.63486,159660.44
Levy,12,075,2010,4643.34538,1674201.73498,202214.19
Levy,12,075,2011,5232.71713,1963225.86289,202214.19
Levy,12,075,2012,5906.56346,1952015.14368,202214.19
Levy,12,075,2013,4515.49012,1224605.2197399999,202214.19
Levy,12,075,2014,5337.83957,1345129.24582,202214.19
Levy,12,075,2015,4719.61465,1275551.71597,202214.19
Levy,12,075,2016,6103.15523,1731231.6821400002,202214.19
Levy,12,075,2017,7846.7217,2215437.3517299998,202214.19
Levy,12,075,2018,4686.6588,1116554.07519,202214.19
Levy,12,075,2019,4506.54496,1250982.31324,202214.19
Levy,12,075,2020,5233.18793,1438905.9089,202214.19
Martin,48,317,2010,13.29398,0.0,78764.81
Martin,48,317,2011,7.7369699999999995,0.0,78764.81
Martin,48,317,2012,11.390529999999998,0.0,78764.81
Martin,48,317,2014,0.19673,0.0,78764.81
Martin,48,317,2018,0.19673,0.0,78764.81
Martin,48,317,2019,0.06558,0.0,78764.81
Martin,48,317,2020,3.66599,0.0,78764.81
Palm Beach,12,099,2010,0.0,46508.92818,215432.6
Palm Beach,12,099,2011,0.0,64770.80963,215432.6
Palm Beach,12,099,2012,0.0,59844.7801,215432.6
Palm Beach,12,099,2013,0.0,71334.71876,215432.6
Palm Beach,12,099,2014,0.0,55597.64521,215432.6
Palm Beach,12,099,2015,0.0,77573.73953,215432.6
Palm Beach,12,099,2016,0.0,79588.12671,215432.6
Palm Beach,12,099,2017,0.0,117118.0188,215432.6
Palm Beach,12,099,2018,0.0,134001.20075,215432.6
Palm Beach,12,099,2019,0.0,110223.79643,215432.6
Palm Beach,12,099,2020,0.0,60922.74639,215432.6
Pinellas,12,103,2010,0.0,27723.96891,97082.96
Pinellas,12,103,2011,0.0,10563.19711,97082.96
Pinellas,12,103,2012,0.0,46845.08885,97082.96
Pinellas,12,103,2013,0.0,6551.16917,97082.96
Pinellas,12,103,2014,0.0,14913.30711,97082.96
Pinellas,12,103,2015,0.0,16132.64702,97082.96
Pinellas,12,103,2016,0.0,15829.81736,97082.96
Pinellas,12,103,2017,0.0,31374.70438,97082.96
Pinellas,12,103,2018,0.0,16822.88299,97082.96
Pinellas,12,103,2019,0.0,22760.85231,97082.96
Pinellas,12,103,2020,0.0,12758.65291,97082.96
Osceola,26,133,2010,224.17085,0.0,49081.04
Osceola,26,133,2011,126.03383,0.0,49081.04
Osceola,26,133,2012,382.08675,0.0,49081.04
Osceola,26,133,2013,411.09059,0.0,49081.04
Osceola,26,133,2014,394.26393,0.0,49081.04
Osceola,26,133,2015,256.77248,0.0,49081.04
Osceola,26,133,2016,317.93515,0.0,49081.04
Osceola,26,133,2017,311.01629,0.0,49081.04
Osceola,26,133,2018,382.30816,0.0,49081.04
Osceola,26,133,2019,969.41437,0.0,49081.04
Osceola,26,133,2020,499.0984,0.0,49081.04
Putnam,54,079,2010,115.33265,0.0,48937.26
Putnam,54,079,2011,140.57688,0.0,48937.26
Putnam,54,079,2012,140.51605,0.0,48937.26
Putnam,54,079,2013,39.11334,0.0,48937.26
Putnam,54,079,2014,102.13266,0.0,48937.26
Putnam,54,079,2015,173.78977,0.0,48937.26
Putnam,54,079,2016,293.31965,0.0,48937.26
Putnam,54,079,2017,248.30585,0.0,48937.26
Putnam,54,079,2018,175.43216,0.0,48937.26
Putnam,54,079,2019,108.3981,0.0,48937.26
Putnam,54,079,2020,80.65986,0.0,48937.26
Pasco,12,101,2010,359.50781,95252.98767,106623.0
Pasco,12,101,2011,345.89782,93941.04186,106623.0
Pasco,12,101,2012,658.51923,188447.83525,106623.0
Pasco,12,101,2013,759.0970299999999,166296.35997,106623.0
Pasco,12,101,2014,961.3414399999999,205498.26987000002,106623.0
Pasco,12,101,2015,858.10968,160474.62884999998,106623.0
Pasco,12,101,2016,1148.54681,241792.16324999998,106623.0
Pasco,12,101,2017,1685.0525,341524.01926,106623.0
Pasco,12,101,2018,1072.60309,222636.49678,106623.0
Pasco,12,101,2019,920.23927,192625.32392,106623.0
Pasco,12,101,2020,921.1919700000001,178752.94119,106623.0
Holmes,39,075,2010,26.24914,0.0,39669.44
Holmes,39,075,2011,27.77594,0.0,39669.44
Holmes,39,075,2012,41.22349,0.0,39669.44
Holmes,39,075,2013,10.21779,0.0,39669.44
Holmes,39,075,2014,13.79988,0.0,39669.44
Holmes,39,075,2015,8.51482,0.0,39669.44
Holmes,39,075,2016,53.14424,0.0,39669.44
Holmes,39,075,2017,26.54276,0.0,39669.44
Holmes,39,075,2018,48.32896,0.0,39669.44
Holmes,39,075,2019,10.68757,0.0,39669.44
Holmes,39,075,2020,22.37343,0.0,39669.44
Santa Rosa,12,113,2010,2693.87529,885935.1453,144531.56
Santa Rosa,12,113,2011,2513.51299,855217.39138,144531.56
Santa Rosa,12,113,2012,2479.16776,821268.89556,144531.56
Santa Rosa,12,113,2013,2746.75499,846730.03144,144531.56
Santa Rosa,12,113,2014,3341.85091,918363.04727,144531.56
Santa Rosa,12,113,2015,3255.88818,944371.7471,144531.56
Santa Rosa,12,113,2016,3211.37889,784992.90631,144531.56
Santa Rosa,12,113,2017,3061.11019,909479.81936,144531.56
Santa Rosa,12,113,2018,2878.68851,869429.13756,144531.56
Santa Rosa,12,113,2019,2452.59504,693627.62548,144531.56
Santa Rosa,12,113,2020,2106.15329,674772.09819,144531.56
Indian River,12,061,2010,232.05028,0.0,67768.9
Indian River,12,061,2011,239.87602,0.0,67768.9
Indian River,12,061,2012,248.11006,0.0,67768.9
Indian River,12,061,2013,541.81359,0.0,67768.9
Indian River,12,061,2014,104.2525,0.0,67768.9
Indian River,12,061,2015,176.24933,0.0,67768.9
Indian River,12,061,2016,222.11499,0.0,67768.9
Indian River,12,061,2017,385.29873,0.0,67768.9
Indian River,12,061,2018,659.19972,0.0,67768.9
Indian River,12,061,2019,316.0239,0.0,67768.9
Indian River,12,061,2020,345.01317,0.0,67768.9
Taylor,55,119,2010,512.63068,0.0,89056.06
Taylor,55,119,2011,384.56781,0.0,89056.06
Taylor,55,119,2012,571.19073,0.0,89056.06
Taylor,55,119,2013,215.76751,0.0,89056.06
Taylor,55,119,2014,191.39006,0.0,89056.06
Taylor,55,119,2015,282.29086,0.0,89056.06
Taylor,55,119,2016,343.12614,0.0,89056.06
Taylor,55,119,2017,368.69538,0.0,89056.06
Taylor,55,119,2018,291.87933,0.0,89056.06
Taylor,55,119,2019,464.20081,0.0,89056.06
Taylor,55,119,2020,359.64864,0.0,89056.06
St. Johns,12,109,2010,2882.6906799999997,1024334.20169,119885.86
St. Johns,12,109,2011,2812.82791,919528.91147,119885.86
St. Johns,12,109,2012,2827.0399700000003,940735.4515,119885.86
St. Johns,12,109,2013,2741.98427,832435.80226,119885.86
St. Johns,12,109,2014,2357.19641,632209.04241,119885.86
St. Johns,12,109,2015,3353.4535699999997,873761.09891,119885.86
St. Johns,12,109,2016,5057.59034,1150087.0024899999,119885.86
St. Johns,12,109,2017,4974.75836,1143688.93295,119885.86
St. Johns,12,109,2018,3061.87101,698912.9788299999,119885.86
St. Johns,12,109,2019,3029.4916900000003,755137.97187,119885.86
St. Johns,12,109,2020,3353.09081,924887.16919,119885.86
Seminole,40,133,2010,0.0,43592.34959,68235.58
Seminole,40,133,2011,0.0,24315.449269999997,68235.58
Seminole,40,133,2012,0.0,51176.97264,68235.58
Seminole,40,133,2013,0.0,49773.33173,68235.58
Seminole,40,133,2014,0.0,56434.97333,68235.58
Seminole,40,133,2015,0.0,30163.37404,68235.58
Seminole,40,133,2016,0.0,42766.26797,68235.58
Seminole,40,133,2017,0.0,72639.08045000001,68235.58
Seminole,40,133,2018,0.0,21880.297029999998,68235.58
Seminole,40,133,2019,0.0,45480.45392,68235.58
Seminole,40,133,2020,0.0,42525.567689999996,68235.58
St. Lucie,12,111,2010,150.76484,30504.95069,69095.11
St. Lucie,12,111,2011,145.31408,28634.09483,69095.11
St. Lucie,12,111,2012,284.68728,51651.8332,69095.11
St. Lucie,12,111,2013,149.35177000000002,18007.54154,69095.11
St. Lucie,12,111,2014,244.33138,23378.21161,69095.11
St. Lucie,12,111,2015,247.02084000000002,29095.64558,69095.11
St. Lucie,12,111,2016,368.57307,28892.33422,69095.11
St. Lucie,12,111,2017,337.61220000000003,33446.96053,69095.11
St. Lucie,12,111,2018,699.52905,93254.45115,69095.11
St. Lucie,12,111,2019,227.17629,21726.01439,69095.11
St. Lucie,12,111,2020,212.12289,21287.77924,69095.11
Volusia,12,127,2010,2756.6396000000004,0.0,296552.71
Volusia,12,127,2011,4118.10117,0.0,296552.71
Volusia,12,127,2012,3343.20188,0.0,296552.71
Volusia,12,127,2013,4906.08222,0.0,296552.71
Volusia,12,127,2014,2949.06504,0.0,296552.71
Volusia,12,127,2015,3140.28845,0.0,296552.71
Volusia,12,127,2016,5737.39134,0.0,296552.71
Volusia,12,127,2017,5747.0617600000005,0.0,296552.71
Volusia,12,127,2018,3732.6102499999997,0.0,296552.71
Volusia,12,127,2019,4065.24841,0.0,296552.71
Volusia,12,127,2020,2537.5178699999997,0.0,296552.71
Wakulla,12,129,2010,1345.9756499999999,0.0,130702.76
Wakulla,12,129,2011,1149.17273,0.0,130702.76
Wakulla,12,129,2012,1709.5275,0.0,130702.76
Wakulla,12,129,2013,1285.73781,0.0,130702.76
Wakulla,12,129,2014,1484.29613,0.0,130702.76
Wakulla,12,129,2015,1738.90054,0.0,130702.76
Wakulla,12,129,2016,3091.84614,0.0,130702.76
Wakulla,12,129,2017,2860.03024,0.0,130702.76
Wakulla,12,129,2018,2568.5439100000003,0.0,130702.76
Wakulla,12,129,2019,2001.29799,0.0,130702.76
Wakulla,12,129,2020,3224.63533,0.0,130702.76
Walton,13,297,2010,672.67508,0.0,53597.05
Walton,13,297,2011,477.67363,0.0,53597.05
Walton,13,297,2012,485.55273,0.0,53597.05
Walton,13,297,2013,524.47738,0.0,53597.05
Walton,13,297,2014,1051.90082,0.0,53597.05
Walton,13,297,2015,617.52386,0.0,53597.05
Walton,13,297,2016,1274.2209699999999,0.0,53597.05
Walton,13,297,2017,1763.50156,0.0,53597.05
Walton,13,297,2018,1048.8327100000001,0.0,53597.05
Walton,13,297,2019,772.94642,0.0,53597.05
Walton,13,297,2020,838.9419399999999,0.0,53597.05
Appling,13,001,2010,4878.06456,0.0,86302.29
Appling,13,001,2011,3834.1093,0.0,86302.29
Appling,13,001,2012,7530.83881,0.0,86302.29
Appling,13,001,2013,6911.15431,0.0,86302.29
Appling,13,001,2014,5851.32989,0.0,86302.29
Appling,13,001,2015,4777.210080000001,0.0,86302.29
Appling,13,001,2016,5839.72309,0.0,86302.29
Appling,13,001,2017,6203.402480000001,0.0,86302.29
Appling,13,001,2018,5339.18851,0.0,86302.29
Appling,13,001,2019,5245.285,0.0,86302.29
Appling,13,001,2020,4155.09931,0.0,86302.29
Bartow,13,015,2010,0.0,521679.72569,45726.04
Bartow,13,015,2011,0.0,865168.21892,45726.04
Bartow,13,015,2012,0.0,564783.0790500001,45726.04
Bartow,13,015,2013,0.0,312540.27515999996,45726.04
Bartow,13,015,2014,0.0,356771.10103,45726.04
Bartow,13,015,2015,0.0,485947.36467,45726.04
Bartow,13,015,2016,0.0,510058.78383000003,45726.04
Bartow,13,015,2017,0.0,489239.97369,45726.04
Bartow,13,015,2018,0.0,411710.04047,45726.04
Bartow,13,015,2019,0.0,385925.84020000004,45726.04
Bartow,13,015,2020,0.0,226049.68372,45726.04
Berrien,26,021,2010,0.0,2957.85234,144056.91
Berrien,26,021,2011,0.0,4826.223,144056.91
Berrien,26,021,2012,0.0,5155.1983199999995,144056.91
Berrien,26,021,2013,0.0,26311.497180000002,144056.91
Berrien,26,021,2014,0.0,3589.75949,144056.91
Berrien,26,021,2015,0.0,3214.1178800000002,144056.91
Berrien,26,021,2016,0.0,9636.43686,144056.91
Berrien,26,021,2017,0.0,6770.52066,144056.91
Berrien,26,021,2018,0.0,6377.73003,144056.91
Berrien,26,021,2019,0.0,7427.12086,144056.91
Berrien,26,021,2020,0.0,11915.33883,144056.91
Bleckley,13,023,2010,1439.51064,0.0,38415.03
Bleckley,13,023,2011,1485.39269,0.0,38415.03
Bleckley,13,023,2012,2187.86569,0.0,38415.03
Bleckley,13,023,2013,974.26174,0.0,38415.03
Bleckley,13,023,2014,1989.5593900000001,0.0,38415.03
Bleckley,13,023,2015,1841.02079,0.0,38415.03
Bleckley,13,023,2016,2550.48117,0.0,38415.03
Bleckley,13,023,2017,2489.42775,0.0,38415.03
Bleckley,13,023,2018,1952.44337,0.0,38415.03
Bleckley,13,023,2019,1141.4323,0.0,38415.03
Bleckley,13,023,2020,1203.9825,0.0,38415.03
Brantley,13,025,2010,0.0,1671801.21282,69856.74
Brantley,13,025,2011,0.0,1953959.34705,69856.74
Brantley,13,025,2012,0.0,1828891.89181,69856.74
Brantley,13,025,2013,0.0,1682154.77979,69856.74
Brantley,13,025,2014,0.0,2034540.73667,69856.74
Brantley,13,025,2015,0.0,1474658.5755,69856.74
Brantley,13,025,2016,0.0,1687935.3485299998,69856.74
Brantley,13,025,2017,0.0,1810617.5770200002,69856.74
Brantley,13,025,2018,0.0,1019921.26599,69856.74
Brantley,13,025,2019,0.0,1574268.89717,69856.74
Brantley,13,025,2020,0.0,1332155.459,69856.74
Bryan,40,013,2010,547.14652,0.0,139706.02
Bryan,40,013,2011,574.57387,0.0,139706.02
Bryan,40,013,2012,635.38517,0.0,139706.02
Bryan,40,013,2013,467.82658,0.0,139706.02
Bryan,40,013,2014,982.51198,0.0,139706.02
Bryan,40,013,2015,504.8204999999999,0.0,139706.02
Bryan,40,013,2016,826.15905,0.0,139706.02
Bryan,40,013,2017,481.45274,0.0,139706.02
Bryan,40,013,2018,580.0627,0.0,139706.02
Bryan,40,013,2019,511.72811,0.0,139706.02
Bryan,40,013,2020,327.46138,0.0,139706.02
Brooks,48,047,2010,11.49139,0.0,96693.06
Brooks,48,047,2011,25.18473,0.0,96693.06
Brooks,48,047,2012,6.74345,0.0,96693.06
Brooks,48,047,2013,42.66266,0.0,96693.06
Brooks,48,047,2014,26.07927,0.0,96693.06
Brooks,48,047,2015,6.67464,0.0,96693.06
Brooks,48,047,2016,43.28196,0.0,96693.06
Brooks,48,047,2017,30.62078,0.0,96693.06
Brooks,48,047,2018,89.79801,0.0,96693.06
Brooks,48,047,2019,13.89977,0.0,96693.06
Brooks,48,047,2020,51.74568,0.0,96693.06
Butts,13,035,2010,656.12099,0.0,28439.32
Butts,13,035,2011,567.37032,0.0,28439.32
Butts,13,035,2012,650.23447,0.0,28439.32
Butts,13,035,2013,850.50565,0.0,28439.32
Butts,13,035,2014,874.89267,0.0,28439.32
Butts,13,035,2015,928.45357,0.0,28439.32
Butts,13,035,2016,941.84379,0.0,28439.32
Butts,13,035,2017,1436.05304,0.0,28439.32
Butts,13,035,2018,790.34667,0.0,28439.32
Butts,13,035,2019,1097.80433,0.0,28439.32
Butts,13,035,2020,1088.36002,0.0,28439.32
Camden,37,029,2010,0.0,673001.65015,99724.02
Camden,37,029,2011,0.0,362820.65858,99724.02
Camden,37,029,2012,0.0,568153.53518,99724.02
Camden,37,029,2013,0.0,557870.72093,99724.02
Camden,37,029,2014,0.0,721302.0995799999,99724.02
Camden,37,029,2015,0.0,584540.6858399999,99724.02
Camden,37,029,2016,0.0,679218.1732300001,99724.02
Camden,37,029,2017,0.0,509816.87621,99724.02
Camden,37,029,2018,0.0,385946.55442,99724.02
Camden,37,029,2019,0.0,504178.44929,99724.02
Camden,37,029,2020,0.0,346346.74123000004,99724.02
Candler,13,043,2010,992.2178600000001,373242.43354999996,33585.22
Candler,13,043,2011,1045.85595,407765.16628999996,33585.22
Candler,13,043,2012,939.23422,349433.03209,33585.22
Candler,13,043,2013,1169.6007100000002,386249.11683,33585.22
Candler,13,043,2014,1148.25936,378024.42592999997,33585.22
Candler,13,043,2015,1890.14246,599208.54302,33585.22
Candler,13,043,2016,1756.70715,539004.15298,33585.22
Candler,13,043,2017,1737.50054,546512.18689,33585.22
Candler,13,043,2018,1155.37685,378631.07807,33585.22
Candler,13,043,2019,1151.0474,404917.24715,33585.22
Candler,13,043,2020,1528.66968,474207.40717,33585.22
Catoosa,13,047,2010,266.42323,0.0,20948.14
Catoosa,13,047,2011,447.07834,0.0,20948.14
Catoosa,13,047,2012,354.99717,0.0,20948.14
Catoosa,13,047,2013,104.00582,0.0,20948.14
Catoosa,13,047,2014,179.69858,0.0,20948.14
Catoosa,13,047,2015,313.93049,0.0,20948.14
Catoosa,13,047,2016,436.3653,0.0,20948.14
Catoosa,13,047,2017,363.03195,0.0,20948.14
Catoosa,13,047,2018,142.458,0.0,20948.14
Catoosa,13,047,2019,138.56814,0.0,20948.14
Catoosa,13,047,2020,208.20294,0.0,20948.14
Charlton,13,049,2010,5457.90254,1795552.87599,133037.52
Charlton,13,049,2011,20278.76718,6010850.65436,133037.52
Charlton,13,049,2012,8092.18851,3119391.32946,133037.52
Charlton,13,049,2013,5215.42652,1763298.6646,133037.52
Charlton,13,049,2014,6728.74257,1950636.95538,133037.52
Charlton,13,049,2015,6441.95656,1851642.77764,133037.52
Charlton,13,049,2016,8176.75617,2474915.31479,133037.52
Charlton,13,049,2017,38105.47077,24792295.64093,133037.52
Charlton,13,049,2018,4495.90387,1206867.60198,133037.52
Charlton,13,049,2019,4615.81324,1273582.6371,133037.52
Charlton,13,049,2020,3683.11099,1216787.65702,133037.52
Clayton,19,043,2010,0.0,13006.08292,92817.64
Clayton,19,043,2011,0.0,6737.225640000001,92817.64
Clayton,19,043,2012,0.0,21273.09674,92817.64
Clayton,19,043,2013,0.0,15559.61857,92817.64
Clayton,19,043,2014,0.0,5672.04846,92817.64
Clayton,19,043,2015,0.0,2127.1120300000002,92817.64
Clayton,19,043,2016,0.0,8752.42161,92817.64
Clayton,19,043,2017,0.0,9595.531219999999,92817.64
Clayton,19,043,2018,0.0,4817.06901,92817.64
Clayton,19,043,2019,0.0,2099.7036900000003,92817.64
Clayton,19,043,2020,0.0,8628.4887,92817.64
Chattahoochee,13,053,2010,1827.5883000000001,659381.8289900001,39978.06
Chattahoochee,13,053,2011,1258.2775299999998,471436.20433999994,39978.06
Chattahoochee,13,053,2012,881.6902500000001,344777.14337,39978.06
Chattahoochee,13,053,2013,682.48575,230655.31232,39978.06
Chattahoochee,13,053,2014,717.01199,236413.80155,39978.06
Chattahoochee,13,053,2015,521.21313,197482.0215,39978.06
Chattahoochee,13,053,2016,630.6315699999999,275132.63193,39978.06
Chattahoochee,13,053,2017,1001.68487,352306.67474,39978.06
Chattahoochee,13,053,2018,651.3818499999999,195820.63377000001,39978.06
Chattahoochee,13,053,2019,612.59945,198849.08486,39978.06
Chattahoochee,13,053,2020,555.0442099999999,230673.01549,39978.06
Clinch,13,065,2010,10762.41408,0.0,116216.69
Clinch,13,065,2011,14648.60703,0.0,116216.69
Clinch,13,065,2012,12173.09302,0.0,116216.69
Clinch,13,065,2013,11082.88101,0.0,116216.69
Clinch,13,065,2014,10651.40657,0.0,116216.69
Clinch,13,065,2015,11529.302599999999,0.0,116216.69
Clinch,13,065,2016,13489.1731,0.0,116216.69
Clinch,13,065,2017,13864.446249999999,0.0,116216.69
Clinch,13,065,2018,8199.27654,0.0,116216.69
Clinch,13,065,2019,8243.52011,0.0,116216.69
Clinch,13,065,2020,5746.81437,0.0,116216.69
Decatur,47,039,2010,1500.54823,0.0,43141.82
Decatur,47,039,2011,511.53197,0.0,43141.82
Decatur,47,039,2012,788.24797,0.0,43141.82
Decatur,47,039,2013,607.70727,0.0,43141.82
Decatur,47,039,2014,657.01988,0.0,43141.82
Decatur,47,039,2015,773.04586,0.0,43141.82
Decatur,47,039,2016,860.2381,0.0,43141.82
Decatur,47,039,2017,977.26917,0.0,43141.82
Decatur,47,039,2018,536.47096,0.0,43141.82
Decatur,47,039,2019,745.97104,0.0,43141.82
Decatur,47,039,2020,1539.24449,0.0,43141.82
Dodge,55,027,2010,2.82513,0.0,78958.05
Dodge,55,027,2011,2.2036000000000002,0.0,78958.05
Dodge,55,027,2012,2.8251199999999996,0.0,78958.05
Dodge,55,027,2013,15.14267,0.0,78958.05
Dodge,55,027,2014,2.59912,0.0,78958.05
Dodge,55,027,2016,18.0243,0.0,78958.05
Dodge,55,027,2017,5.19824,0.0,78958.05
Dodge,55,027,2018,13.391100000000002,0.0,78958.05
Dodge,55,027,2019,12.204550000000001,0.0,78958.05
Dodge,55,027,2020,1.80809,0.0,78958.05
Dougherty,13,095,2010,444.92691,0.0,35370.79
Dougherty,13,095,2011,721.65375,0.0,35370.79
Dougherty,13,095,2012,516.14145,0.0,35370.79
Dougherty,13,095,2013,402.49984,0.0,35370.79
Dougherty,13,095,2014,617.32379,0.0,35370.79
Dougherty,13,095,2015,685.58745,0.0,35370.79
Dougherty,13,095,2016,1138.3178,0.0,35370.79
Dougherty,13,095,2017,3081.56969,0.0,35370.79
Dougherty,13,095,2018,725.85055,0.0,35370.79
Dougherty,13,095,2019,1888.43113,0.0,35370.79
Dougherty,13,095,2020,477.97675,0.0,35370.79
Dooly,13,093,2010,513.9118900000001,0.0,38871.82
Dooly,13,093,2011,538.9615699999999,0.0,38871.82
Dooly,13,093,2012,1060.54576,0.0,38871.82
Dooly,13,093,2013,818.24584,0.0,38871.82
Dooly,13,093,2014,944.93689,0.0,38871.82
Dooly,13,093,2015,1168.15446,0.0,38871.82
Dooly,13,093,2016,1563.50661,0.0,38871.82
Dooly,13,093,2017,1486.1935899999999,0.0,38871.82
Dooly,13,093,2018,1076.5460699999999,0.0,38871.82
Dooly,13,093,2019,722.7029399999999,0.0,38871.82
Dooly,13,093,2020,798.37658,0.0,38871.82
Early,13,099,2010,1236.78217,480192.02048,75480.11
Early,13,099,2011,1785.94532,675345.4654999999,75480.11
Early,13,099,2012,1624.2796,603150.72531,75480.11
Early,13,099,2013,1771.88875,652404.8493,75480.11
Early,13,099,2014,2160.66077,732787.66865,75480.11
Early,13,099,2015,2533.8393,795253.31687,75480.11
Early,13,099,2016,2350.9435399999998,742944.54741,75480.11
Early,13,099,2017,3663.35676,1146642.35549,75480.11
Early,13,099,2018,2901.23168,957582.9253100001,75480.11
Early,13,099,2019,4120.45978,1544631.01528,75480.11
Early,13,099,2020,1913.5209599999998,624008.9504600001,75480.11
Echols,13,101,2010,0.0,2036587.274,54727.27
Echols,13,101,2011,0.0,1442097.45769,54727.27
Echols,13,101,2012,0.0,3013136.55462,54727.27
Echols,13,101,2013,0.0,2203508.54934,54727.27
Echols,13,101,2014,0.0,1696773.6358,54727.27
Echols,13,101,2015,0.0,1494977.46005,54727.27
Echols,13,101,2016,0.0,2042191.84744,54727.27
Echols,13,101,2017,0.0,2144322.46324,54727.27
Echols,13,101,2018,0.0,1410095.77627,54727.27
Echols,13,101,2019,0.0,1424379.68802,54727.27
Echols,13,101,2020,0.0,1118414.28798,54727.27
Emanuel,13,107,2010,5188.535260000001,0.0,121719.5
Emanuel,13,107,2011,5002.97611,0.0,121719.5
Emanuel,13,107,2012,6681.77753,0.0,121719.5
Emanuel,13,107,2013,6280.635200000001,0.0,121719.5
Emanuel,13,107,2014,6195.66224,0.0,121719.5
Emanuel,13,107,2015,7447.202,0.0,121719.5
Emanuel,13,107,2016,8771.24099,0.0,121719.5
Emanuel,13,107,2017,8300.80973,0.0,121719.5
Emanuel,13,107,2018,6433.88246,0.0,121719.5
Emanuel,13,107,2019,6916.64417,0.0,121719.5
Emanuel,13,107,2020,5542.46644,0.0,121719.5
Fannin,48,147,2010,0.0,104243.10926,99184.42
Fannin,48,147,2011,0.0,56743.04202,99184.42
Fannin,48,147,2012,0.0,43072.174150000006,99184.42
Fannin,48,147,2013,0.0,44074.31122,99184.42
Fannin,48,147,2014,0.0,73519.35567,99184.42
Fannin,48,147,2015,0.0,32712.38755,99184.42
Fannin,48,147,2016,0.0,33534.968890000004,99184.42
Fannin,48,147,2017,0.0,22208.92129,99184.42
Fannin,48,147,2018,0.0,148312.56302,99184.42
Fannin,48,147,2019,0.0,210912.65367,99184.42
Fannin,48,147,2020,0.0,32102.64931,99184.42
Evans,13,109,2010,0.0,431248.12803,24382.09
Evans,13,109,2011,0.0,305067.60003,24382.09
Evans,13,109,2012,0.0,443329.54767,24382.09
Evans,13,109,2013,0.0,549451.47555,24382.09
Evans,13,109,2014,0.0,412023.07363,24382.09
Evans,13,109,2015,0.0,428109.67567,24382.09
Evans,13,109,2016,0.0,568759.87641,24382.09
Evans,13,109,2017,0.0,359823.78938,24382.09
Evans,13,109,2018,0.0,442255.65501,24382.09
Evans,13,109,2019,0.0,222208.06444,24382.09
Evans,13,109,2020,0.0,250097.40787,24382.09
Effingham,17,049,2010,0.0,225.98905,43033.84
Effingham,17,049,2011,0.0,263.02673,43033.84
Effingham,17,049,2012,0.0,1086.33765,43033.84
Effingham,17,049,2013,0.0,1990.4167300000001,43033.84
Effingham,17,049,2014,0.0,1984.5836799999997,43033.84
Effingham,17,049,2015,0.0,1644.07625,43033.84
Effingham,17,049,2016,0.0,3723.72106,43033.84
Effingham,17,049,2017,0.0,8369.79225,43033.84
Effingham,17,049,2018,0.0,13025.53361,43033.84
Effingham,17,049,2019,0.0,2147.70169,43033.84
Effingham,17,049,2020,0.0,2953.10133,43033.84
Forsyth,37,067,2010,588.57083,0.0,45672.07
Forsyth,37,067,2011,385.26935,0.0,45672.07
Forsyth,37,067,2012,627.4233099999999,0.0,45672.07
Forsyth,37,067,2013,372.21224,0.0,45672.07
Forsyth,37,067,2014,513.37844,0.0,45672.07
Forsyth,37,067,2015,784.1757699999999,0.0,45672.07
Forsyth,37,067,2016,550.59163,0.0,45672.07
Forsyth,37,067,2017,546.67145,0.0,45672.07
Forsyth,37,067,2018,573.8557199999999,0.0,45672.07
Forsyth,37,067,2019,527.63434,0.0,45672.07
Forsyth,37,067,2020,569.79027,0.0,45672.07
Floyd,51,063,2010,0.0,131147.80954,71381.94
Floyd,51,063,2011,0.0,152696.52719,71381.94
Floyd,51,063,2012,0.0,201378.37779,71381.94
Floyd,51,063,2013,0.0,214212.66981,71381.94
Floyd,51,063,2014,0.0,232101.90949,71381.94
Floyd,51,063,2015,0.0,244935.31474,71381.94
Floyd,51,063,2016,0.0,266251.97679,71381.94
Floyd,51,063,2017,0.0,376098.42301,71381.94
Floyd,51,063,2018,0.0,251221.76872,71381.94
Floyd,51,063,2019,0.0,217064.1309,71381.94
Floyd,51,063,2020,0.0,281720.08029,71381.94
Gilmer,54,021,2010,80.25613,0.0,55849.78
Gilmer,54,021,2011,71.37179,0.0,55849.78
Gilmer,54,021,2012,116.11586,0.0,55849.78
Gilmer,54,021,2013,67.59655000000001,0.0,55849.78
Gilmer,54,021,2014,134.41744,0.0,55849.78
Gilmer,54,021,2015,104.2436,0.0,55849.78
Gilmer,54,021,2016,181.20709,0.0,55849.78
Gilmer,54,021,2017,170.54242,0.0,55849.78
Gilmer,54,021,2018,51.666270000000004,0.0,55849.78
Gilmer,54,021,2019,62.412420000000004,0.0,55849.78
Gilmer,54,021,2020,62.45767,0.0,55849.78
Grady,40,051,2010,143.90113,0.0,99345.92
Grady,40,051,2011,145.13076999999998,0.0,99345.92
Grady,40,051,2012,224.86876999999998,0.0,99345.92
Grady,40,051,2013,61.493019999999994,0.0,99345.92
Grady,40,051,2014,107.29353,0.0,99345.92
Grady,40,051,2015,110.61502,0.0,99345.92
Grady,40,051,2016,228.8097,0.0,99345.92
Grady,40,051,2017,130.04697,0.0,99345.92
Grady,40,051,2018,46.94294,0.0,99345.92
Grady,40,051,2019,88.29503,0.0,99345.92
Grady,40,051,2020,127.0743,0.0,99345.92
Haralson,13,143,2010,1150.4793,0.0,30060.74
Haralson,13,143,2011,1474.32723,0.0,30060.74
Haralson,13,143,2012,2080.01571,0.0,30060.74
Haralson,13,143,2013,1796.40657,0.0,30060.74
Haralson,13,143,2014,1546.83382,0.0,30060.74
Haralson,13,143,2015,1622.37707,0.0,30060.74
Haralson,13,143,2016,1376.3785699999999,0.0,30060.74
Haralson,13,143,2017,1644.07258,0.0,30060.74
Haralson,13,143,2018,1397.53692,0.0,30060.74
Haralson,13,143,2019,1065.39008,0.0,30060.74
Haralson,13,143,2020,933.6936499999999,0.0,30060.74
Hart,21,099,2010,169.12945,0.0,49828.64
Hart,21,099,2011,182.85769,0.0,49828.64
Hart,21,099,2012,136.04563,0.0,49828.64
Hart,21,099,2013,156.14328,0.0,49828.64
Hart,21,099,2014,92.9439,0.0,49828.64
Hart,21,099,2015,183.72344,0.0,49828.64
Hart,21,099,2016,498.05068,0.0,49828.64
Hart,21,099,2017,343.63889,0.0,49828.64
Hart,21,099,2018,182.48666,0.0,49828.64
Hart,21,099,2019,92.13999,0.0,49828.64
Hart,21,099,2020,162.01798,0.0,49828.64
Heard,13,149,2010,2307.0644899999998,0.0,36004.4
Heard,13,149,2011,1422.4040599999998,0.0,36004.4
Heard,13,149,2012,1748.6209800000001,0.0,36004.4
Heard,13,149,2013,1785.5573,0.0,36004.4
Heard,13,149,2014,2157.9607800000003,0.0,36004.4
Heard,13,149,2015,1878.642,0.0,36004.4
Heard,13,149,2016,2031.7563,0.0,36004.4
Heard,13,149,2017,2300.72515,0.0,36004.4
Heard,13,149,2018,1454.7476,0.0,36004.4
Heard,13,149,2019,1460.63413,0.0,36004.4
Heard,13,149,2020,1302.73298,0.0,36004.4
Irwin,13,155,2010,939.55973,0.0,51821.0
Irwin,13,155,2011,1353.14176,0.0,51821.0
Irwin,13,155,2012,1519.11228,0.0,51821.0
Irwin,13,155,2013,2006.20397,0.0,51821.0
Irwin,13,155,2014,2009.5483,0.0,51821.0
Irwin,13,155,2015,2078.33656,0.0,51821.0
Irwin,13,155,2016,1928.62865,0.0,51821.0
Irwin,13,155,2017,1986.9249,0.0,51821.0
Irwin,13,155,2018,1946.98967,0.0,51821.0
Irwin,13,155,2019,1917.67761,0.0,51821.0
Irwin,13,155,2020,2129.35397,0.0,51821.0
Jeff Davis,48,243,2010,6.7096100000000005,0.0,372848.17
Jeff Davis,48,243,2011,25.11122,0.0,372848.17
Jeff Davis,48,243,2012,36.07246,0.0,372848.17
Jeff Davis,48,243,2013,0.86361,0.0,372848.17
Jeff Davis,48,243,2014,0.46502,0.0,372848.17
Jeff Davis,48,243,2018,9.63261,0.0,372848.17
Jeff Davis,48,243,2020,0.26573,0.0,372848.17
Jenkins,13,165,2010,1974.63762,836605.43054,45119.22
Jenkins,13,165,2011,2100.71272,928888.0379,45119.22
Jenkins,13,165,2012,2369.81095,1065660.2051,45119.22
Jenkins,13,165,2013,999.09186,380960.84413,45119.22
Jenkins,13,165,2014,1837.88914,727125.20346,45119.22
Jenkins,13,165,2015,1820.48832,697243.73545,45119.22
Jenkins,13,165,2016,3052.6477,1194294.50606,45119.22
Jenkins,13,165,2017,2515.61561,1044140.12653,45119.22
Jenkins,13,165,2018,1717.44181,688564.1332,45119.22
Jenkins,13,165,2019,2161.51857,960262.9356,45119.22
Jenkins,13,165,2020,2010.60363,840636.34069,45119.22
Laurens,45,059,2010,0.0,1342846.79826,130942.11
Laurens,45,059,2011,0.0,1232809.05597,130942.11
Laurens,45,059,2012,0.0,1851725.5561,130942.11
Laurens,45,059,2013,0.0,1333816.7511,130942.11
Laurens,45,059,2014,0.0,1320974.55126,130942.11
Laurens,45,059,2015,0.0,1610330.7462,130942.11
Laurens,45,059,2016,0.0,2186196.66277,130942.11
Laurens,45,059,2017,0.0,2821294.4905,130942.11
Laurens,45,059,2018,0.0,2036570.70776,130942.11
Laurens,45,059,2019,0.0,1722611.31688,130942.11
Laurens,45,059,2020,0.0,1744911.60633,130942.11
Lanier,13,173,2010,0.0,451658.06536,26996.54
Lanier,13,173,2011,0.0,290822.51395,26996.54
Lanier,13,173,2012,0.0,700014.96086,26996.54
Lanier,13,173,2013,0.0,464411.03496,26996.54
Lanier,13,173,2014,0.0,536344.77795,26996.54
Lanier,13,173,2015,0.0,382458.87237,26996.54
Lanier,13,173,2016,0.0,450882.50984,26996.54
Lanier,13,173,2017,0.0,504802.08332,26996.54
Lanier,13,173,2018,0.0,414609.01244,26996.54
Lanier,13,173,2019,0.0,291727.71138,26996.54
Lanier,13,173,2020,0.0,413186.13159,26996.54
Jasper,48,241,2010,15999.49736,0.0,190459.77
Jasper,48,241,2011,19601.8273,0.0,190459.77
Jasper,48,241,2012,11550.22861,0.0,190459.77
Jasper,48,241,2013,9484.93087,0.0,190459.77
Jasper,48,241,2014,12228.2314,0.0,190459.77
Jasper,48,241,2015,11133.16987,0.0,190459.77
Jasper,48,241,2016,9253.08394,0.0,190459.77
Jasper,48,241,2017,10856.0829,0.0,190459.77
Jasper,48,241,2018,6211.83686,0.0,190459.77
Jasper,48,241,2019,5725.48976,0.0,190459.77
Jasper,48,241,2020,7548.1122,0.0,190459.77
Long,13,183,2010,4234.37958,1642778.76313,80626.04
Long,13,183,2011,6326.35575,2290559.74521,80626.04
Long,13,183,2012,5430.86247,2025827.93181,80626.04
Long,13,183,2013,4160.27974,1397310.01989,80626.04
Long,13,183,2014,5600.83308,1872538.95302,80626.04
Long,13,183,2015,5030.52662,1676663.52208,80626.04
Long,13,183,2016,6224.77996,2136802.87803,80626.04
Long,13,183,2017,5203.4481,1857564.40599,80626.04
Long,13,183,2018,4062.90075,1510883.66316,80626.04
Long,13,183,2019,3300.91833,1140052.74759,80626.04
Long,13,183,2020,3103.66849,1239231.55309,80626.04
Glascock,13,125,2010,1004.2021400000001,0.0,22957.23
Glascock,13,125,2011,761.43154,0.0,22957.23
Glascock,13,125,2012,1086.87222,0.0,22957.23
Glascock,13,125,2013,1329.51343,0.0,22957.23
Glascock,13,125,2014,1817.96552,0.0,22957.23
Glascock,13,125,2015,1679.988,0.0,22957.23
Glascock,13,125,2016,1929.6800999999998,0.0,22957.23
Glascock,13,125,2017,1688.3326299999999,0.0,22957.23
Glascock,13,125,2018,1585.0920600000002,0.0,22957.23
Glascock,13,125,2019,1251.8242500000001,0.0,22957.23
Glascock,13,125,2020,976.1279499999999,0.0,22957.23
Lumpkin,13,187,2010,289.88991,0.0,38669.09
Lumpkin,13,187,2011,282.62034,0.0,38669.09
Lumpkin,13,187,2012,534.24937,0.0,38669.09
Lumpkin,13,187,2013,401.35659,0.0,38669.09
Lumpkin,13,187,2014,419.91312,0.0,38669.09
Lumpkin,13,187,2015,191.75076,0.0,38669.09
Lumpkin,13,187,2016,428.84066,0.0,38669.09
Lumpkin,13,187,2017,258.38845,0.0,38669.09
Lumpkin,13,187,2018,139.20582,0.0,38669.09
Lumpkin,13,187,2019,154.31887,0.0,38669.09
Lumpkin,13,187,2020,147.62321,0.0,38669.09
McDuffie,13,189,2010,1125.61977,0.0,42090.05
McDuffie,13,189,2011,1830.1913799999998,0.0,42090.05
McDuffie,13,189,2012,1690.07918,0.0,42090.05
McDuffie,13,189,2013,1425.83248,0.0,42090.05
McDuffie,13,189,2014,2238.30213,0.0,42090.05
McDuffie,13,189,2015,1781.0292100000001,0.0,42090.05
McDuffie,13,189,2016,2280.9956,0.0,42090.05
McDuffie,13,189,2017,2247.03488,0.0,42090.05
McDuffie,13,189,2018,2055.30239,0.0,42090.05
McDuffie,13,189,2019,2186.4230900000002,0.0,42090.05
McDuffie,13,189,2020,1631.08457,0.0,42090.05
Jones,48,253,2010,4.26935,0.0,81491.54
Jones,48,253,2011,1.94061,0.0,81491.54
Jones,48,253,2012,7.63307,0.0,81491.54
Jones,48,253,2013,3.36373,0.0,81491.54
Jones,48,253,2014,3.55779,0.0,81491.54
Jones,48,253,2015,3.68716,0.0,81491.54
Jones,48,253,2016,3.04029,0.0,81491.54
Jones,48,253,2017,4.9162099999999995,0.0,81491.54
Jones,48,253,2018,0.25875,0.0,81491.54
Jones,48,253,2019,1.74655,0.0,81491.54
Jones,48,253,2020,2.7815399999999997,0.0,81491.54
Meriwether,13,199,2010,1969.26859,0.0,49297.12
Meriwether,13,199,2011,2558.56783,0.0,49297.12
Meriwether,13,199,2012,1627.3974,0.0,49297.12
Meriwether,13,199,2013,2121.3479,0.0,49297.12
Meriwether,13,199,2014,2209.71044,0.0,49297.12
Meriwether,13,199,2015,2381.51931,0.0,49297.12
Meriwether,13,199,2016,2737.81571,0.0,49297.12
Meriwether,13,199,2017,2531.33457,0.0,49297.12
Meriwether,13,199,2018,2050.38618,0.0,49297.12
Meriwether,13,199,2019,2356.5501,0.0,49297.12
Meriwether,13,199,2020,1879.74168,0.0,49297.12
Hancock,54,029,2010,0.0,7712.23147,11324.97
Hancock,54,029,2011,0.0,4276.99851,11324.97
Hancock,54,029,2012,0.0,8071.4593,11324.97
Hancock,54,029,2013,0.0,1110.73641,11324.97
Hancock,54,029,2014,0.0,761.09913,11324.97
Hancock,54,029,2015,0.0,3476.2086,11324.97
Hancock,54,029,2016,0.0,11147.70398,11324.97
Hancock,54,029,2017,0.0,26964.02194,11324.97
Hancock,54,029,2018,0.0,3380.74537,11324.97
Hancock,54,029,2019,0.0,9410.8352,11324.97
Hancock,54,029,2020,0.0,3325.86844,11324.97
McIntosh,40,091,2010,125.82568,30210.92473,86664.44
McIntosh,40,091,2011,197.4389,51503.57627,86664.44
McIntosh,40,091,2012,127.77306,28573.82721,86664.44
McIntosh,40,091,2013,169.04489,35818.80109,86664.44
McIntosh,40,091,2014,152.96332,32425.96362,86664.44
McIntosh,40,091,2015,298.95378,64943.18373,86664.44
McIntosh,40,091,2016,284.12859,56855.25883,86664.44
McIntosh,40,091,2017,293.23729,59091.24033,86664.44
McIntosh,40,091,2018,238.39664,54162.12916,86664.44
McIntosh,40,091,2019,147.74938,25804.32551,86664.44
McIntosh,40,091,2020,90.01907,15057.48418,86664.44
Oconee,45,073,2010,891.55183,0.0,103585.93
Oconee,45,073,2011,737.2435599999999,0.0,103585.93
Oconee,45,073,2012,844.77892,0.0,103585.93
Oconee,45,073,2013,852.16827,0.0,103585.93
Oconee,45,073,2014,1094.3258899999998,0.0,103585.93
Oconee,45,073,2015,1226.76963,0.0,103585.93
Oconee,45,073,2016,1896.7742,0.0,103585.93
Oconee,45,073,2017,2079.17274,0.0,103585.93
Oconee,45,073,2018,1468.54229,0.0,103585.93
Oconee,45,073,2019,1321.87245,0.0,103585.93
Oconee,45,073,2020,1434.9363400000002,0.0,103585.93
Murray,40,099,2010,86.85219,0.0,53643.6
Murray,40,099,2011,112.29567,0.0,53643.6
Murray,40,099,2012,120.33046,0.0,53643.6
Murray,40,099,2013,87.29857,0.0,53643.6
Murray,40,099,2014,62.04639,0.0,53643.6
Murray,40,099,2015,85.00291,0.0,53643.6
Murray,40,099,2016,155.97684,0.0,53643.6
Murray,40,099,2017,149.91887,0.0,53643.6
Murray,40,099,2018,101.00871,0.0,53643.6
Murray,40,099,2019,75.629,0.0,53643.6
Murray,40,099,2020,142.71307,0.0,53643.6
Muscogee,13,215,2010,0.0,290419.16687,33206.97
Muscogee,13,215,2011,0.0,320889.65865,33206.97
Muscogee,13,215,2012,0.0,281292.78233,33206.97
Muscogee,13,215,2013,0.0,130630.91352,33206.97
Muscogee,13,215,2014,0.0,121140.37372,33206.97
Muscogee,13,215,2015,0.0,135173.95123,33206.97
Muscogee,13,215,2016,0.0,191997.18401,33206.97
Muscogee,13,215,2017,0.0,261673.75965999998,33206.97
Muscogee,13,215,2018,0.0,126685.62712,33206.97
Muscogee,13,215,2019,0.0,199856.76241999998,33206.97
Muscogee,13,215,2020,0.0,44276.73186,33206.97
Rabun,13,241,2010,196.72087000000002,75249.61697,53629.87
Rabun,13,241,2011,592.15083,250240.38683,53629.87
Rabun,13,241,2012,236.70729,101361.30075,53629.87
Rabun,13,241,2013,247.03773,101073.07536,53629.87
Rabun,13,241,2014,319.54209,122867.15254,53629.87
Rabun,13,241,2015,183.4609,76170.37095,53629.87
Rabun,13,241,2016,534.43687,210979.35003,53629.87
Rabun,13,241,2017,442.04066,183128.06157,53629.87
Rabun,13,241,2018,979.6156199999999,302398.26756,53629.87
Rabun,13,241,2019,362.07543,159293.9677,53629.87
Rabun,13,241,2020,262.66092,106431.20789,53629.87
Quitman,28,119,2010,22.25508,8691.48186,46666.54
Quitman,28,119,2011,83.21741,33215.7404,46666.54
Quitman,28,119,2012,15.87826,4425.95214,46666.54
Quitman,28,119,2013,96.54494,31628.79992,46666.54
Quitman,28,119,2014,24.42319,5567.9404,46666.54
Quitman,28,119,2015,38.57972,6418.56779,46666.54
Quitman,28,119,2016,150.30148,55793.34172,46666.54
Quitman,28,119,2017,79.64639,22631.18629,46666.54
Quitman,28,119,2018,11.98841,2808.81107,46666.54
Quitman,28,119,2019,16.57971,5038.31401,46666.54
Quitman,28,119,2020,13.51884,928.79409,46666.54
Spalding,13,255,2010,395.43208,0.0,24851.64
Spalding,13,255,2011,773.39865,0.0,24851.64
Spalding,13,255,2012,435.66744,0.0,24851.64
Spalding,13,255,2013,345.49366,0.0,24851.64
Spalding,13,255,2014,631.47521,0.0,24851.64
Spalding,13,255,2015,619.31404,0.0,24851.64
Spalding,13,255,2016,792.99884,0.0,24851.64
Spalding,13,255,2017,737.75608,0.0,24851.64
Spalding,13,255,2018,405.58795,0.0,24851.64
Spalding,13,255,2019,476.16155,0.0,24851.64
Spalding,13,255,2020,427.12875,0.0,24851.64
Schley,13,249,2010,1645.40988,0.0,23032.41
Schley,13,249,2011,1051.49639,0.0,23032.41
Schley,13,249,2012,1365.6666,0.0,23032.41
Schley,13,249,2013,1463.70134,0.0,23032.41
Schley,13,249,2014,1663.70533,0.0,23032.41
Schley,13,249,2015,948.74024,0.0,23032.41
Schley,13,249,2016,1237.40174,0.0,23032.41
Schley,13,249,2017,1312.22291,0.0,23032.41
Schley,13,249,2018,1421.40541,0.0,23032.41
Schley,13,249,2019,1293.53401,0.0,23032.41
Schley,13,249,2020,1400.15909,0.0,23032.41
Screven,13,251,2010,4682.63615,1863038.32363,91205.63
Screven,13,251,2011,3926.2842,1661299.3078100001,91205.63
Screven,13,251,2012,4499.91055,1952387.53963,91205.63
Screven,13,251,2013,3753.8756599999997,1359640.20881,91205.63
Screven,13,251,2014,5163.84677,1911327.46069,91205.63
Screven,13,251,2015,4227.25137,1505966.3779499999,91205.63
Screven,13,251,2016,5628.903200000001,2068187.95408,91205.63
Screven,13,251,2017,4418.67744,1770162.1039699998,91205.63
Screven,13,251,2018,3234.96238,1312397.75521,91205.63
Screven,13,251,2019,5292.298220000001,2193897.98106,91205.63
Screven,13,251,2020,4891.18195,2249242.06968,91205.63
Stephens,48,429,2010,0.0,11056.81736,78772.76
Stephens,48,429,2011,0.0,120609.34513,78772.76
Stephens,48,429,2012,0.0,24517.9606,78772.76
Stephens,48,429,2013,0.0,1364.98787,78772.76
Stephens,48,429,2014,0.0,7719.300770000001,78772.76
Stephens,48,429,2015,0.0,15435.833620000001,78772.76
Stephens,48,429,2016,0.0,2822.8385,78772.76
Stephens,48,429,2017,0.0,823.3289400000001,78772.76
Stephens,48,429,2018,0.0,832.16164,78772.76
Stephens,48,429,2019,0.0,2415.82468,78772.76
Stephens,48,429,2020,0.0,3161.08979,78772.76
Terrell,48,443,2010,16.75318,0.0,284437.92
Terrell,48,443,2011,5.847639999999999,0.0,284437.92
Terrell,48,443,2012,5.91326,0.0,284437.92
Terrell,48,443,2013,22.19069,0.0,284437.92
Terrell,48,443,2014,8.70256,0.0,284437.92
Terrell,48,443,2015,0.1993,0.0,284437.92
Terrell,48,443,2017,1.4615,0.0,284437.92
Twiggs,13,289,2010,2785.1308,0.0,58775.24
Twiggs,13,289,2011,2493.3390400000003,0.0,58775.24
Twiggs,13,289,2012,3281.4190200000003,0.0,58775.24
Twiggs,13,289,2013,2494.03031,0.0,58775.24
Twiggs,13,289,2014,3707.49793,0.0,58775.24
Twiggs,13,289,2015,3688.4517699999997,0.0,58775.24
Twiggs,13,289,2016,4390.64006,0.0,58775.24
Twiggs,13,289,2017,4380.263489999999,0.0,58775.24
Twiggs,13,289,2018,3390.39789,0.0,58775.24
Twiggs,13,289,2019,3194.71579,0.0,58775.24
Twiggs,13,289,2020,2397.86139,0.0,58775.24
Ware,13,299,2010,8713.29641,0.0,178708.81
Ware,13,299,2011,30634.194760000002,0.0,178708.81
Ware,13,299,2012,9187.286970000001,0.0,178708.81
Ware,13,299,2013,9677.036339999999,0.0,178708.81
Ware,13,299,2014,9974.896130000001,0.0,178708.81
Ware,13,299,2015,8866.93875,0.0,178708.81
Ware,13,299,2016,11828.275839999998,0.0,178708.81
Ware,13,299,2017,36950.27758,0.0,178708.81
Ware,13,299,2018,6973.0880799999995,0.0,178708.81
Ware,13,299,2019,7274.8847,0.0,178708.81
Ware,13,299,2020,5509.465990000001,0.0,178708.81
Wheeler,48,483,2010,6.97287,0.0,78370.82
Wheeler,48,483,2011,2.0102,0.0,78370.82
Wheeler,48,483,2012,5.21394,0.0,78370.82
Wheeler,48,483,2013,12.24963,0.0,78370.82
Wheeler,48,483,2014,5.96777,0.0,78370.82
Wheeler,48,483,2016,3.95757,0.0,78370.82
Wheeler,48,483,2017,0.75382,0.0,78370.82
Wheeler,48,483,2019,0.62819,0.0,78370.82
Wayne,54,099,2010,275.55746,0.0,83901.63
Wayne,54,099,2011,121.65892,0.0,83901.63
Wayne,54,099,2012,509.62921,0.0,83901.63
Wayne,54,099,2013,220.08098999999999,0.0,83901.63
Wayne,54,099,2014,327.14084,0.0,83901.63
Wayne,54,099,2015,370.75554999999997,0.0,83901.63
Wayne,54,099,2016,566.62641,0.0,83901.63
Wayne,54,099,2017,631.77477,0.0,83901.63
Wayne,54,099,2018,340.03667,0.0,83901.63
Wayne,54,099,2019,283.16114,0.0,83901.63
Wayne,54,099,2020,312.66342,0.0,83901.63
Upson,13,293,2010,2002.38837,804743.04373,44225.26
Upson,13,293,2011,1854.77247,745142.72585,44225.26
Upson,13,293,2012,2831.48259,1181746.97834,44225.26
Upson,13,293,2013,2676.10424,1041008.91342,44225.26
Upson,13,293,2014,2471.82246,974003.68193,44225.26
Upson,13,293,2015,2131.43908,799864.7215,44225.26
Upson,13,293,2016,2127.16974,879864.49846,44225.26
Upson,13,293,2017,2770.93549,1200890.00019,44225.26
Upson,13,293,2018,1909.95054,854637.73303,44225.26
Upson,13,293,2019,2209.71044,989654.82998,44225.26
Upson,13,293,2020,2216.04977,934346.6746,44225.26
Whitfield,13,313,2010,840.78276,0.0,44572.02
Whitfield,13,313,2011,994.27264,0.0,44572.02
Whitfield,13,313,2012,697.432,0.0,44572.02
Whitfield,13,313,2013,479.79139000000004,0.0,44572.02
Whitfield,13,313,2014,531.95372,0.0,44572.02
Whitfield,13,313,2015,778.80014,0.0,44572.02
Whitfield,13,313,2016,1378.7306800000001,0.0,44572.02
Whitfield,13,313,2017,1248.77124,0.0,44572.02
Whitfield,13,313,2018,842.69581,0.0,44572.02
Whitfield,13,313,2019,980.81756,0.0,44572.02
Whitfield,13,313,2020,618.48706,0.0,44572.02
Webster,54,101,2010,370.39058,129231.34077,80768.98
Webster,54,101,2011,286.38509,105100.44705,80768.98
Webster,54,101,2012,515.71216,182850.20476,80768.98
Webster,54,101,2013,406.40162,141880.43217,80768.98
Webster,54,101,2014,949.97367,335923.07384,80768.98
Webster,54,101,2015,963.29532,364507.56364,80768.98
Webster,54,101,2016,991.88516,388706.24237,80768.98
Webster,54,101,2017,1550.54292,610854.39042,80768.98
Webster,54,101,2018,937.38197,379352.4301,80768.98
Webster,54,101,2019,996.5082,396407.11878,80768.98
Webster,54,101,2020,653.18673,266949.11066,80768.98
Wilkinson,28,157,2010,2081.09587,839881.08952,75302.5
Wilkinson,28,157,2011,2159.11252,875705.50498,75302.5
Wilkinson,28,157,2012,2452.83023,1028679.23599,75302.5
Wilkinson,28,157,2013,1942.68296,752776.70836,75302.5
Wilkinson,28,157,2014,2119.21789,819178.2156199999,75302.5
Wilkinson,28,157,2015,1951.2355499999999,718334.47159,75302.5
Wilkinson,28,157,2016,2546.60487,1022103.4707000001,75302.5
Wilkinson,28,157,2017,3241.05437,1301072.6595,75302.5
Wilkinson,28,157,2018,3524.69956,1557059.03239,75302.5
Wilkinson,28,157,2019,1644.29436,733482.91365,75302.5
Wilkinson,28,157,2020,929.3298800000001,412159.05079,75302.5
Worth,29,227,2010,2.34892,572.10707,24266.98
Worth,29,227,2011,3.81699,890.25656,24266.98
Worth,29,227,2012,19.14367,2578.34235,24266.98
Worth,29,227,2013,27.65849,2648.02163,24266.98
Worth,29,227,2014,24.95724,5745.04362,24266.98
Worth,29,227,2015,4.93272,1147.84285,24266.98
Worth,29,227,2016,7.34036,1248.217,24266.98
Worth,29,227,2017,24.72235,5854.12933,24266.98
Worth,29,227,2018,47.33067,10665.82086,24266.98
Worth,29,227,2019,2.58381,332.41592,24266.98
Worth,29,227,2020,2.40764,542.74979,24266.98
Pierce,55,093,2010,7.69377,0.0,62923.36
Pierce,55,093,2011,26.7898,0.0,62923.36
Pierce,55,093,2012,12.01113,0.0,62923.36
Pierce,55,093,2013,20.81191,0.0,62923.36
Pierce,55,093,2014,55.57223,0.0,62923.36
Pierce,55,093,2015,15.60893,0.0,62923.36
Pierce,55,093,2016,16.49455,0.0,62923.36
Pierce,55,093,2017,18.59787,0.0,62923.36
Pierce,55,093,2018,55.07407,0.0,62923.36
Pierce,55,093,2019,36.08874,0.0,62923.36
Pierce,55,093,2020,24.46506,0.0,62923.36
Honolulu,15,003,2010,0.0,73548.98622,56280550.25
Honolulu,15,003,2011,0.0,50332.70124,56280550.25
Honolulu,15,003,2012,0.0,198558.48178,56280550.25
Honolulu,15,003,2013,0.0,33246.877810000005,56280550.25
Honolulu,15,003,2014,0.0,94409.01634,56280550.25
Honolulu,15,003,2015,0.0,135307.81648,56280550.25
Honolulu,15,003,2016,0.0,176764.04689,56280550.25
Honolulu,15,003,2017,0.0,225573.18712000002,56280550.25
Honolulu,15,003,2018,0.0,203664.46989,56280550.25
Honolulu,15,003,2019,0.0,158227.759,56280550.25
Honolulu,15,003,2020,0.0,212010.22086,56280550.25
Kauai,15,007,2010,121.45004999999999,0.0,353697.96
Kauai,15,007,2011,66.16095,0.0,353697.96
Kauai,15,007,2012,151.13307,0.0,353697.96
Kauai,15,007,2013,45.56164,0.0,353697.96
Kauai,15,007,2014,185.53674999999998,0.0,353697.96
Kauai,15,007,2015,235.17535,0.0,353697.96
Kauai,15,007,2016,448.32089,0.0,353697.96
Kauai,15,007,2017,601.95733,0.0,353697.96
Kauai,15,007,2018,425.5043,0.0,353697.96
Kauai,15,007,2019,375.0074,0.0,353697.96
Kauai,15,007,2020,414.27482,0.0,353697.96
Kalawao,15,005,2010,0.86545,179.40607,7915.11
Kalawao,15,005,2011,2.4521,1053.52931,7915.11
Kalawao,15,005,2012,18.2465,7060.98802,7915.11
Kalawao,15,005,2013,0.50484,147.99744,7915.11
Kalawao,15,005,2014,5.69752,2247.90841,7915.11
Kalawao,15,005,2015,2.95694,1297.81957,7915.11
Kalawao,15,005,2016,1.15393,307.11826,7915.11
Kalawao,15,005,2018,0.21636,109.57481,7915.11
Kalawao,15,005,2019,0.28848,136.35133,7915.11
Kalawao,15,005,2020,1.51453,412.13234,7915.11
Paulding,39,125,2010,0.64595,176.45806,37387.64
Paulding,39,125,2011,0.41106,115.26049,37387.64
Paulding,39,125,2012,0.17617,55.79876,37387.64
Paulding,39,125,2013,4.58039,226.16567,37387.64
Paulding,39,125,2016,0.7634,180.75028,37387.64
Paulding,39,125,2017,4.05188,1364.28738,37387.64
Paulding,39,125,2018,4.93272,1537.37204,37387.64
Paulding,39,125,2019,0.58723,189.20561,37387.64
Paulding,39,125,2020,10.39396,3333.35405,37387.64
Hawaii,15,001,2010,407.95770999999996,162313.90986,760843.16
Hawaii,15,001,2011,123.24654000000001,46019.886620000005,760843.16
Hawaii,15,001,2012,366.5573,160498.53317,760843.16
Hawaii,15,001,2013,355.29659,128432.89939,760843.16
Hawaii,15,001,2014,910.2462899999999,367286.6314,760843.16
Hawaii,15,001,2015,2032.00223,624831.1308500001,760843.16
Hawaii,15,001,2016,1370.6592500000002,503637.96898999996,760843.16
Hawaii,15,001,2017,946.62301,323593.84781,760843.16
Hawaii,15,001,2018,1717.11593,719442.81489,760843.16
Hawaii,15,001,2019,981.3726899999999,354334.38563,760843.16
Hawaii,15,001,2020,496.77747,144112.803,760843.16
Maui,15,009,2010,33.17545,0.0,452599.5
Maui,15,009,2011,42.62324,0.0,452599.5
Maui,15,009,2012,126.71579,0.0,452599.5
Maui,15,009,2013,25.747040000000002,0.0,452599.5
Maui,15,009,2014,68.73087,0.0,452599.5
Maui,15,009,2015,57.26371,0.0,452599.5
Maui,15,009,2016,146.04409,0.0,452599.5
Maui,15,009,2017,149.9386,0.0,452599.5
Maui,15,009,2018,178.28197,0.0,452599.5
Maui,15,009,2019,79.6932,0.0,452599.5
Maui,15,009,2020,184.3401,0.0,452599.5
Ada,16,001,2010,14.21344,0.0,110550.01
Ada,16,001,2011,35.1475,0.0,110550.01
Ada,16,001,2012,11.78613,0.0,110550.01
Ada,16,001,2013,26.59326,0.0,110550.01
Ada,16,001,2014,15.84417,0.0,110550.01
Ada,16,001,2015,1.22808,0.0,110550.01
Ada,16,001,2016,312.54983,0.0,110550.01
Ada,16,001,2017,75.6327,0.0,110550.01
Ada,16,001,2018,15.403380000000002,0.0,110550.01
Ada,16,001,2019,29.311059999999998,0.0,110550.01
Ada,16,001,2020,39.59298,0.0,110550.01
Bannock,16,005,2010,0.0,1579.10449,200983.03
Bannock,16,005,2011,0.0,29000.443789999998,200983.03
Bannock,16,005,2012,0.0,30871.390440000003,200983.03
Bannock,16,005,2013,0.0,4397.27674,200983.03
Bannock,16,005,2014,0.0,2906.44365,200983.03
Bannock,16,005,2015,0.0,6136.6974,200983.03
Bannock,16,005,2016,0.0,6246.5555,200983.03
Bannock,16,005,2017,0.0,11894.52526,200983.03
Bannock,16,005,2018,0.0,11624.71243,200983.03
Bannock,16,005,2019,0.0,14730.13465,200983.03
Bannock,16,005,2020,0.0,5434.13599,200983.03
Bear Lake,16,007,2010,45.83099,12466.9182,106804.16
Bear Lake,16,007,2011,227.41760999999997,45126.78456,106804.16
Bear Lake,16,007,2012,257.54592,70827.05840000001,106804.16
Bear Lake,16,007,2013,163.36445,29792.97811,106804.16
Bear Lake,16,007,2014,242.04622999999998,60559.92142,106804.16
Bear Lake,16,007,2015,72.42985,22706.66503,106804.16
Bear Lake,16,007,2016,236.37497,61542.75796,106804.16
Bear Lake,16,007,2017,190.21211,43251.101200000005,106804.16
Bear Lake,16,007,2018,6.6060099999999995,860.79934,106804.16
Bear Lake,16,007,2019,272.49211,75704.18354,106804.16
Bear Lake,16,007,2020,99.94535,11211.98663,106804.16
Benewah,16,009,2010,2423.71214,1137782.12748,77122.07
Benewah,16,009,2011,2828.11439,1336598.31659,77122.07
Benewah,16,009,2012,3522.82818,1660302.7855,77122.07
Benewah,16,009,2013,3504.81943,1603695.28276,77122.07
Benewah,16,009,2014,3000.36273,1371471.15739,77122.07
Benewah,16,009,2015,2461.2127,1169843.45809,77122.07
Benewah,16,009,2016,3073.77484,1439539.02127,77122.07
Benewah,16,009,2017,3374.99758,1556022.04107,77122.07
Benewah,16,009,2018,3178.91413,1499933.34176,77122.07
Benewah,16,009,2019,3224.62456,1565180.61048,77122.07
Benewah,16,009,2020,2641.08828,1284607.36637,77122.07
Bingham,16,011,2010,0.0,4556.90284,321100.1
Bingham,16,011,2011,0.0,2426.07844,321100.1
Bingham,16,011,2012,0.0,2291.07628,321100.1
Bingham,16,011,2013,0.0,2337.25438,321100.1
Bingham,16,011,2014,0.0,799.27308,321100.1
Bingham,16,011,2015,0.0,80.71548,321100.1
Bingham,16,011,2016,0.0,16627.11776,321100.1
Bingham,16,011,2017,0.0,77575.97289,321100.1
Bingham,16,011,2018,0.0,99542.13987,321100.1
Bingham,16,011,2019,0.0,5451.95585,321100.1
Bingham,16,011,2020,0.0,5432.25376,321100.1
Boise,16,015,2010,0.0,634736.7248,294624.16
Boise,16,015,2011,0.0,521700.58311,294624.16
Boise,16,015,2012,0.0,1802776.39168,294624.16
Boise,16,015,2013,0.0,1051790.52415,294624.16
Boise,16,015,2014,0.0,992666.8250600001,294624.16
Boise,16,015,2015,0.0,416572.22737,294624.16
Boise,16,015,2016,0.0,5363398.28737,294624.16
Boise,16,015,2017,0.0,4270515.15525,294624.16
Boise,16,015,2018,0.0,763979.90145,294624.16
Boise,16,015,2019,0.0,1685278.57038,294624.16
Boise,16,015,2020,0.0,611305.46527,294624.16
Bonner,16,017,2010,2899.02424,0.0,256896.1
Bonner,16,017,2011,2246.6527100000003,0.0,256896.1
Bonner,16,017,2012,4070.9195799999998,0.0,256896.1
Bonner,16,017,2013,4605.62413,0.0,256896.1
Bonner,16,017,2014,4057.43921,0.0,256896.1
Bonner,16,017,2015,4723.021969999999,0.0,256896.1
Bonner,16,017,2016,7064.8841600000005,0.0,256896.1
Bonner,16,017,2017,5787.06148,0.0,256896.1
Bonner,16,017,2018,7513.213760000001,0.0,256896.1
Bonner,16,017,2019,9276.84564,0.0,256896.1
Bonner,16,017,2020,5694.43457,0.0,256896.1
Bonneville,16,019,2010,33.4495,0.0,265257.47
Bonneville,16,019,2011,32.88447,0.0,265257.47
Bonneville,16,019,2012,77.74749,0.0,265257.47
Bonneville,16,019,2013,366.81442,0.0,265257.47
Bonneville,16,019,2014,45.76705,0.0,265257.47
Bonneville,16,019,2015,28.36427,0.0,265257.47
Bonneville,16,019,2016,29.2118,0.0,265257.47
Bonneville,16,019,2017,370.60008999999997,0.0,265257.47
Bonneville,16,019,2018,95.71528,0.0,265257.47
Bonneville,16,019,2019,85.82734,0.0,265257.47
Bonneville,16,019,2020,72.15373,0.0,265257.47
Caribou,16,029,2010,0.0,21626.49321,200646.55
Caribou,16,029,2011,0.0,48860.99863,200646.55
Caribou,16,029,2012,0.0,81433.16816,200646.55
Caribou,16,029,2013,0.0,67055.45399000001,200646.55
Caribou,16,029,2014,0.0,84006.65195,200646.55
Caribou,16,029,2015,0.0,39569.629960000006,200646.55
Caribou,16,029,2016,0.0,83926.30126000001,200646.55
Caribou,16,029,2017,0.0,115027.30176999999,200646.55
Caribou,16,029,2018,0.0,101956.73766,200646.55
Caribou,16,029,2019,0.0,87853.03488,200646.55
Caribou,16,029,2020,0.0,60431.54810000001,200646.55
Cassia,16,031,2010,58.36013,0.0,270562.23
Cassia,16,031,2011,290.58232000000004,0.0,270562.23
Cassia,16,031,2012,333.52659,0.0,270562.23
Cassia,16,031,2013,662.11556,0.0,270562.23
Cassia,16,031,2014,82.23109,0.0,270562.23
Cassia,16,031,2015,43.22004,0.0,270562.23
Cassia,16,031,2016,158.76049,0.0,270562.23
Cassia,16,031,2017,134.09736999999998,0.0,270562.23
Cassia,16,031,2018,203.64832,0.0,270562.23
Cassia,16,031,2019,83.77913,0.0,270562.23
Cassia,16,031,2020,2512.17919,0.0,270562.23
Clearwater,27,029,2010,565.81192,0.0,98679.14
Clearwater,27,029,2011,413.11387,0.0,98679.14
Clearwater,27,029,2012,805.9785899999999,0.0,98679.14
Clearwater,27,029,2013,367.62034,0.0,98679.14
Clearwater,27,029,2014,661.0521,0.0,98679.14
Clearwater,27,029,2015,640.70488,0.0,98679.14
Clearwater,27,029,2016,1142.93727,0.0,98679.14
Clearwater,27,029,2017,899.56394,0.0,98679.14
Clearwater,27,029,2018,810.69858,0.0,98679.14
Clearwater,27,029,2019,994.0895300000001,0.0,98679.14
Clearwater,27,029,2020,908.68931,0.0,98679.14
Gooding,16,047,2010,2.09059,405.89356,80571.82
Gooding,16,047,2011,0.5650299999999999,197.71171,80571.82
Gooding,16,047,2012,2.0906,383.31261,80571.82
Gooding,16,047,2013,0.96054,0.38883,80571.82
Gooding,16,047,2014,0.33902,0.0,80571.82
Gooding,16,047,2016,0.22601,9.08701,80571.82
Gooding,16,047,2017,2.65562,130.43577,80571.82
Gem,16,045,2010,116.51349,64174.412220000006,115063.63
Gem,16,045,2011,14.00376,5795.29646,115063.63
Gem,16,045,2012,113.30315,61396.13783,115063.63
Gem,16,045,2013,164.89011000000002,79294.01764,115063.63
Gem,16,045,2014,49.42829,16544.19524,115063.63
Gem,16,045,2015,53.5796,24276.70276,115063.63
Gem,16,045,2016,31.494619999999998,11653.13735,115063.63
Gem,16,045,2017,90.77535,23731.40944,115063.63
Gem,16,045,2018,394.59603999999996,183215.26026,115063.63
Gem,16,045,2019,1624.0485899999999,603424.78151,115063.63
Gem,16,045,2020,262.36291,116676.64021000001,115063.63
Jerome,16,053,2010,3.05114,0.0,73019.8
Jerome,16,053,2011,1.29956,0.0,73019.8
Jerome,16,053,2012,1.6973200000000002,0.0,73019.8
Jerome,16,053,2013,5.14173,0.0,73019.8
Jerome,16,053,2014,0.11301,0.0,73019.8
Jerome,16,053,2017,0.11301,0.0,73019.8
Jerome,16,053,2018,0.16951,0.0,73019.8
Jerome,16,053,2019,0.73453,0.0,73019.8
Latah,16,057,2010,1883.23795,0.0,116433.64
Latah,16,057,2011,2550.40896,0.0,116433.64
Latah,16,057,2012,2876.94986,0.0,116433.64
Latah,16,057,2013,3342.68777,0.0,116433.64
Latah,16,057,2014,3077.37659,0.0,116433.64
Latah,16,057,2015,2692.67804,0.0,116433.64
Latah,16,057,2016,3414.45791,0.0,116433.64
Latah,16,057,2017,3441.73586,0.0,116433.64
Latah,16,057,2018,3252.11438,0.0,116433.64
Latah,16,057,2019,2486.26605,0.0,116433.64
Latah,16,057,2020,2671.01458,0.0,116433.64
Lemhi,16,059,2010,0.0,1930920.51311,851862.75
Lemhi,16,059,2011,0.0,1954970.95687,851862.75
Lemhi,16,059,2012,0.0,6945643.40515,851862.75
Lemhi,16,059,2013,0.0,3006793.27998,851862.75
Lemhi,16,059,2014,0.0,1041609.72464,851862.75
Lemhi,16,059,2015,0.0,556929.03211,851862.75
Lemhi,16,059,2016,0.0,517047.30315000005,851862.75
Lemhi,16,059,2017,0.0,565424.8823800001,851862.75
Lemhi,16,059,2018,0.0,1663687.82871,851862.75
Lemhi,16,059,2019,0.0,412667.92811,851862.75
Lemhi,16,059,2020,0.0,414490.46391,851862.75
Minidoka,16,067,2010,0.45202,0.0,105377.35
Minidoka,16,067,2011,0.5650299999999999,0.0,105377.35
Minidoka,16,067,2012,0.73454,0.0,105377.35
Minidoka,16,067,2013,0.67803,0.0,105377.35
Minidoka,16,067,2016,0.0565,0.0,105377.35
Minidoka,16,067,2018,0.0565,0.0,105377.35
Minidoka,16,067,2019,0.50852,0.0,105377.35
Oneida,55,085,2010,1872.40481,443176.32437,124000.38
Oneida,55,085,2011,901.8031100000001,219421.11923,124000.38
Oneida,55,085,2012,1420.71776,336982.59901999997,124000.38
Oneida,55,085,2013,1156.79124,274156.68274,124000.38
Oneida,55,085,2014,926.66811,231982.20130000002,124000.38
Oneida,55,085,2015,1350.78156,340380.58213,124000.38
Oneida,55,085,2016,1712.59708,428780.26965,124000.38
Oneida,55,085,2017,1963.8473299999998,505677.79315,124000.38
Oneida,55,085,2018,2102.25707,561233.13411,124000.38
Oneida,55,085,2019,1689.95315,444580.98978,124000.38
Oneida,55,085,2020,1509.0724599999999,405899.02254,124000.38
Owyhee,16,073,2010,137.61963,0.0,999288.49
Owyhee,16,073,2011,377.71882,0.0,999288.49
Owyhee,16,073,2012,1689.94929,0.0,999288.49
Owyhee,16,073,2013,7507.15508,0.0,999288.49
Owyhee,16,073,2014,9196.68892,0.0,999288.49
Owyhee,16,073,2015,222.95644,0.0,999288.49
Owyhee,16,073,2016,427.85964,0.0,999288.49
Owyhee,16,073,2017,187.99002,0.0,999288.49
Owyhee,16,073,2018,25.809009999999997,0.0,999288.49
Owyhee,16,073,2019,1446.22616,0.0,999288.49
Owyhee,16,073,2020,714.31436,0.0,999288.49
Teton,56,039,2010,3226.73124,0.0,420134.16
Teton,56,039,2011,5799.12179,0.0,420134.16
Teton,56,039,2012,3062.28372,0.0,420134.16
Teton,56,039,2013,4929.9239,0.0,420134.16
Teton,56,039,2014,2116.03122,0.0,420134.16
Teton,56,039,2015,452.00609,0.0,420134.16
Teton,56,039,2016,5692.32808,0.0,420134.16
Teton,56,039,2017,8207.90582,0.0,420134.16
Teton,56,039,2018,75.79925999999999,0.0,420134.16
Teton,56,039,2019,248.5417,0.0,420134.16
Teton,56,039,2020,769.1820299999999,0.0,420134.16
Power,16,077,2010,27.006790000000002,503.97042,202264.73
Power,16,077,2011,142.32172,29098.437550000002,202264.73
Power,16,077,2012,52.58523,4718.26009,202264.73
Power,16,077,2013,25.55263,328.69805,202264.73
Power,16,077,2014,2.8779700000000004,1049.3477,202264.73
Power,16,077,2015,5.51756,2224.3946499999997,202264.73
Power,16,077,2016,8.68814,2670.08157,202264.73
Power,16,077,2017,242.01655,6003.76675,202264.73
Power,16,077,2018,105.46403000000001,4292.85166,202264.73
Power,16,077,2019,25.201739999999997,7293.08856,202264.73
Power,16,077,2020,12.3524,647.71891,202264.73
Valley,31,175,2010,0.0,146.10147,48673.34
Valley,31,175,2011,0.0,29.14806,48673.34
Valley,31,175,2012,0.0,157.3801,48673.34
Valley,31,175,2013,0.0,146.21404,48673.34
Valley,31,175,2014,0.0,178.40634,48673.34
Valley,31,175,2015,0.0,248.77878,48673.34
Valley,31,175,2016,0.0,694.95164,48673.34
Valley,31,175,2017,0.0,727.91068,48673.34
Valley,31,175,2018,0.0,1396.89961,48673.34
Valley,31,175,2019,0.0,80.39926,48673.34
Bureau,17,011,2010,7.7861899999999995,0.0,93131.76
Bureau,17,011,2011,3.30116,0.0,93131.76
Bureau,17,011,2012,2.48562,0.0,93131.76
Bureau,17,011,2013,43.528850000000006,0.0,93131.76
Bureau,17,011,2014,14.727079999999999,0.0,93131.76
Bureau,17,011,2015,17.58273,0.0,93131.76
Bureau,17,011,2016,13.14422,0.0,93131.76
Bureau,17,011,2017,21.097330000000003,0.0,93131.76
Bureau,17,011,2018,32.7301,0.0,93131.76
Bureau,17,011,2019,27.94442,0.0,93131.76
Bureau,17,011,2020,22.27242,0.0,93131.76
Cass,48,067,2010,4447.68913,1756843.61828,90045.48
Cass,48,067,2011,3897.59026,1487096.31315,90045.48
Cass,48,067,2012,5690.13376,2395317.23268,90045.48
Cass,48,067,2013,3669.76238,1340691.90226,90045.48
Cass,48,067,2014,5291.5967,1965103.69706,90045.48
Cass,48,067,2015,4726.03761,1745030.79826,90045.48
Cass,48,067,2016,4510.11216,1828714.50635,90045.48
Cass,48,067,2017,3843.05906,1573211.52331,90045.48
Cass,48,067,2018,3829.3454,1552782.08582,90045.48
Cass,48,067,2019,5226.71556,2220358.91415,90045.48
Cass,48,067,2020,3628.36266,1651156.32638,90045.48
Champaign,39,021,2010,0.82212,247.29515,44316.76
Champaign,39,021,2011,5.93101,453.99872000000005,44316.76
Champaign,39,021,2012,0.5285,177.55198000000001,44316.76
Champaign,39,021,2013,7.164199999999999,492.43793999999997,44316.76
Champaign,39,021,2014,2.0553,318.60105000000004,44316.76
Champaign,39,021,2015,1.70297,315.66679,44316.76
Champaign,39,021,2016,6.45953,1271.27196,44316.76
Champaign,39,021,2017,16.912200000000002,4856.26518,44316.76
Champaign,39,021,2018,7.75142,2115.3322900000003,44316.76
Champaign,39,021,2019,6.34208,781.8669,44316.76
Champaign,39,021,2020,7.046749999999999,1467.53689,44316.76
Christian,29,043,2010,280.50135,0.0,66428.54
Christian,29,043,2011,189.96917,0.0,66428.54
Christian,29,043,2012,345.92693,0.0,66428.54
Christian,29,043,2013,160.22465,0.0,66428.54
Christian,29,043,2014,121.01877,0.0,66428.54
Christian,29,043,2015,78.41175,0.0,66428.54
Christian,29,043,2016,188.4232,0.0,66428.54
Christian,29,043,2017,241.29548,0.0,66428.54
Christian,29,043,2018,72.04235,0.0,66428.54
Christian,29,043,2019,134.19046,0.0,66428.54
Christian,29,043,2020,147.98054,0.0,66428.54
Clinton,42,035,2010,788.30048,0.0,149760.29
Clinton,42,035,2011,1219.1440300000002,0.0,149760.29
Clinton,42,035,2012,775.44526,0.0,149760.29
Clinton,42,035,2013,1042.87041,0.0,149760.29
Clinton,42,035,2014,1753.6860100000001,0.0,149760.29
Clinton,42,035,2015,1085.4246600000001,0.0,149760.29
Clinton,42,035,2016,749.09618,0.0,149760.29
Clinton,42,035,2017,1038.84461,0.0,149760.29
Clinton,42,035,2018,853.38333,0.0,149760.29
Clinton,42,035,2019,1260.42756,0.0,149760.29
Clinton,42,035,2020,938.84669,0.0,149760.29
Coles,17,029,2010,0.0,70.23368,50139.54
Coles,17,029,2011,0.0,198.20192,50139.54
Coles,17,029,2012,0.0,570.54356,50139.54
Coles,17,029,2013,0.0,2032.18695,50139.54
Coles,17,029,2014,0.0,934.91703,50139.54
Coles,17,029,2015,0.0,367.35714,50139.54
Coles,17,029,2016,0.0,1240.05633,50139.54
Coles,17,029,2017,0.0,4933.44259,50139.54
Coles,17,029,2018,0.0,2943.66724,50139.54
Coles,17,029,2019,0.0,1632.16784,50139.54
Coles,17,029,2020,0.0,721.5818,50139.54
Cumberland,51,049,2010,0.0,1085854.75801,56732.99
Cumberland,51,049,2011,0.0,833931.0793,56732.99
Cumberland,51,049,2012,0.0,965247.1338800001,56732.99
Cumberland,51,049,2013,0.0,842892.58108,56732.99
Cumberland,51,049,2014,0.0,1094460.8689899999,56732.99
Cumberland,51,049,2015,0.0,1406651.42611,56732.99
Cumberland,51,049,2016,0.0,1090131.8256299999,56732.99
Cumberland,51,049,2017,0.0,1132793.30415,56732.99
Cumberland,51,049,2018,0.0,983052.13116,56732.99
Cumberland,51,049,2019,0.0,779845.67697,56732.99
Cumberland,51,049,2020,0.0,755366.98332,56732.99
Ford,20,057,2012,0.0,35.90295,96552.38
Ford,20,057,2013,0.0,95.94359,96552.38
Ford,20,057,2014,0.0,24.53165,96552.38
Gallatin,30,031,2010,481.01325999999995,190299.99708,501058.13
Gallatin,30,031,2011,1024.63387,366506.21859,501058.13
Gallatin,30,031,2012,2694.3952600000002,884857.1026100001,501058.13
Gallatin,30,031,2013,2542.01371,479362.30887,501058.13
Gallatin,30,031,2014,892.71123,277126.78707,501058.13
Gallatin,30,031,2015,238.36287,91746.62573,501058.13
Gallatin,30,031,2016,4639.05948,515426.97298,501058.13
Gallatin,30,031,2017,5435.27532,401721.59349,501058.13
Gallatin,30,031,2018,1794.27905,389158.54483,501058.13
Gallatin,30,031,2019,1089.82117,290018.1007,501058.13
Gallatin,30,031,2020,686.7439099999999,113177.21814,501058.13
Hardin,48,199,2010,6358.98326,0.0,99874.26
Hardin,48,199,2011,10239.7288,0.0,99874.26
Hardin,48,199,2012,6574.22224,0.0,99874.26
Hardin,48,199,2013,7437.37041,0.0,99874.26
Hardin,48,199,2014,5560.67251,0.0,99874.26
Hardin,48,199,2015,3523.47541,0.0,99874.26
Hardin,48,199,2016,4461.16004,0.0,99874.26
Hardin,48,199,2017,5639.4606,0.0,99874.26
Hardin,48,199,2018,3262.26563,0.0,99874.26
Hardin,48,199,2019,1448.74435,0.0,99874.26
Hardin,48,199,2020,3600.07126,0.0,99874.26
Iroquois,17,075,2010,0.41106,0.0,98001.69
Iroquois,17,075,2011,0.46978,0.0,98001.69
Iroquois,17,075,2012,3.81699,0.0,98001.69
Iroquois,17,075,2013,21.14025,0.0,98001.69
Iroquois,17,075,2014,2.11402,0.0,98001.69
Iroquois,17,075,2015,0.29361,0.0,98001.69
Iroquois,17,075,2016,7.04675,0.0,98001.69
Iroquois,17,075,2017,0.88084,0.0,98001.69
Iroquois,17,075,2018,10.68757,0.0,98001.69
Iroquois,17,075,2019,14.03478,0.0,98001.69
Iroquois,17,075,2020,14.0935,0.0,98001.69
Kane,49,025,2010,696.16849,0.0,397729.68
Kane,49,025,2011,355.59145,0.0,397729.68
Kane,49,025,2012,1247.87421,0.0,397729.68
Kane,49,025,2013,276.76536,0.0,397729.68
Kane,49,025,2014,360.67265000000003,0.0,397729.68
Kane,49,025,2015,113.70765,0.0,397729.68
Kane,49,025,2016,184.04,0.0,397729.68
Kane,49,025,2017,549.51492,0.0,397729.68
Kane,49,025,2018,354.46601,0.0,397729.68
Kane,49,025,2019,483.50642,0.0,397729.68
Kane,49,025,2020,36.58972,0.0,397729.68
LaSalle,22,059,2010,0.0,1751186.84061,79372.76
LaSalle,22,059,2011,0.0,1974450.76835,79372.76
LaSalle,22,059,2012,0.0,2144788.73873,79372.76
LaSalle,22,059,2013,0.0,1878252.8391,79372.76
LaSalle,22,059,2014,0.0,2356114.25299,79372.76
LaSalle,22,059,2015,0.0,2255375.23102,79372.76
LaSalle,22,059,2016,0.0,2599085.61805,79372.76
LaSalle,22,059,2017,0.0,2555058.34687,79372.76
LaSalle,22,059,2018,0.0,2514459.98367,79372.76
LaSalle,22,059,2019,0.0,2305704.7962,79372.76
LaSalle,22,059,2020,0.0,1648426.65831,79372.76
Knox,48,275,2010,24.24239,0.0,77829.88
Knox,48,275,2011,47.01831,0.0,77829.88
Knox,48,275,2012,194.71958,0.0,77829.88
Knox,48,275,2013,86.47703,0.0,77829.88
Knox,48,275,2014,68.52363,0.0,77829.88
Knox,48,275,2015,16.32483,0.0,77829.88
Knox,48,275,2016,42.58464,0.0,77829.88
Knox,48,275,2017,0.77533,0.0,77829.88
Knox,48,275,2018,36.74626,0.0,77829.88
Knox,48,275,2019,5.0364,0.0,77829.88
Knox,48,275,2020,13.58429,0.0,77829.88
Kendall,48,259,2010,276.73392,39202.81372,75466.0
Kendall,48,259,2011,240.29764,33165.470349999996,75466.0
Kendall,48,259,2012,537.06236,69130.99421,75466.0
Kendall,48,259,2013,139.72271,11749.556649999999,75466.0
Kendall,48,259,2014,428.80751,49104.59123,75466.0
Kendall,48,259,2015,335.85033,27910.88248,75466.0
Kendall,48,259,2016,402.83724,37080.722050000004,75466.0
Kendall,48,259,2017,336.91931,35803.618050000005,75466.0
Kendall,48,259,2018,219.84038,28992.16747,75466.0
Kendall,48,259,2019,269.51063,23873.13548,75466.0
Kendall,48,259,2020,317.47974,32229.199739999996,75466.0
McDonough,17,109,2010,0.99829,0.0,52103.1
McDonough,17,109,2011,13.15393,0.0,52103.1
McDonough,17,109,2012,14.0935,0.0,52103.1
McDonough,17,109,2013,61.83523,0.0,52103.1
McDonough,17,109,2014,22.49088,0.0,52103.1
McDonough,17,109,2015,9.33694,0.0,52103.1
McDonough,17,109,2016,20.78791,0.0,52103.1
McDonough,17,109,2017,50.61915,0.0,52103.1
McDonough,17,109,2018,12.39053,0.0,52103.1
McDonough,17,109,2019,20.4943,0.0,52103.1
McDonough,17,109,2020,4.05188,0.0,52103.1
Mason,54,053,2010,252.42612,0.0,79031.91
Mason,54,053,2011,197.99552999999997,0.0,79031.91
Mason,54,053,2012,466.23561,0.0,79031.91
Mason,54,053,2013,179.26665,0.0,79031.91
Mason,54,053,2014,313.14193,0.0,79031.91
Mason,54,053,2015,251.75045,0.0,79031.91
Mason,54,053,2016,464.61639,0.0,79031.91
Mason,54,053,2017,373.00734,0.0,79031.91
Mason,54,053,2018,677.01991,0.0,79031.91
Mason,54,053,2019,490.08639999999997,0.0,79031.91
Mason,54,053,2020,662.98686,0.0,79031.91
McLean,38,055,2010,10.661200000000001,0.0,342181.95
McLean,38,055,2011,16.5307,0.0,342181.95
McLean,38,055,2012,6.82414,0.0,342181.95
McLean,38,055,2013,10.653780000000001,0.0,342181.95
McLean,38,055,2014,2.9452100000000003,0.0,342181.95
McLean,38,055,2020,11.878179999999999,0.0,342181.95
Menard,48,327,2010,0.0,315.55278,83379.32
Menard,48,327,2011,0.0,65.59772,83379.32
Menard,48,327,2012,0.0,1956.09612,83379.32
Menard,48,327,2013,0.0,98.6584,83379.32
Menard,48,327,2014,0.0,112.36629,83379.32
Menard,48,327,2015,0.0,58.57208,83379.32
Menard,48,327,2019,0.0,103.84378,83379.32
Menard,48,327,2020,0.0,298.12635,83379.32
Jersey,17,083,2010,0.0,9769.75253,48912.21
Jersey,17,083,2011,0.0,4445.39324,48912.21
Jersey,17,083,2012,0.0,7069.0592,48912.21
Jersey,17,083,2013,0.0,16812.72811,48912.21
Jersey,17,083,2014,0.0,9199.81266,48912.21
Jersey,17,083,2015,0.0,3876.83718,48912.21
Jersey,17,083,2016,0.0,6076.94332,48912.21
Jersey,17,083,2017,0.0,12103.90976,48912.21
Jersey,17,083,2018,0.0,4491.57977,48912.21
Jersey,17,083,2019,0.0,4672.02917,48912.21
Jersey,17,083,2020,0.0,4712.40988,48912.21
Mercer,54,055,2010,449.55659,179041.19785,60108.59
Mercer,54,055,2011,308.26796,124500.29001,60108.59
Mercer,54,055,2012,325.97316,132717.60008,60108.59
Mercer,54,055,2013,237.38015000000001,85889.06042,60108.59
Mercer,54,055,2014,397.45572999999996,147733.82331,60108.59
Mercer,54,055,2015,715.82569,291336.74416,60108.59
Mercer,54,055,2016,1066.93848,429392.5048,60108.59
Mercer,54,055,2017,591.12256,245412.25048,60108.59
Mercer,54,055,2018,531.72447,223191.48747,60108.59
Mercer,54,055,2019,875.21173,360035.71354,60108.59
Mercer,54,055,2020,758.4625,332971.43127,60108.59
Moultrie,17,139,2010,0.11958,0.0,37000.95
Moultrie,17,139,2011,0.17937,0.0,37000.95
Moultrie,17,139,2012,2.9895400000000003,0.0,37000.95
Moultrie,17,139,2013,28.46035,0.0,37000.95
Moultrie,17,139,2014,1.73393,0.0,37000.95
Moultrie,17,139,2015,81.25548,0.0,37000.95
Moultrie,17,139,2016,4.12555,0.0,37000.95
Moultrie,17,139,2017,20.92673,0.0,37000.95
Moultrie,17,139,2018,3.76681,0.0,37000.95
Moultrie,17,139,2019,0.47833,0.0,37000.95
Moultrie,17,139,2020,0.35874,0.0,37000.95
Macoupin,17,117,2010,7.055300000000001,2277.04394,75236.71
Macoupin,17,117,2011,18.65468,5056.34698,75236.71
Macoupin,17,117,2012,32.82506,9231.303339999999,75236.71
Macoupin,17,117,2013,86.75623,14680.86335,75236.71
Macoupin,17,117,2014,22.840020000000003,4176.88374,75236.71
Macoupin,17,117,2015,20.08966,4462.50419,75236.71
Macoupin,17,117,2016,42.45136,10746.91779,75236.71
Macoupin,17,117,2017,83.22856999999999,17416.15172,75236.71
Macoupin,17,117,2018,33.48276,10236.19916,75236.71
Macoupin,17,117,2019,13.33332,3594.0471799999996,75236.71
Macoupin,17,117,2020,16.26305,4535.564469999999,75236.71
Ogle,17,141,2010,1.32541,0.0,72146.71
Ogle,17,141,2011,4.72539,0.0,72146.71
Ogle,17,141,2012,5.12878,0.0,72146.71
Ogle,17,141,2013,20.74562,0.0,72146.71
Ogle,17,141,2014,8.58638,0.0,72146.71
Ogle,17,141,2015,4.78302,0.0,72146.71
Ogle,17,141,2016,6.16606,0.0,72146.71
Ogle,17,141,2017,18.72868,0.0,72146.71
Ogle,17,141,2018,26.39304,0.0,72146.71
Ogle,17,141,2019,12.21686,0.0,72146.71
Ogle,17,141,2020,25.01,0.0,72146.71
Piatt,17,147,2010,0.05872,0.0,43567.01
Piatt,17,147,2011,0.11745,0.0,43567.01
Piatt,17,147,2012,3.47427,0.0,43567.01
Piatt,17,147,2013,13.11657,0.0,43567.01
Piatt,17,147,2014,1.24279,0.0,43567.01
Piatt,17,147,2015,0.23703000000000002,0.0,43567.01
Piatt,17,147,2016,1.9133,0.0,43567.01
Piatt,17,147,2017,8.89812,0.0,43567.01
Piatt,17,147,2018,0.41213,0.0,43567.01
Piatt,17,147,2019,2.94255,0.0,43567.01
Piatt,17,147,2020,3.40593,0.0,43567.01
Peoria,17,143,2010,2.87742,0.0,77011.98
Peoria,17,143,2011,9.33694,0.0,77011.98
Peoria,17,143,2012,17.91049,0.0,77011.98
Peoria,17,143,2013,118.38539,0.0,77011.98
Peoria,17,143,2014,25.77936,0.0,77011.98
Peoria,17,143,2015,17.14709,0.0,77011.98
Peoria,17,143,2016,29.24401,0.0,77011.98
Peoria,17,143,2017,35.05758,0.0,77011.98
Peoria,17,143,2018,46.33238,0.0,77011.98
Peoria,17,143,2019,23.13683,0.0,77011.98
Peoria,17,143,2020,57.84207,0.0,77011.98
Livingston,36,051,2010,42.40837,13544.432980000001,88703.2
Livingston,36,051,2011,29.3428,10132.45954,88703.2
Livingston,36,051,2012,82.54307,27484.512560000003,88703.2
Livingston,36,051,2013,38.22239,9409.79822,88703.2
Livingston,36,051,2014,50.00333,15943.218710000001,88703.2
Livingston,36,051,2015,77.90619000000001,25876.91708,88703.2
Livingston,36,051,2016,73.01589000000001,17848.89688,88703.2
Livingston,36,051,2017,89.28968,29731.97811,88703.2
Livingston,36,051,2018,71.99683999999999,19500.35696,88703.2
Livingston,36,051,2019,58.90766,18752.66797,88703.2
Livingston,36,051,2020,52.92122,16003.598150000002,88703.2
Richland,55,103,2010,23.10953,0.0,55453.48
Richland,55,103,2011,20.56692,0.0,55453.48
Richland,55,103,2012,36.72664,0.0,55453.48
Richland,55,103,2013,109.16289,0.0,55453.48
Richland,55,103,2014,52.99937,0.0,55453.48
Richland,55,103,2015,24.91762,0.0,55453.48
Richland,55,103,2016,40.73832,0.0,55453.48
Richland,55,103,2017,31.92393,0.0,55453.48
Richland,55,103,2018,71.64521,0.0,55453.48
Richland,55,103,2019,51.64331,0.0,55453.48
Richland,55,103,2020,41.07734,0.0,55453.48
Stark,39,151,2010,112.86544,41697.09911,61445.36
Stark,39,151,2011,109.51823999999999,39391.48647,61445.36
Stark,39,151,2012,232.89508,84793.75645,61445.36
Stark,39,151,2013,26.48403,7709.81602,61445.36
Stark,39,151,2014,44.8643,11026.24448,61445.36
Stark,39,151,2015,70.58494999999999,22421.10271,61445.36
Stark,39,151,2016,137.35289,36052.67457,61445.36
Stark,39,151,2017,177.22575,54459.04358,61445.36
Stark,39,151,2018,195.42986,56815.40519,61445.36
Stark,39,151,2019,83.15164,28922.435680000002,61445.36
Stark,39,151,2020,104.52679,31732.88459,61445.36
Stephenson,17,177,2010,0.0,232.0809,49266.31
Stephenson,17,177,2012,0.0,141.57633,49266.31
Stephenson,17,177,2013,0.0,595.4305,49266.31
Stephenson,17,177,2014,0.0,673.41838,49266.31
Stephenson,17,177,2015,0.0,1181.58478,49266.31
Stephenson,17,177,2016,0.0,2074.83892,49266.31
Stephenson,17,177,2017,0.0,2128.55904,49266.31
Stephenson,17,177,2018,0.0,2081.35627,49266.31
Stephenson,17,177,2019,0.0,674.30235,49266.31
Stephenson,17,177,2020,0.0,673.03009,49266.31
Tazewell,51,185,2010,412.52746,168872.09352,88879.53
Tazewell,51,185,2011,365.65355,150421.94784,88879.53
Tazewell,51,185,2012,530.08325,211217.14768,88879.53
Tazewell,51,185,2013,436.70647,161007.84064,88879.53
Tazewell,51,185,2014,810.08989,271392.00137,88879.53
Tazewell,51,185,2015,734.52273,294672.23134,88879.53
Tazewell,51,185,2016,1252.30003,502281.85956,88879.53
Tazewell,51,185,2017,1521.8558899999998,620806.90489,88879.53
Tazewell,51,185,2018,783.43731,330632.50892,88879.53
Tazewell,51,185,2019,647.45352,282050.44056,88879.53
Tazewell,51,185,2020,660.8107299999999,296845.22060999996,88879.53
Wabash,18,169,2010,0.0,270.3708,37468.32
Wabash,18,169,2011,0.0,668.16679,37468.32
Wabash,18,169,2012,0.0,437.25338,37468.32
Wabash,18,169,2013,0.0,1818.54634,37468.32
Wabash,18,169,2014,0.0,375.19494,37468.32
Wabash,18,169,2015,0.0,3649.13522,37468.32
Wabash,18,169,2016,0.0,2173.74171,37468.32
Wabash,18,169,2017,0.0,2028.90024,37468.32
Wabash,18,169,2018,0.0,2304.0953,37468.32
Wabash,18,169,2019,0.0,1362.13652,37468.32
Wabash,18,169,2020,0.0,2797.62886,37468.32
Vermilion,22,113,2010,107.83759,24580.94048,182082.22
Vermilion,22,113,2011,148.67694,40878.46573,182082.22
Vermilion,22,113,2012,107.5731,27166.77977,182082.22
Vermilion,22,113,2013,255.88633,17278.94143,182082.22
Vermilion,22,113,2014,239.11863,27161.84104,182082.22
Vermilion,22,113,2015,45.17856,7368.96316,182082.22
Vermilion,22,113,2016,59.01569,9305.981899999999,182082.22
Vermilion,22,113,2017,163.09686000000002,31408.055500000002,182082.22
Vermilion,22,113,2018,126.30895999999998,4439.593940000001,182082.22
Vermilion,22,113,2019,152.59601,9325.81192,182082.22
Vermilion,22,113,2020,118.75477000000001,10368.8064,182082.22
Will,17,197,2010,13.44457,0.0,118201.02
Will,17,197,2011,23.40632,0.0,118201.02
Will,17,197,2012,40.68994,0.0,118201.02
Will,17,197,2013,57.123419999999996,0.0,118201.02
Will,17,197,2014,27.896810000000002,0.0,118201.02
Will,17,197,2015,26.97369,0.0,118201.02
Will,17,197,2016,75.31421,0.0,118201.02
Will,17,197,2017,69.00816,0.0,118201.02
Will,17,197,2018,115.13098000000001,0.0,118201.02
Will,17,197,2019,83.50112,0.0,118201.02
Will,17,197,2020,93.21858,0.0,118201.02
Williamson,48,491,2010,446.08943,0.0,156958.95
Williamson,48,491,2011,202.01906,0.0,156958.95
Williamson,48,491,2012,640.00381,0.0,156958.95
Williamson,48,491,2013,254.63303,0.0,156958.95
Williamson,48,491,2014,615.35762,0.0,156958.95
Williamson,48,491,2015,580.6138,0.0,156958.95
Williamson,48,491,2016,949.5759300000001,0.0,156958.95
Williamson,48,491,2017,649.37069,0.0,156958.95
Williamson,48,491,2018,458.11359,0.0,156958.95
Williamson,48,491,2019,644.52118,0.0,156958.95
Williamson,48,491,2020,548.66011,0.0,156958.95
Woodford,21,239,2010,10.34101,3368.21896,26886.36
Woodford,21,239,2011,2.85898,997.40665,26886.36
Woodford,21,239,2012,2.73733,862.52242,26886.36
Woodford,21,239,2013,4.62304,900.78427,26886.36
Woodford,21,239,2014,11.61843,1577.21708,26886.36
Woodford,21,239,2015,5.83963,964.25446,26886.36
Woodford,21,239,2016,5.71797,1107.24125,26886.36
Woodford,21,239,2017,13.80829,2858.9857,26886.36
Woodford,21,239,2018,3.89309,819.8654,26886.36
Woodford,21,239,2019,8.94193,1116.98676,26886.36
Woodford,21,239,2020,6.38709,1829.36693,26886.36
Dubois,18,037,2010,9.06359,0.0,40669.36
Dubois,18,037,2011,26.27833,0.0,40669.36
Dubois,18,037,2012,62.3502,0.0,40669.36
Dubois,18,037,2013,50.7926,0.0,40669.36
Dubois,18,037,2014,26.82579,0.0,40669.36
Dubois,18,037,2015,35.5244,0.0,40669.36
Dubois,18,037,2016,110.83127,0.0,40669.36
Dubois,18,037,2017,98.30041,0.0,40669.36
Dubois,18,037,2018,32.23961,0.0,40669.36
Dubois,18,037,2019,12.83502,0.0,40669.36
Dubois,18,037,2020,46.41288,0.0,40669.36
Bartholomew,18,005,2010,17.45887,5675.07723,39732.04
Bartholomew,18,005,2011,45.68005,16711.23674,39732.04
Bartholomew,18,005,2012,41.67408,10185.69465,39732.04
Bartholomew,18,005,2013,57.27944,11963.93929,39732.04
Bartholomew,18,005,2014,51.121,14750.9432,39732.04
Bartholomew,18,005,2015,29.35721,10192.10444,39732.04
Bartholomew,18,005,2016,45.85942,11511.91835,39732.04
Bartholomew,18,005,2017,83.28837,28861.87953,39732.04
Bartholomew,18,005,2018,28.46035,7137.70874,39732.04
Bartholomew,18,005,2019,45.26152,12257.04709,39732.04
Bartholomew,18,005,2020,23.79668,7774.00238,39732.04
Elkhart,18,039,2010,0.0,1607.15082,40503.61
Elkhart,18,039,2011,0.0,2546.95446,40503.61
Elkhart,18,039,2012,0.0,2476.1922,40503.61
Elkhart,18,039,2013,0.0,5929.69278,40503.61
Elkhart,18,039,2014,0.0,1874.70489,40503.61
Elkhart,18,039,2015,0.0,2337.00983,40503.61
Elkhart,18,039,2016,0.0,6949.90231,40503.61
Elkhart,18,039,2017,0.0,8929.02666,40503.61
Elkhart,18,039,2018,0.0,11609.85195,40503.61
Elkhart,18,039,2019,0.0,4489.2345,40503.61
Elkhart,18,039,2020,0.0,8532.90747,40503.61
Fountain,18,045,2010,0.52957,0.0,45082.76
Fountain,18,045,2011,2.23147,0.0,45082.76
Fountain,18,045,2012,20.61708,0.0,45082.76
Fountain,18,045,2013,74.38273000000001,0.0,45082.76
Fountain,18,045,2014,13.19343,0.0,45082.76
Fountain,18,045,2015,2.52935,0.0,45082.76
Fountain,18,045,2016,10.20284,0.0,45082.76
Fountain,18,045,2017,13.30875,0.0,45082.76
Fountain,18,045,2018,3.6034499999999996,0.0,45082.76
Fountain,18,045,2019,2.06064,0.0,45082.76
Fountain,18,045,2020,16.09969,0.0,45082.76
Blackford,18,009,2010,0.0,6.95936,14411.95
Blackford,18,009,2011,0.0,148.71012,14411.95
Blackford,18,009,2012,0.0,13.95241,14411.95
Blackford,18,009,2013,0.0,296.67696,14411.95
Blackford,18,009,2014,0.0,91.48987,14411.95
Blackford,18,009,2015,0.0,140.25068,14411.95
Blackford,18,009,2016,0.0,1668.56055,14411.95
Blackford,18,009,2017,0.0,1249.62391,14411.95
Blackford,18,009,2018,0.0,761.1438,14411.95
Blackford,18,009,2019,0.0,428.39104,14411.95
Blackford,18,009,2020,0.0,741.28742,14411.95
Winnebago,55,139,2010,2.04798,491.03761,49642.84
Winnebago,55,139,2011,1.21772,307.71719,49642.84
Winnebago,55,139,2012,5.59044,1150.61167,49642.84
Winnebago,55,139,2013,3.0443,426.13326,49642.84
Winnebago,55,139,2014,2.43544,531.9234,49642.84
Winnebago,55,139,2015,7.47236,2008.49921,49642.84
Winnebago,55,139,2016,7.74911,1631.02844,49642.84
Winnebago,55,139,2017,0.38746,18.84992,49642.84
Winnebago,55,139,2018,6.31,1454.5177800000001,49642.84
Winnebago,55,139,2019,10.18455,2690.16046,49642.84
Winnebago,55,139,2020,9.85245,2644.40111,49642.84
Harrison,54,033,2010,0.0,79858.07675,50824.24
Harrison,54,033,2011,0.0,39195.99924,50824.24
Harrison,54,033,2012,0.0,76343.58674,50824.24
Harrison,54,033,2013,0.0,39703.53701,50824.24
Harrison,54,033,2014,0.0,72729.45718,50824.24
Harrison,54,033,2015,0.0,172390.02274,50824.24
Harrison,54,033,2016,0.0,67403.76145,50824.24
Harrison,54,033,2017,0.0,56281.66259,50824.24
Harrison,54,033,2018,0.0,165684.12936,50824.24
Harrison,54,033,2019,0.0,83624.97249,50824.24
Harrison,54,033,2020,0.0,74465.95091,50824.24
Hendricks,18,063,2010,0.0,348.25287,37397.26
Hendricks,18,063,2011,0.0,1043.54234,37397.26
Hendricks,18,063,2012,0.0,1502.12437,37397.26
Hendricks,18,063,2013,0.0,1280.00616,37397.26
Hendricks,18,063,2014,0.0,3976.59575,37397.26
Hendricks,18,063,2015,0.0,3255.08025,37397.26
Hendricks,18,063,2016,0.0,3545.17946,37397.26
Hendricks,18,063,2017,0.0,8631.71018,37397.26
Hendricks,18,063,2018,0.0,2886.84231,37397.26
Hendricks,18,063,2019,0.0,2396.38924,37397.26
Hendricks,18,063,2020,0.0,5402.14241,37397.26
Jay,18,075,2010,0.17617,6.95936,34306.97
Jay,18,075,2011,5.8722900000000005,2143.69569,34306.97
Jay,18,075,2012,1.11574,299.55846,34306.97
Jay,18,075,2013,3.64082,446.68774,34306.97
Jay,18,075,2014,1.2919100000000001,572.7713,34306.97
Jay,18,075,2015,1.64424,624.13396,34306.97
Jay,18,075,2016,21.90364,5683.92235,34306.97
Jay,18,075,2017,27.65849,10198.43952,34306.97
Jay,18,075,2018,24.017670000000003,6373.710059999999,34306.97
Jay,18,075,2019,3.46465,761.98117,34306.97
Jay,18,075,2020,20.20068,4470.85235,34306.97
LaPorte,18,091,2010,14.06859,0.0,71377.36
LaPorte,18,091,2011,10.73611,0.0,71377.36
LaPorte,18,091,2012,15.910449999999999,0.0,71377.36
LaPorte,18,091,2013,70.10807,0.0,71377.36
LaPorte,18,091,2014,28.767789999999998,0.0,71377.36
LaPorte,18,091,2015,24.57357,0.0,71377.36
LaPorte,18,091,2016,48.63241,0.0,71377.36
LaPorte,18,091,2017,34.01949,0.0,71377.36
LaPorte,18,091,2018,52.24817,0.0,71377.36
LaPorte,18,091,2019,75.78243,0.0,71377.36
LaPorte,18,091,2020,51.63902,0.0,71377.36
LaGrange,18,087,2010,2.24744,0.0,33498.28
LaGrange,18,087,2011,2.88134,0.0,33498.28
LaGrange,18,087,2012,10.89145,0.0,33498.28
LaGrange,18,087,2013,26.62354,0.0,33498.28
LaGrange,18,087,2014,3.80336,0.0,33498.28
LaGrange,18,087,2015,0.57627,0.0,33498.28
LaGrange,18,087,2016,8.35587,0.0,33498.28
LaGrange,18,087,2017,4.61014,0.0,33498.28
LaGrange,18,087,2018,3.28472,0.0,33498.28
LaGrange,18,087,2019,2.24744,0.0,33498.28
LaGrange,18,087,2020,11.6406,0.0,33498.28
Miami,39,109,2010,0.0,123.55865,41205.69
Miami,39,109,2011,0.0,62.5162,41205.69
Miami,39,109,2012,0.0,504.22154,41205.69
Miami,39,109,2013,0.0,712.92964,41205.69
Miami,39,109,2014,0.0,1253.25473,41205.69
Miami,39,109,2015,0.0,118.53675,41205.69
Miami,39,109,2016,0.0,2194.03863,41205.69
Miami,39,109,2017,0.0,7255.11497,41205.69
Miami,39,109,2018,0.0,8540.20418,41205.69
Miami,39,109,2019,0.0,2006.67579,41205.69
Miami,39,109,2020,0.0,7028.889800000001,41205.69
Kosciusko,18,085,2010,4.14411,1009.37157,51487.67
Kosciusko,18,085,2011,4.13973,1265.18374,51487.67
Kosciusko,18,085,2012,9.619119999999999,2686.44312,51487.67
Kosciusko,18,085,2013,35.70509,6720.125249999999,51487.67
Kosciusko,18,085,2014,11.2701,3101.22609,51487.67
Kosciusko,18,085,2015,8.25315,2351.8690800000004,51487.67
Kosciusko,18,085,2016,28.63548,9002.11009,51487.67
Kosciusko,18,085,2017,10.201970000000001,2200.73847,51487.67
Kosciusko,18,085,2018,16.6297,2783.1000999999997,51487.67
Kosciusko,18,085,2019,19.00054,3452.97451,51487.67
Kosciusko,18,085,2020,11.749120000000001,2648.74913,51487.67
Jennings,18,079,2010,17.33929,6089.09984,44198.63
Jennings,18,079,2011,30.37365,9830.04534,44198.63
Jennings,18,079,2012,67.50364,23225.99074,44198.63
Jennings,18,079,2013,124.96245,31280.90219,44198.63
Jennings,18,079,2014,36.65166,10849.79196,44198.63
Jennings,18,079,2015,112.52599,37579.38161,44198.63
Jennings,18,079,2016,73.4827,24317.64317,44198.63
Jennings,18,079,2017,59.91023,17576.56474,44198.63
Jennings,18,079,2018,44.90277,11959.65506,44198.63
Jennings,18,079,2019,23.25856,7977.38067,44198.63
Jennings,18,079,2020,35.99397,11937.57481,44198.63
Ohio,54,069,2010,46.74344,19155.79783,11629.5
Ohio,54,069,2011,36.70182,15219.00994,11629.5
Ohio,54,069,2012,100.59235,39711.22449,11629.5
Ohio,54,069,2013,18.43899,6683.06202,11629.5
Ohio,54,069,2014,23.37172,8361.54193,11629.5
Ohio,54,069,2015,9.45439,3337.86616,11629.5
Ohio,54,069,2016,25.66191,8598.98408,11629.5
Ohio,54,069,2017,76.6334,26191.74063,11629.5
Ohio,54,069,2018,30.00741,10879.21714,11629.5
Ohio,54,069,2019,16.61858,6241.21756,11629.5
Ohio,54,069,2020,35.05758,13751.39567,11629.5
Noble,40,103,2010,57.23494,11427.24532,82917.74
Noble,40,103,2011,33.28651,5803.164989999999,82917.74
Noble,40,103,2012,53.91193,10728.81291,82917.74
Noble,40,103,2013,78.83282,9808.69841,82917.74
Noble,40,103,2014,51.83378,5905.5136,82917.74
Noble,40,103,2015,38.04872,3432.70646,82917.74
Noble,40,103,2016,46.678740000000005,5011.92932,82917.74
Noble,40,103,2017,38.38484,4864.01359,82917.74
Noble,40,103,2018,53.21799,6611.09112,82917.74
Noble,40,103,2019,25.34552,4091.1007200000004,82917.74
Noble,40,103,2020,27.85349,3368.07035,82917.74
Owen,21,187,2010,25.12257,0.0,60865.22
Owen,21,187,2011,50.1843,0.0,60865.22
Owen,21,187,2012,32.60459,0.0,60865.22
Owen,21,187,2013,31.87463,0.0,60865.22
Owen,21,187,2014,57.544669999999996,0.0,60865.22
Owen,21,187,2015,127.98519,0.0,60865.22
Owen,21,187,2016,108.39809000000001,0.0,60865.22
Owen,21,187,2017,84.37046000000001,0.0,60865.22
Owen,21,187,2018,59.12623,0.0,60865.22
Owen,21,187,2019,26.03501,0.0,60865.22
Owen,21,187,2020,73.05618,0.0,60865.22
Parke,18,121,2010,1.61435,0.0,46259.17
Parke,18,121,2011,5.62032,0.0,46259.17
Parke,18,121,2012,11.59938,0.0,46259.17
Parke,18,121,2013,139.61115,0.0,46259.17
Parke,18,121,2014,13.33331,0.0,46259.17
Parke,18,121,2015,23.6173,0.0,46259.17
Parke,18,121,2016,40.71743,0.0,46259.17
Parke,18,121,2017,78.74428,0.0,46259.17
Parke,18,121,2018,34.55899,0.0,46259.17
Parke,18,121,2019,26.30788,0.0,46259.17
Parke,18,121,2020,12.43645,0.0,46259.17
Huntington,18,069,2010,1.2919,384.60529,33495.58
Huntington,18,069,2011,3.93444,1338.24809,33495.58
Huntington,18,069,2012,1.11574,301.6063,33495.58
Huntington,18,069,2013,12.74287,3303.83689,33495.58
Huntington,18,069,2014,0.70467,203.85863,33495.58
Huntington,18,069,2015,3.75827,712.3291,33495.58
Huntington,18,069,2016,12.09692,4074.02749,33495.58
Huntington,18,069,2017,14.21095,3676.25892,33495.58
Huntington,18,069,2018,5.40251,1040.58336,33495.58
Huntington,18,069,2019,0.52851,67.14897,33495.58
Huntington,18,069,2020,16.38369,3426.57835,33495.58
Ripley,29,181,2010,0.0,86264.29534,58813.77
Ripley,29,181,2011,0.0,125032.10588,58813.77
Ripley,29,181,2012,0.0,108204.22503,58813.77
Ripley,29,181,2013,0.0,167068.13924,58813.77
Ripley,29,181,2014,0.0,107464.47506,58813.77
Ripley,29,181,2015,0.0,59413.02451,58813.77
Ripley,29,181,2016,0.0,156293.96645,58813.77
Ripley,29,181,2017,0.0,200518.34427,58813.77
Ripley,29,181,2018,0.0,255533.28299,58813.77
Ripley,29,181,2019,0.0,108693.14871,58813.77
Ripley,29,181,2020,0.0,136464.2452,58813.77
Posey,18,129,2010,21.29031,7424.18594,60208.88
Posey,18,129,2011,24.08847,8967.10827,60208.88
Posey,18,129,2012,40.2691,13559.44081,60208.88
Posey,18,129,2013,60.09951,13446.13394,60208.88
Posey,18,129,2014,21.35114,7409.3025,60208.88
Posey,18,129,2015,25.30506,8724.08238,60208.88
Posey,18,129,2016,57.05803,15374.15924,60208.88
Posey,18,129,2017,166.18608,48230.20892,60208.88
Posey,18,129,2018,81.69396,24826.33354,60208.88
Posey,18,129,2019,21.22948,4943.00277,60208.88
Posey,18,129,2020,48.42025,10056.12795,60208.88
Porter,18,127,2010,0.0,1265.2033299999998,48437.71
Porter,18,127,2011,0.0,3034.80399,48437.71
Porter,18,127,2012,0.0,3597.42875,48437.71
Porter,18,127,2013,0.0,8140.00368,48437.71
Porter,18,127,2014,0.0,4324.21669,48437.71
Porter,18,127,2015,0.0,7327.15259,48437.71
Porter,18,127,2016,0.0,11985.75559,48437.71
Porter,18,127,2017,0.0,5470.49925,48437.71
Porter,18,127,2018,0.0,7554.05803,48437.71
Porter,18,127,2019,0.0,5073.98629,48437.71
Porter,18,127,2020,0.0,8875.65546,48437.71
Steuben,36,101,2010,231.82393,0.0,137341.68
Steuben,36,101,2011,161.22079,0.0,137341.68
Steuben,36,101,2012,237.53773,0.0,137341.68
Steuben,36,101,2013,109.68196999999999,0.0,137341.68
Steuben,36,101,2014,174.21886,0.0,137341.68
Steuben,36,101,2015,122.68141999999999,0.0,137341.68
Steuben,36,101,2016,145.90474999999998,0.0,137341.68
Steuben,36,101,2017,318.39284,0.0,137341.68
Steuben,36,101,2018,311.30109,0.0,137341.68
Steuben,36,101,2019,133.39465,0.0,137341.68
Steuben,36,101,2020,385.41263,0.0,137341.68
Rush,20,165,2010,0.48664,45.38277,61478.93
Rush,20,165,2011,0.54747,105.7227,61478.93
Rush,20,165,2012,0.06083,13.39786,61478.93
Rush,20,165,2013,0.18249,16.01086,61478.93
Rush,20,165,2014,0.06083,0.0,61478.93
Rush,20,165,2017,0.48664,8.88817,61478.93
Starke,18,149,2010,0.0,3262.40929,37081.18
Starke,18,149,2011,0.0,1856.95009,37081.18
Starke,18,149,2012,0.0,2953.9750799999997,37081.18
Starke,18,149,2013,0.0,7340.54977,37081.18
Starke,18,149,2014,0.0,7784.16081,37081.18
Starke,18,149,2015,0.0,2155.7329099999997,37081.18
Starke,18,149,2016,0.0,5433.04505,37081.18
Starke,18,149,2017,0.0,3525.07853,37081.18
Starke,18,149,2018,0.0,3340.54633,37081.18
Starke,18,149,2019,0.0,5285.33107,37081.18
Starke,18,149,2020,0.0,7404.99259,37081.18
St. Joseph,26,149,2010,18.72868,0.0,47271.43
St. Joseph,26,149,2011,26.33541,0.0,47271.43
St. Joseph,26,149,2012,38.37939,0.0,47271.43
St. Joseph,26,149,2013,132.59908,0.0,47271.43
St. Joseph,26,149,2014,6.62707,0.0,47271.43
St. Joseph,26,149,2015,5.8203,0.0,47271.43
St. Joseph,26,149,2016,24.54898,0.0,47271.43
St. Joseph,26,149,2017,51.74879,0.0,47271.43
St. Joseph,26,149,2018,24.95237,0.0,47271.43
St. Joseph,26,149,2019,18.72868,0.0,47271.43
St. Joseph,26,149,2020,23.79983,0.0,47271.43
Switzerland,18,155,2010,6.37417,0.0,32136.02
Switzerland,18,155,2011,16.115769999999998,0.0,32136.02
Switzerland,18,155,2012,50.11944,0.0,32136.02
Switzerland,18,155,2013,16.94246,0.0,32136.02
Switzerland,18,155,2014,16.7647,0.0,32136.02
Switzerland,18,155,2015,19.81287,0.0,32136.02
Switzerland,18,155,2016,35.51968,0.0,32136.02
Switzerland,18,155,2017,40.18694,0.0,32136.02
Switzerland,18,155,2018,49.99767,0.0,32136.02
Switzerland,18,155,2019,14.336709999999998,0.0,32136.02
Switzerland,18,155,2020,38.0071,0.0,32136.02
Vanderburgh,18,163,2010,20.56036,0.0,27576.57
Vanderburgh,18,163,2011,13.6258,0.0,27576.57
Vanderburgh,18,163,2012,17.64055,0.0,27576.57
Vanderburgh,18,163,2013,83.70133,0.0,27576.57
Vanderburgh,18,163,2014,10.03686,0.0,27576.57
Vanderburgh,18,163,2015,18.61381,0.0,27576.57
Vanderburgh,18,163,2016,29.80643,0.0,27576.57
Vanderburgh,18,163,2017,58.88292,0.0,27576.57
Vanderburgh,18,163,2018,23.84515,0.0,27576.57
Vanderburgh,18,163,2019,12.22673,0.0,27576.57
Vanderburgh,18,163,2020,21.35114,0.0,27576.57
Tippecanoe,18,157,2010,0.64595,0.0,43264.24
Tippecanoe,18,157,2011,7.45781,0.0,43264.24
Tippecanoe,18,157,2012,6.28335,0.0,43264.24
Tippecanoe,18,157,2013,61.48289,0.0,43264.24
Tippecanoe,18,157,2014,7.28164,0.0,43264.24
Tippecanoe,18,157,2015,24.19384,0.0,43264.24
Tippecanoe,18,157,2016,11.92075,0.0,43264.24
Tippecanoe,18,157,2017,11.09863,0.0,43264.24
Tippecanoe,18,157,2018,15.67902,0.0,43264.24
Tippecanoe,18,157,2019,13.85861,0.0,43264.24
Tippecanoe,18,157,2020,23.43044,0.0,43264.24
Tipton,47,167,2010,88.38579,0.0,66014.19
Tipton,47,167,2011,55.46884,0.0,66014.19
Tipton,47,167,2012,164.83604,0.0,66014.19
Tipton,47,167,2013,309.44449,0.0,66014.19
Tipton,47,167,2014,302.84853999999996,0.0,66014.19
Tipton,47,167,2015,89.95625,0.0,66014.19
Tipton,47,167,2016,225.83291999999997,0.0,66014.19
Tipton,47,167,2017,252.59365,0.0,66014.19
Tipton,47,167,2018,147.87502,0.0,66014.19
Tipton,47,167,2019,191.91087,0.0,66014.19
Tipton,47,167,2020,87.63197,0.0,66014.19
Vermillion,18,165,2010,3.22869,0.0,30292.26
Vermillion,18,165,2011,2.03181,0.0,30292.26
Vermillion,18,165,2012,18.09521,0.0,30292.26
Vermillion,18,165,2013,156.85541,0.0,30292.26
Vermillion,18,165,2014,9.669,0.0,30292.26
Vermillion,18,165,2015,4.70744,0.0,30292.26
Vermillion,18,165,2016,21.33779,0.0,30292.26
Vermillion,18,165,2017,40.79003,0.0,30292.26
Vermillion,18,165,2018,5.608569999999999,0.0,30292.26
Vermillion,18,165,2019,8.84474,0.0,30292.26
Vermillion,18,165,2020,12.05635,0.0,30292.26
Vigo,18,167,2010,7.35425,0.0,46307.1
Vigo,18,167,2011,10.762319999999999,0.0,46307.1
Vigo,18,167,2012,71.44982,0.0,46307.1
Vigo,18,167,2013,205.50044,0.0,46307.1
Vigo,18,167,2014,11.42002,0.0,46307.1
Vigo,18,167,2015,11.958129999999999,0.0,46307.1
Vigo,18,167,2016,60.92667,0.0,46307.1
Vigo,18,167,2017,74.25998,0.0,46307.1
Vigo,18,167,2018,88.1912,0.0,46307.1
Vigo,18,167,2019,24.753330000000002,0.0,46307.1
Vigo,18,167,2020,36.35271,0.0,46307.1
Whitley,21,235,2010,1102.52615,0.0,60035.89
Whitley,21,235,2011,584.06863,0.0,60035.89
Whitley,21,235,2012,687.03043,0.0,60035.89
Whitley,21,235,2013,460.5763,0.0,60035.89
Whitley,21,235,2014,553.14916,0.0,60035.89
Whitley,21,235,2015,464.16295,0.0,60035.89
Whitley,21,235,2016,965.12007,0.0,60035.89
Whitley,21,235,2017,884.48211,0.0,60035.89
Whitley,21,235,2018,500.58608,0.0,60035.89
Whitley,21,235,2019,488.83668,0.0,60035.89
Whitley,21,235,2020,485.80658,0.0,60035.89
Warrick,18,173,2010,128.53265,0.0,53709.97
Warrick,18,173,2011,288.02749,0.0,53709.97
Warrick,18,173,2012,295.20537,0.0,53709.97
Warrick,18,173,2013,328.47908,0.0,53709.97
Warrick,18,173,2014,270.87358,0.0,53709.97
Warrick,18,173,2015,304.69476,0.0,53709.97
Warrick,18,173,2016,289.18325,0.0,53709.97
Warrick,18,173,2017,292.52887,0.0,53709.97
Warrick,18,173,2018,199.09482,0.0,53709.97
Warrick,18,173,2019,221.05426,0.0,53709.97
Warrick,18,173,2020,227.80633,0.0,53709.97
Wells,38,103,2010,6.12202,0.0,114794.5
Wells,38,103,2011,8.15816,0.0,114794.5
Wells,38,103,2012,4.66849,0.0,114794.5
Wells,38,103,2013,12.840250000000001,0.0,114794.5
Wells,38,103,2014,0.78957,0.0,114794.5
Wells,38,103,2020,0.62083,0.0,114794.5
Audubon,19,009,2010,0.28813,0.0,42844.71
Audubon,19,009,2011,0.17288,0.0,42844.71
Audubon,19,009,2012,1.26779,0.0,42844.71
Audubon,19,009,2013,10.71857,0.0,42844.71
Audubon,19,009,2014,1.6711799999999999,0.0,42844.71
Audubon,19,009,2015,0.11525,0.0,42844.71
Audubon,19,009,2016,0.40339,0.0,42844.71
Audubon,19,009,2017,0.28813,0.0,42844.71
Audubon,19,009,2018,5.41691,0.0,42844.71
Audubon,19,009,2019,0.74915,0.0,42844.71
Audubon,19,009,2020,2.30507,0.0,42844.71
Allamakee,19,005,2010,0.0,11327.92996,68877.79
Allamakee,19,005,2011,0.0,4573.87636,68877.79
Allamakee,19,005,2012,0.0,8889.257249999999,68877.79
Allamakee,19,005,2013,0.0,9249.91035,68877.79
Allamakee,19,005,2014,0.0,4403.64485,68877.79
Allamakee,19,005,2015,0.0,1290.9761600000002,68877.79
Allamakee,19,005,2016,0.0,2020.43581,68877.79
Allamakee,19,005,2017,0.0,3743.67486,68877.79
Allamakee,19,005,2018,0.0,6288.793140000001,68877.79
Allamakee,19,005,2019,0.0,9987.32307,68877.79
Allamakee,19,005,2020,0.0,3476.60981,68877.79
Appanoose,19,007,2010,28.83295,0.0,44632.11
Appanoose,19,007,2011,13.79988,0.0,44632.11
Appanoose,19,007,2012,44.39452,0.0,44632.11
Appanoose,19,007,2013,42.98517,0.0,44632.11
Appanoose,19,007,2014,90.13967,0.0,44632.11
Appanoose,19,007,2015,12.50798,0.0,44632.11
Appanoose,19,007,2016,28.7155,0.0,44632.11
Appanoose,19,007,2017,43.51368,0.0,44632.11
Appanoose,19,007,2018,23.25427,0.0,44632.11
Appanoose,19,007,2019,10.74629,0.0,44632.11
Appanoose,19,007,2020,12.44926,0.0,44632.11
Adair,40,001,2010,0.0,166465.32005,57791.39
Adair,40,001,2011,0.0,106565.87857,57791.39
Adair,40,001,2012,0.0,116606.23369,57791.39
Adair,40,001,2013,0.0,50495.83543,57791.39
Adair,40,001,2014,0.0,116366.7085,57791.39
Adair,40,001,2015,0.0,63737.59285,57791.39
Adair,40,001,2016,0.0,60583.5492,57791.39
Adair,40,001,2017,0.0,135369.61056,57791.39
Adair,40,001,2018,0.0,80031.30896,57791.39
Adair,40,001,2019,0.0,93286.89154,57791.39
Adair,40,001,2020,0.0,64114.64047,57791.39
Buchanan,51,027,2010,765.34304,322388.9122,92831.56
Buchanan,51,027,2011,658.7757999999999,277547.05469,92831.56
Buchanan,51,027,2012,784.57834,321163.8601,92831.56
Buchanan,51,027,2013,618.74635,241301.34951,92831.56
Buchanan,51,027,2014,1119.33007,407685.5851,92831.56
Buchanan,51,027,2015,709.5518,293239.77100999997,92831.56
Buchanan,51,027,2016,1216.28514,497243.54504,92831.56
Buchanan,51,027,2017,1229.28611,513471.14271000004,92831.56
Buchanan,51,027,2018,579.3462099999999,259377.5026,92831.56
Buchanan,51,027,2019,537.43848,240610.04987,92831.56
Buchanan,51,027,2020,609.2082,277350.65891999996,92831.56
Cedar,31,027,2010,2.20697,247.23486,72964.18
Cedar,31,027,2011,5.53725,930.21129,72964.18
Cedar,31,027,2012,13.0012,1583.2303299999999,72964.18
Cedar,31,027,2013,29.804940000000002,4176.8274,72964.18
Cedar,31,027,2014,33.18497,5484.39755,72964.18
Cedar,31,027,2015,17.36201,2886.0328,72964.18
Cedar,31,027,2016,27.126829999999998,4154.45468,72964.18
Cedar,31,027,2017,35.68232,6033.446489999999,72964.18
Cedar,31,027,2018,40.75181,6110.020439999999,72964.18
Cedar,31,027,2019,45.382780000000004,6825.0504599999995,72964.18
Cedar,31,027,2020,18.373440000000002,2213.45581,72964.18
Cerro Gordo,19,033,2010,0.28251,0.0,49185.84
Cerro Gordo,19,033,2011,0.96054,0.0,49185.84
Cerro Gordo,19,033,2012,3.05114,0.0,49185.84
Cerro Gordo,19,033,2013,13.5041,0.0,49185.84
Cerro Gordo,19,033,2014,6.83681,0.0,49185.84
Cerro Gordo,19,033,2015,0.16951,0.0,49185.84
Cerro Gordo,19,033,2016,1.75158,0.0,49185.84
Cerro Gordo,19,033,2017,0.22601,0.0,49185.84
Cerro Gordo,19,033,2019,0.16951,0.0,49185.84
Cerro Gordo,19,033,2020,4.68971,0.0,49185.84
Chickasaw,28,017,2010,0.0,401221.27781,53678.09
Chickasaw,28,017,2011,0.0,574347.66203,53678.09
Chickasaw,28,017,2012,0.0,483979.07765,53678.09
Chickasaw,28,017,2013,0.0,567389.96145,53678.09
Chickasaw,28,017,2014,0.0,671634.11984,53678.09
Chickasaw,28,017,2015,0.0,589177.05929,53678.09
Chickasaw,28,017,2016,0.0,657267.34534,53678.09
Chickasaw,28,017,2017,0.0,703235.52275,53678.09
Chickasaw,28,017,2018,0.0,590762.30847,53678.09
Chickasaw,28,017,2019,0.0,394148.68027,53678.09
Chickasaw,28,017,2020,0.0,457699.75495000003,53678.09
Davis,49,011,2010,12.86032,0.0,88975.22
Davis,49,011,2011,16.9122,0.0,88975.22
Davis,49,011,2012,15.85519,0.0,88975.22
Davis,49,011,2013,18.08666,0.0,88975.22
Davis,49,011,2014,4.22805,0.0,88975.22
Davis,49,011,2015,1.35063,0.0,88975.22
Davis,49,011,2016,0.93957,0.0,88975.22
Davis,49,011,2017,0.93957,0.0,88975.22
Davis,49,011,2018,2.87742,0.0,88975.22
Davis,49,011,2019,37.28905,0.0,88975.22
Davis,49,011,2020,49.15108,0.0,88975.22
Dickinson,26,043,2010,1132.52213,0.0,77216.58
Dickinson,26,043,2011,620.43317,0.0,77216.58
Dickinson,26,043,2012,1028.89088,0.0,77216.58
Dickinson,26,043,2013,1114.75368,0.0,77216.58
Dickinson,26,043,2014,1500.62162,0.0,77216.58
Dickinson,26,043,2015,1819.74952,0.0,77216.58
Dickinson,26,043,2016,1947.5957,0.0,77216.58
Dickinson,26,043,2017,2173.16836,0.0,77216.58
Dickinson,26,043,2018,2220.89399,0.0,77216.58
Dickinson,26,043,2019,1634.04752,0.0,77216.58
Dickinson,26,043,2020,1734.64513,0.0,77216.58
Des Moines,19,057,2010,14.38711,3891.4851799999997,54267.77
Des Moines,19,057,2011,5.81357,1415.4605800000002,54267.77
Des Moines,19,057,2012,12.44926,2149.64554,54267.77
Des Moines,19,057,2013,80.39167,7406.98325,54267.77
Des Moines,19,057,2014,34.17673,6353.86025,54267.77
Des Moines,19,057,2015,3.9931599999999996,860.42436,54267.77
Des Moines,19,057,2016,21.31642,3106.01191,54267.77
Des Moines,19,057,2017,59.77992999999999,15056.488959999999,54267.77
Des Moines,19,057,2018,51.08894,11738.221529999999,54267.77
Des Moines,19,057,2019,16.03135,3533.86289,54267.77
Des Moines,19,057,2020,41.39966,10842.07237,54267.77
Emmet,26,047,2010,147.83569,41954.70237,98770.01
Emmet,26,047,2011,117.39096,31251.86435,98770.01
Emmet,26,047,2012,146.53556,39698.77924,98770.01
Emmet,26,047,2013,108.83177,27932.33296,98770.01
Emmet,26,047,2014,134.02179999999998,37465.01738,98770.01
Emmet,26,047,2015,101.84357,26836.55398,98770.01
Emmet,26,047,2016,162.29963999999998,50635.312730000005,98770.01
Emmet,26,047,2017,215.3883,64030.83012,98770.01
Emmet,26,047,2018,342.80111,108463.97145000001,98770.01
Emmet,26,047,2019,193.99033,60279.57817000001,98770.01
Emmet,26,047,2020,241.93264,77469.71413,98770.01
Ida,19,093,2010,0.0,21.562440000000002,44244.39
Ida,19,093,2012,0.0,343.01524,44244.39
Ida,19,093,2013,0.0,369.518,44244.39
Ida,19,093,2014,0.0,141.22812,44244.39
Ida,19,093,2015,0.0,119.82842,44244.39
Ida,19,093,2016,0.0,262.75072,44244.39
Ida,19,093,2017,0.0,407.87475,44244.39
Ida,19,093,2019,0.0,307.53731,44244.39
Ida,19,093,2020,0.0,169.55074,44244.39
Guthrie,19,077,2010,0.0,217.66968,55002.82
Guthrie,19,077,2011,0.0,141.62955,55002.82
Guthrie,19,077,2012,0.0,680.91296,55002.82
Guthrie,19,077,2013,0.0,1001.35648,55002.82
Guthrie,19,077,2014,0.0,2462.50848,55002.82
Guthrie,19,077,2015,0.0,69.91549,55002.82
Guthrie,19,077,2016,0.0,78.01804,55002.82
Guthrie,19,077,2017,0.0,3180.7563,55002.82
Guthrie,19,077,2018,0.0,6179.00219,55002.82
Guthrie,19,077,2019,0.0,1464.47551,55002.82
Guthrie,19,077,2020,0.0,2662.80518,55002.82
Kossuth,19,109,2010,0.0565,0.0,83103.76
Kossuth,19,109,2011,0.11301,0.0,83103.76
Kossuth,19,109,2012,1.58207,0.0,83103.76
Kossuth,19,109,2013,4.29419,0.0,83103.76
Kossuth,19,109,2014,5.36774,0.0,83103.76
Kossuth,19,109,2015,1.01705,0.0,83103.76
Kossuth,19,109,2016,0.16951,0.0,83103.76
Kossuth,19,109,2019,8.13636,0.0,83103.76
Kossuth,19,109,2020,37.63068,0.0,83103.76
Lucas,39,095,2010,34.11502,0.0,146967.94
Lucas,39,095,2011,19.247320000000002,0.0,146967.94
Lucas,39,095,2012,6.33894,0.0,146967.94
Lucas,39,095,2013,17.17276,0.0,146967.94
Lucas,39,095,2014,10.71857,0.0,146967.94
Lucas,39,095,2015,15.78972,0.0,146967.94
Lucas,39,095,2016,48.23356,0.0,146967.94
Lucas,39,095,2017,66.44361,0.0,146967.94
Lucas,39,095,2018,69.72833,0.0,146967.94
Lucas,39,095,2019,55.782669999999996,0.0,146967.94
Lucas,39,095,2020,176.68352,0.0,146967.94
Louisa,51,109,2010,2407.56917,0.0,83816.89
Louisa,51,109,2011,2162.97391,0.0,83816.89
Louisa,51,109,2012,2544.98292,0.0,83816.89
Louisa,51,109,2013,2617.36998,0.0,83816.89
Louisa,51,109,2014,3033.38265,0.0,83816.89
Louisa,51,109,2015,2979.06194,0.0,83816.89
Louisa,51,109,2016,3562.78143,0.0,83816.89
Louisa,51,109,2017,2855.45648,0.0,83816.89
Louisa,51,109,2018,2939.70528,0.0,83816.89
Louisa,51,109,2019,3384.61195,0.0,83816.89
Louisa,51,109,2020,2180.97943,0.0,83816.89
Linn,41,043,2010,4039.72469,0.0,252936.11
Linn,41,043,2011,5232.036840000001,0.0,252936.11
Linn,41,043,2012,5368.36593,0.0,252936.11
Linn,41,043,2013,4245.51907,0.0,252936.11
Linn,41,043,2014,4622.62425,0.0,252936.11
Linn,41,043,2015,4461.88544,0.0,252936.11
Linn,41,043,2016,5749.29031,0.0,252936.11
Linn,41,043,2017,7788.63616,0.0,252936.11
Linn,41,043,2018,8016.95831,0.0,252936.11
Linn,41,043,2019,5682.81397,0.0,252936.11
Linn,41,043,2020,27191.1487,0.0,252936.11
Lyon,32,019,2010,30.06707,5552.128070000001,399850.33
Lyon,32,019,2011,192.95999,7688.11748,399850.33
Lyon,32,019,2012,463.62691,3869.6562,399850.33
Lyon,32,019,2013,2624.1522299999997,75801.04143,399850.33
Lyon,32,019,2014,499.86624000000006,16220.81535,399850.33
Lyon,32,019,2015,1410.58114,255018.8731,399850.33
Lyon,32,019,2016,162.50054,32571.47666,399850.33
Lyon,32,019,2017,154.31143,5537.99281,399850.33
Lyon,32,019,2018,61.057199999999995,10490.35089,399850.33
Lyon,32,019,2019,14.695330000000002,2632.3251099999998,399850.33
Lyon,32,019,2020,1485.11609,268262.45160000003,399850.33
Mills,48,333,2010,41.728030000000004,3522.6835,124546.96
Mills,48,333,2011,65.58793,4585.874400000001,124546.96
Mills,48,333,2012,134.87034,9855.62951,124546.96
Mills,48,333,2013,94.31751999999999,714.38506,124546.96
Mills,48,333,2014,75.52061,2054.63063,124546.96
Mills,48,333,2015,68.47400999999999,2539.82942,124546.96
Mills,48,333,2016,67.88477,4241.85581,124546.96
Mills,48,333,2017,52.75577,1936.9129599999999,124546.96
Mills,48,333,2018,14.43594,546.04587,124546.96
Mills,48,333,2019,106.78621,3564.61071,124546.96
Mills,48,333,2020,180.69531999999998,3445.7833100000003,124546.96
Muscatine,19,139,2010,0.80677,149.03146,47246.63
Muscatine,19,139,2011,8.93215,1386.6927699999999,47246.63
Muscatine,19,139,2012,7.203340000000001,993.97575,47246.63
Muscatine,19,139,2013,95.3146,5309.85511,47246.63
Muscatine,19,139,2014,11.525350000000001,1518.98167,47246.63
Muscatine,19,139,2015,2.5932,538.26421,47246.63
Muscatine,19,139,2016,3.80336,574.28093,47246.63
Muscatine,19,139,2017,14.92532,2375.80138,47246.63
Muscatine,19,139,2018,9.73891,2138.97156,47246.63
Muscatine,19,139,2019,17.74903,2189.90556,47246.63
Muscatine,19,139,2020,9.56603,2279.23383,47246.63
Palo Alto,19,147,2010,0.67803,70.42665,48642.68
Palo Alto,19,147,2011,0.50852,74.57405,48642.68
Palo Alto,19,147,2012,1.41256,342.76105,48642.68
Palo Alto,19,147,2013,17.17677,313.83558,48642.68
Palo Alto,19,147,2014,4.29419,687.04373,48642.68
Palo Alto,19,147,2015,0.33902,81.12579,48642.68
Palo Alto,19,147,2016,2.1471,691.64288,48642.68
Palo Alto,19,147,2017,0.16951,22.68415,48642.68
Palo Alto,19,147,2019,10.05745,478.66334,48642.68
Palo Alto,19,147,2020,21.24495,463.42674,48642.68
Poweshiek,19,157,2010,0.34576,80.36141,50453.03
Poweshiek,19,157,2011,3.3999699999999997,982.49988,50453.03
Poweshiek,19,157,2012,4.14912,993.34909,50453.03
Poweshiek,19,157,2013,18.15242,710.60989,50453.03
Poweshiek,19,157,2014,2.76609,376.0787,50453.03
Poweshiek,19,157,2015,1.32542,192.67097,50453.03
Poweshiek,19,157,2016,2.47795,589.88737,50453.03
Poweshiek,19,157,2017,4.32201,1054.01191,50453.03
Poweshiek,19,157,2018,5.93555,1546.92762,50453.03
Poweshiek,19,157,2019,2.47795,396.13388,50453.03
Poweshiek,19,157,2020,3.68811,861.42179,50453.03
Ringgold,19,159,2010,6.63569,1990.63421,46270.44
Ringgold,19,159,2011,7.98632,2330.09261,46270.44
Ringgold,19,159,2012,12.44926,2567.58637,46270.44
Ringgold,19,159,2013,74.22576,6909.24631,46270.44
Ringgold,19,159,2014,24.89852,4261.69142,46270.44
Ringgold,19,159,2015,10.10034,1612.70267,46270.44
Ringgold,19,159,2016,25.60319,4208.23939,46270.44
Ringgold,19,159,2017,27.54105,5188.1491,46270.44
Ringgold,19,159,2018,27.01254,4956.53157,46270.44
Ringgold,19,159,2019,1.76169,386.92777,46270.44
Ringgold,19,159,2020,4.22805,845.60093,46270.44
Sac,19,161,2010,0.0,183.44949,56196.94
Sac,19,161,2011,0.0,71.35278,56196.94
Sac,19,161,2012,0.0,174.24358,56196.94
Sac,19,161,2013,0.0,233.65201,56196.94
Sac,19,161,2014,0.0,637.57974,56196.94
Sac,19,161,2015,0.0,182.10718,56196.94
Sac,19,161,2016,0.0,182.92525999999998,56196.94
Sac,19,161,2017,0.0,522.48099,56196.94
Sac,19,161,2018,0.0,225.06261,56196.94
Sac,19,161,2019,0.0,60.69783,56196.94
Wapello,19,179,2010,0.0,1820.99633,37330.35
Wapello,19,179,2011,0.0,6060.438169999999,37330.35
Wapello,19,179,2012,0.0,3651.3083800000004,37330.35
Wapello,19,179,2013,0.0,7655.49482,37330.35
Wapello,19,179,2014,0.0,12498.727659999999,37330.35
Wapello,19,179,2015,0.0,3488.11171,37330.35
Wapello,19,179,2016,0.0,6193.88135,37330.35
Wapello,19,179,2017,0.0,18399.0422,37330.35
Wapello,19,179,2018,0.0,15170.84388,37330.35
Wapello,19,179,2019,0.0,18282.94747,37330.35
Wapello,19,179,2020,0.0,1668.04277,37330.35
Winneshiek,19,191,2010,0.0,573.91858,59218.31
Winneshiek,19,191,2011,0.0,696.85814,59218.31
Winneshiek,19,191,2012,0.0,1210.92846,59218.31
Winneshiek,19,191,2013,0.0,2858.51533,59218.31
Winneshiek,19,191,2014,0.0,1867.43158,59218.31
Winneshiek,19,191,2015,0.0,736.1188,59218.31
Winneshiek,19,191,2016,0.0,1669.78456,59218.31
Winneshiek,19,191,2017,0.0,914.89408,59218.31
Winneshiek,19,191,2018,0.0,363.259,59218.31
Winneshiek,19,191,2019,0.0,302.28805,59218.31
Winneshiek,19,191,2020,0.0,2521.63672,59218.31
Tama,19,171,2010,1.15253,313.99408,61854.86
Tama,19,171,2011,11.17959,2846.26678,61854.86
Tama,19,171,2012,5.64742,1497.73574,61854.86
Tama,19,171,2013,34.230270000000004,1678.91905,61854.86
Tama,19,171,2014,7.43385,1585.5704700000001,61854.86
Tama,19,171,2015,1.2101600000000001,294.52762,61854.86
Tama,19,171,2016,6.511819999999999,2278.65691,61854.86
Tama,19,171,2017,1.84406,523.63611,61854.86
Tama,19,171,2018,60.10467,11008.95605,61854.86
Tama,19,171,2019,25.70152,3465.59939,61854.86
Tama,19,171,2020,196.39186,66041.95236,61854.86
Sioux,38,085,2010,2.36067,0.0,204052.0
Sioux,38,085,2011,1.7130200000000002,0.0,204052.0
Sioux,38,085,2012,0.90887,0.0,204052.0
Sioux,38,085,2013,1.92971,0.0,204052.0
Sioux,38,085,2014,2.9228899999999998,0.0,204052.0
Sioux,38,085,2018,0.32503,0.0,204052.0
Sioux,38,085,2020,0.42735,0.0,204052.0
Woodbury,19,193,2010,6.12897,908.3775499999999,87468.62
Woodbury,19,193,2011,8.914159999999999,1732.3550599999999,87468.62
Woodbury,19,193,2012,13.56281,2518.02752,87468.62
Woodbury,19,193,2013,38.11096,3910.68001,87468.62
Woodbury,19,193,2014,34.932199999999995,6612.68456,87468.62
Woodbury,19,193,2015,8.29375,1355.65967,87468.62
Woodbury,19,193,2016,30.27456,2976.5836900000004,87468.62
Woodbury,19,193,2017,21.85431,2353.7409100000004,87468.62
Woodbury,19,193,2018,9.532309999999999,797.9869699999999,87468.62
Woodbury,19,193,2019,6.3617099999999995,566.39132,87468.62
Woodbury,19,193,2020,20.04847,3811.4954400000006,87468.62
Barton,29,011,2010,5.0283999999999995,0.0,53413.34
Barton,29,011,2011,12.38472,0.0,53413.34
Barton,29,011,2012,19.231679999999997,0.0,53413.34
Barton,29,011,2013,18.45832,0.0,53413.34
Barton,29,011,2014,68.20537,0.0,53413.34
Barton,29,011,2015,30.18779,0.0,53413.34
Barton,29,011,2016,23.43093,0.0,53413.34
Barton,29,011,2017,62.08706,0.0,53413.34
Barton,29,011,2018,35.70913,0.0,53413.34
Barton,29,011,2019,25.66644,0.0,53413.34
Barton,29,011,2020,18.86495,0.0,53413.34
Barber,20,007,2010,0.0,9176.78913,101909.46
Barber,20,007,2011,0.0,6284.858700000001,101909.46
Barber,20,007,2012,0.0,6533.715719999999,101909.46
Barber,20,007,2013,0.0,4714.70787,101909.46
Barber,20,007,2014,0.0,10184.76518,101909.46
Barber,20,007,2015,0.0,492.23811,101909.46
Barber,20,007,2016,0.0,20911.12127,101909.46
Barber,20,007,2017,0.0,637.2386300000001,101909.46
Barber,20,007,2018,0.0,392.87167999999997,101909.46
Barber,20,007,2019,0.0,143.84467999999998,101909.46
Barber,20,007,2020,0.0,387.30240000000003,101909.46
Atchison,29,005,2010,0.0,258.98655,59812.95
Atchison,29,005,2011,0.0,2361.77542,59812.95
Atchison,29,005,2012,0.0,5999.78217,59812.95
Atchison,29,005,2013,0.0,2495.52381,59812.95
Atchison,29,005,2014,0.0,2664.07136,59812.95
Atchison,29,005,2015,0.0,3802.9908,59812.95
Atchison,29,005,2016,0.0,8698.11962,59812.95
Atchison,29,005,2017,0.0,4159.70068,59812.95
Atchison,29,005,2018,0.0,3058.87565,59812.95
Atchison,29,005,2019,0.0,697.04327,59812.95
Atchison,29,005,2020,0.0,922.59957,59812.95
Cloud,20,029,2010,6.397600000000001,0.0,61556.39
Cloud,20,029,2011,3.82661,0.0,61556.39
Cloud,20,029,2012,4.18535,0.0,61556.39
Cloud,20,029,2013,14.529129999999999,0.0,61556.39
Cloud,20,029,2014,5.26158,0.0,61556.39
Cloud,20,029,2015,8.37069,0.0,61556.39
Cloud,20,029,2016,12.376660000000001,0.0,61556.39
Cloud,20,029,2017,11.65917,0.0,61556.39
Cloud,20,029,2018,5.38115,0.0,61556.39
Cloud,20,029,2019,0.53812,0.0,61556.39
Cloud,20,029,2020,6.57697,0.0,61556.39
Chase,31,029,2010,0.52851,0.0,76932.03
Chase,31,029,2011,0.46978,0.0,76932.03
Chase,31,029,2012,0.35234,0.0,76932.03
Chase,31,029,2013,0.52851,0.0,76932.03
Chase,31,029,2014,0.05872,0.0,76932.03
Chase,31,029,2017,0.05872,0.0,76932.03
Chase,31,029,2018,0.58723,0.0,76932.03
Coffey,20,031,2010,6.87373,0.0,57228.47
Coffey,20,031,2011,3.28479,0.0,57228.47
Coffey,20,031,2012,5.96129,0.0,57228.47
Coffey,20,031,2013,16.11981,0.0,57228.47
Coffey,20,031,2014,12.89585,0.0,57228.47
Coffey,20,031,2015,6.02212,0.0,57228.47
Coffey,20,031,2016,9.00276,0.0,57228.47
Coffey,20,031,2017,13.0175,0.0,57228.47
Coffey,20,031,2018,8.51612,0.0,57228.47
Coffey,20,031,2019,5.41382,0.0,57228.47
Coffey,20,031,2020,7.36036,0.0,57228.47
Cowley,20,035,2010,9.39952,0.0,97254.09
Cowley,20,035,2011,12.98617,0.0,97254.09
Cowley,20,035,2012,29.55901,0.0,97254.09
Cowley,20,035,2013,30.79578,0.0,97254.09
Cowley,20,035,2014,30.17739,0.0,97254.09
Cowley,20,035,2015,14.09927,0.0,97254.09
Cowley,20,035,2016,34.07325,0.0,97254.09
Cowley,20,035,2017,13.79008,0.0,97254.09
Cowley,20,035,2018,22.69488,0.0,97254.09
Cowley,20,035,2019,21.7673,0.0,97254.09
Cowley,20,035,2020,18.73719,0.0,97254.09
Doniphan,20,043,2010,0.0,400.48337999999995,57822.91
Doniphan,20,043,2011,0.0,978.35004,57822.91
Doniphan,20,043,2012,0.0,2020.4189999999999,57822.91
Doniphan,20,043,2013,0.0,5394.40393,57822.91
Doniphan,20,043,2014,0.0,4927.74694,57822.91
Doniphan,20,043,2015,0.0,3345.69014,57822.91
Doniphan,20,043,2016,0.0,4452.20406,57822.91
Doniphan,20,043,2017,0.0,12283.85055,57822.91
Doniphan,20,043,2018,0.0,7939.89293,57822.91
Doniphan,20,043,2019,0.0,2961.915,57822.91
Doniphan,20,043,2020,0.0,2827.03597,57822.91
Ellis,48,139,2010,42.00788,0.0,120317.16
Ellis,48,139,2011,29.58665,0.0,120317.16
Ellis,48,139,2012,184.88517,0.0,120317.16
Ellis,48,139,2013,179.41839000000002,0.0,120317.16
Ellis,48,139,2014,283.34315000000004,0.0,120317.16
Ellis,48,139,2015,75.19316,0.0,120317.16
Ellis,48,139,2016,221.89465,0.0,120317.16
Ellis,48,139,2017,165.502,0.0,120317.16
Ellis,48,139,2018,96.78178,0.0,120317.16
Ellis,48,139,2019,171.11154,0.0,120317.16
Ellis,48,139,2020,157.27103,0.0,120317.16
Ellsworth,20,053,2010,3.3155,0.0,62391.28
Ellsworth,20,053,2011,6.44065,0.0,62391.28
Ellsworth,20,053,2012,6.5857399999999995,0.0,62391.28
Ellsworth,20,053,2013,5.39616,0.0,62391.28
Ellsworth,20,053,2014,2.55484,0.0,62391.28
Ellsworth,20,053,2015,2.0661199999999997,0.0,62391.28
Ellsworth,20,053,2016,0.42373,0.0,62391.28
Ellsworth,20,053,2017,0.18249,0.0,62391.28
Ellsworth,20,053,2018,0.42165,0.0,62391.28
Ellsworth,20,053,2019,1.45679,0.0,62391.28
Ellsworth,20,053,2020,0.41853,0.0,62391.28
Finney,20,055,2010,14.78156,0.0,148918.02
Finney,20,055,2011,5.53548,0.0,148918.02
Finney,20,055,2012,3.95391,0.0,148918.02
Finney,20,055,2013,3.95391,0.0,148918.02
Finney,20,055,2014,1.39908,0.0,148918.02
Finney,20,055,2015,0.12166,0.0,148918.02
Finney,20,055,2016,0.24332,0.0,148918.02
Finney,20,055,2017,1.27742,0.0,148918.02
Finney,20,055,2018,0.72995,0.0,148918.02
Finney,20,055,2019,0.36498,0.0,148918.02
Finney,20,055,2020,0.79078,0.0,148918.02
Gray,48,179,2010,3.51784,502.71394,79654.09
Gray,48,179,2011,1.38201,57.46484,79654.09
Gray,48,179,2012,0.18846,0.0,79654.09
Gray,48,179,2013,3.39221,361.82305,79654.09
Gray,48,179,2014,2.44993,148.20757,79654.09
Gray,48,179,2018,3.01529,16.16925,79654.09
Harvey,20,079,2010,0.0,701.73112,46429.43
Harvey,20,079,2011,0.0,2548.21893,46429.43
Harvey,20,079,2012,0.0,1417.31056,46429.43
Harvey,20,079,2013,0.0,448.80893000000003,46429.43
Harvey,20,079,2014,0.0,1155.19058,46429.43
Harvey,20,079,2015,0.0,97.59789,46429.43
Harvey,20,079,2016,0.0,626.42134,46429.43
Harvey,20,079,2017,0.0,73.35065,46429.43
Harvey,20,079,2018,0.0,279.94728,46429.43
Harvey,20,079,2019,0.0,122.41538,46429.43
Harvey,20,079,2020,0.0,134.91176000000002,46429.43
Greeley,31,077,2010,1.55592,0.0,48780.74
Greeley,31,077,2011,0.17288,0.0,48780.74
Greeley,31,077,2012,1.84406,0.0,48780.74
Greeley,31,077,2013,4.0915,0.0,48780.74
Greeley,31,077,2014,0.97965,0.0,48780.74
Greeley,31,077,2015,0.8644,0.0,48780.74
Greeley,31,077,2016,5.47454,0.0,48780.74
Greeley,31,077,2017,3.05422,0.0,48780.74
Greeley,31,077,2018,2.24744,0.0,48780.74
Greeley,31,077,2019,1.09491,0.0,48780.74
Greeley,31,077,2020,0.97965,0.0,48780.74
Geary,20,061,2010,20.86693,0.0,51208.13
Geary,20,061,2011,14.46934,0.0,51208.13
Geary,20,061,2012,24.57395,0.0,51208.13
Geary,20,061,2013,51.36016,0.0,51208.13
Geary,20,061,2014,60.80709,0.0,51208.13
Geary,20,061,2015,8.78922,0.0,51208.13
Geary,20,061,2016,28.87888,0.0,51208.13
Geary,20,061,2017,18.95363,0.0,51208.13
Geary,20,061,2018,17.93719,0.0,51208.13
Geary,20,061,2019,19.37217,0.0,51208.13
Geary,20,061,2020,32.16737,0.0,51208.13
Greenwood,45,047,2010,3090.01215,1262045.72411,71530.83
Greenwood,45,047,2011,2524.00625,1105381.83955,71530.83
Greenwood,45,047,2012,3495.6412,1480163.94416,71530.83
Greenwood,45,047,2013,3658.505,1386349.68145,71530.83
Greenwood,45,047,2014,3283.03827,1284142.31493,71530.83
Greenwood,45,047,2015,3120.42954,1121249.09142,71530.83
Greenwood,45,047,2016,4542.01241,1708885.92357,71530.83
Greenwood,45,047,2017,6736.08236,2674576.42174,71530.83
Greenwood,45,047,2018,4453.43848,1896570.99971,71530.83
Greenwood,45,047,2019,4530.72545,2096362.89967,71530.83
Greenwood,45,047,2020,3792.99198,1804564.6681,71530.83
Harper,40,059,2010,0.0,766.45386,94407.42
Harper,40,059,2011,0.0,214.22583,94407.42
Harper,40,059,2012,0.0,286.21404,94407.42
Harper,40,059,2013,0.0,451.84687,94407.42
Harper,40,059,2014,0.0,507.39459,94407.42
Harper,40,059,2015,0.0,10.79235,94407.42
Harper,40,059,2016,0.0,1762.7349,94407.42
Harper,40,059,2017,0.0,2655.83174,94407.42
Harper,40,059,2018,0.0,43.35411,94407.42
Gove,20,063,2010,0.71749,0.0,92557.09
Gove,20,063,2011,0.05979,0.0,92557.09
Gove,20,063,2012,1.07623,0.0,92557.09
Gove,20,063,2013,0.24228000000000002,0.0,92557.09
Gove,20,063,2020,0.29895,0.0,92557.09
Haskell,48,207,2010,3.94591,0.0,78244.63
Haskell,48,207,2011,1.03499,0.0,78244.63
Haskell,48,207,2012,2.26405,0.0,78244.63
Haskell,48,207,2013,1.55249,0.0,78244.63
Haskell,48,207,2014,3.16967,0.0,78244.63
Haskell,48,207,2015,1.22905,0.0,78244.63
Haskell,48,207,2018,0.32344,0.0,78244.63
Haskell,48,207,2019,1.42312,0.0,78244.63
Haskell,48,207,2020,6.9862,0.0,78244.63
Kearny,20,093,2010,12.165890000000001,0.0,76715.7
Kearny,20,093,2011,1.5815700000000001,0.0,76715.7
Kearny,20,093,2012,0.9124399999999999,0.0,76715.7
Kearny,20,093,2013,7.11705,0.0,76715.7
Kearny,20,093,2017,0.66912,0.0,76715.7
Kearny,20,093,2019,0.06083,0.0,76715.7
Hodgeman,20,083,2010,0.18249,0.0,73563.48
Hodgeman,20,083,2011,0.36498,0.0,73563.48
Hodgeman,20,083,2012,0.72995,0.0,73563.48
Hodgeman,20,083,2013,0.30415,0.0,73563.48
Hodgeman,20,083,2014,0.24332,0.0,73563.48
Hodgeman,20,083,2019,0.18249,0.0,73563.48
Labette,20,099,2010,3.71034,0.0,56064.0
Labette,20,099,2011,8.47193,0.0,56064.0
Labette,20,099,2012,20.53052,0.0,56064.0
Labette,20,099,2013,46.81206,0.0,56064.0
Labette,20,099,2014,54.54193,0.0,56064.0
Labette,20,099,2015,8.65745,0.0,56064.0
Labette,20,099,2016,13.60456,0.0,56064.0
Labette,20,099,2017,19.72662,0.0,56064.0
Labette,20,099,2018,24.05534,0.0,56064.0
Labette,20,099,2019,9.15216,0.0,56064.0
Labette,20,099,2020,5.13263,0.0,56064.0
Kingman,20,095,2010,21.30115,5154.13217,74253.55
Kingman,20,095,2011,21.95158,4932.39136,74253.55
Kingman,20,095,2012,30.50256,6915.07932,74253.55
Kingman,20,095,2013,6.62107,759.33514,74253.55
Kingman,20,095,2014,16.89518,2847.63524,74253.55
Kingman,20,095,2015,3.7815200000000004,515.6103400000001,74253.55
Kingman,20,095,2016,3.95493,873.0716,74253.55
Kingman,20,095,2017,4.35422,695.0764300000001,74253.55
Kingman,20,095,2018,3.31205,378.15464,74253.55
Kingman,20,095,2019,3.7865599999999997,101.47147,74253.55
Kingman,20,095,2020,7.15137,785.43856,74253.55
Lane,41,039,2010,12378.33773,14521135.33663,615779.62
Lane,41,039,2011,11569.46301,14838050.27899,615779.62
Lane,41,039,2012,11333.90496,14842170.76601,615779.62
Lane,41,039,2013,12094.414130000001,16516121.95624,615779.62
Lane,41,039,2014,12956.98847,16903009.75583,615779.62
Lane,41,039,2015,11622.746589999999,15538722.83683,615779.62
Lane,41,039,2016,14008.60467,19033268.76351,615779.62
Lane,41,039,2017,19071.06846,21971964.75753,615779.62
Lane,41,039,2018,21382.08619,23425947.44332,615779.62
Lane,41,039,2019,17023.4728,21717622.815279998,615779.62
Lane,41,039,2020,37060.45616,34577946.16242,615779.62
Morton,38,059,2010,5.08482,0.0,302900.13
Morton,38,059,2011,12.39425,0.0,302900.13
Morton,38,059,2012,11.28195,0.0,302900.13
Morton,38,059,2013,21.504559999999998,0.0,302900.13
Morton,38,059,2014,2.91318,0.0,302900.13
Morton,38,059,2018,0.1589,0.0,302900.13
Morton,38,059,2020,2.0657099999999997,0.0,302900.13
Nemaha,31,127,2010,0.0,228.4241,48161.81
Nemaha,31,127,2011,0.0,619.68367,48161.81
Nemaha,31,127,2012,0.0,1211.32566,48161.81
Nemaha,31,127,2013,0.0,2303.44849,48161.81
Nemaha,31,127,2014,0.0,2852.19073,48161.81
Nemaha,31,127,2015,0.0,6037.31774,48161.81
Nemaha,31,127,2016,0.0,10892.60519,48161.81
Nemaha,31,127,2017,0.0,6723.6973,48161.81
Nemaha,31,127,2018,0.0,5165.19689,48161.81
Nemaha,31,127,2019,0.0,876.57142,48161.81
Nemaha,31,127,2020,0.0,1003.41716,48161.81
Neosho,20,133,2010,2.94304,664.1820600000001,49536.18
Neosho,20,133,2011,6.431509999999999,1246.4567,49536.18
Neosho,20,133,2012,7.28413,1044.57119,49536.18
Neosho,20,133,2013,47.23642,9403.43887,49536.18
Neosho,20,133,2014,29.74078,5430.91424,49536.18
Neosho,20,133,2015,23.662370000000003,4584.84077,49536.18
Neosho,20,133,2016,22.16107,2851.83558,49536.18
Neosho,20,133,2017,19.44976,2775.89376,49536.18
Neosho,20,133,2018,15.74649,2036.3341500000001,49536.18
Neosho,20,133,2019,10.77994,1913.44173,49536.18
Neosho,20,133,2020,24.03217,2113.81358,49536.18
Ness,20,135,2010,0.42581,0.0,92362.63
Ness,20,135,2011,0.79078,0.0,92362.63
Ness,20,135,2012,0.06083,0.0,92362.63
Ness,20,135,2014,0.48664,0.0,92362.63
Ness,20,135,2017,0.24332,0.0,92362.63
Ness,20,135,2019,1.09493,0.0,92362.63
Ness,20,135,2020,0.24332,0.0,92362.63
Ottawa,40,115,2010,0.0,44158.33737,45362.72
Ottawa,40,115,2011,0.0,47322.260819999996,45362.72
Ottawa,40,115,2012,0.0,28948.557090000002,45362.72
Ottawa,40,115,2013,0.0,12457.54582,45362.72
Ottawa,40,115,2014,0.0,26666.66054,45362.72
Ottawa,40,115,2015,0.0,12798.6354,45362.72
Ottawa,40,115,2016,0.0,21012.31739,45362.72
Ottawa,40,115,2017,0.0,16635.79695,45362.72
Ottawa,40,115,2018,0.0,8602.22259,45362.72
Ottawa,40,115,2019,0.0,6315.48013,45362.72
Ottawa,40,115,2020,0.0,5441.21433,45362.72
Osborne,20,141,2010,0.47831999999999997,0.0,76837.28
Osborne,20,141,2011,0.05979,0.0,76837.28
Osborne,20,141,2012,0.47832,0.0,76837.28
Osborne,20,141,2013,2.39162,0.0,76837.28
Osborne,20,141,2014,3.46786,0.0,76837.28
Osborne,20,141,2016,0.83707,0.0,76837.28
Osborne,20,141,2017,0.23916,0.0,76837.28
Osage,40,113,2010,299.31757,68518.95576000001,291291.75
Osage,40,113,2011,238.08614,47334.60698,291291.75
Osage,40,113,2012,340.3107,64782.97649,291291.75
Osage,40,113,2013,606.79134,106976.59076,291291.75
Osage,40,113,2014,450.11561,67453.87368,291291.75
Osage,40,113,2015,331.24463,52660.87406,291291.75
Osage,40,113,2016,567.67779,74385.91748,291291.75
Osage,40,113,2017,505.42048,68310.78001,291291.75
Osage,40,113,2018,597.6843,82934.56594999999,291291.75
Osage,40,113,2019,179.29078,32807.23464,291291.75
Osage,40,113,2020,106.99888,12917.93452,291291.75
Norton,51,720,2010,2.78275,1082.66243,1443.05
Norton,51,720,2011,0.80391,312.63354,1443.05
Norton,51,720,2012,6.55493,2023.21387,1443.05
Norton,51,720,2013,2.2262,650.24522,1443.05
Norton,51,720,2014,5.50366,1334.48918,1443.05
Norton,51,720,2015,1.66965,566.42169,1443.05
Norton,51,720,2016,3.52482,485.01459,1443.05
Norton,51,720,2017,4.88527,1628.94149,1443.05
Norton,51,720,2018,7.60619,3367.39333,1443.05
Norton,51,720,2019,0.92758,450.40645,1443.05
Norton,51,720,2020,18.67535,7904.74083,1443.05
Pawnee,40,117,2010,170.45566,0.0,105076.97
Pawnee,40,117,2011,145.85027,0.0,105076.97
Pawnee,40,117,2012,215.76391,0.0,105076.97
Pawnee,40,117,2013,295.92509,0.0,105076.97
Pawnee,40,117,2014,263.35544,0.0,105076.97
Pawnee,40,117,2015,181.62321,0.0,105076.97
Pawnee,40,117,2016,270.94889,0.0,105076.97
Pawnee,40,117,2017,167.85916,0.0,105076.97
Pawnee,40,117,2018,236.72486000000004,0.0,105076.97
Pawnee,40,117,2019,84.75792,0.0,105076.97
Pawnee,40,117,2020,64.60701,0.0,105076.97
Pottawatomie,40,125,2010,159.07701,32887.81737,97440.39
Pottawatomie,40,125,2011,172.97832,35758.25149,97440.39
Pottawatomie,40,125,2012,331.62625,67583.69815,97440.39
Pottawatomie,40,125,2013,315.925,50203.04393,97440.39
Pottawatomie,40,125,2014,271.64001,41837.17226,97440.39
Pottawatomie,40,125,2015,192.44853,24863.1331,97440.39
Pottawatomie,40,125,2016,424.27374999999995,53483.33006,97440.39
Pottawatomie,40,125,2017,622.85489,87242.54397999999,97440.39
Pottawatomie,40,125,2018,197.14339999999999,25981.81212,97440.39
Pottawatomie,40,125,2019,331.08297,54121.89451,97440.39
Pottawatomie,40,125,2020,494.95345,76595.65931999999,97440.39
Reno,20,155,2010,0.0,5107.60393,109606.03
Reno,20,155,2011,0.0,9044.78432,109606.03
Reno,20,155,2012,0.0,7740.61181,109606.03
Reno,20,155,2013,0.0,3343.73556,109606.03
Reno,20,155,2014,0.0,7833.3176,109606.03
Reno,20,155,2015,0.0,1331.73845,109606.03
Reno,20,155,2016,0.0,2720.98811,109606.03
Reno,20,155,2017,0.0,8362.56691,109606.03
Reno,20,155,2018,0.0,2912.32938,109606.03
Reno,20,155,2019,0.0,829.65629,109606.03
Reno,20,155,2020,0.0,5170.40128,109606.03
Rice,27,131,2010,0.60886,0.0,49139.65
Rice,27,131,2011,0.38746,0.0,49139.65
Rice,27,131,2012,1.38377,0.0,49139.65
Rice,27,131,2013,9.46499,0.0,49139.65
Rice,27,131,2014,6.08859,0.0,49139.65
Rice,27,131,2015,1.05167,0.0,49139.65
Rice,27,131,2016,2.49079,0.0,49139.65
Rice,27,131,2017,0.71956,0.0,49139.65
Rice,27,131,2018,12.50929,0.0,49139.65
Rice,27,131,2019,1.82658,0.0,49139.65
Rice,27,131,2020,7.14026,0.0,49139.65
Republic,20,157,2010,0.0,113.33187000000001,61545.6
Republic,20,157,2011,0.0,1411.0461699999998,61545.6
Republic,20,157,2012,0.0,101.95728000000001,61545.6
Republic,20,157,2013,0.0,1324.22712,61545.6
Republic,20,157,2014,0.0,2151.29182,61545.6
Republic,20,157,2015,0.0,1139.5727299999999,61545.6
Republic,20,157,2016,0.0,1667.12667,61545.6
Republic,20,157,2017,0.0,1172.02862,61545.6
Republic,20,157,2019,0.0,249.00888,61545.6
Republic,20,157,2020,0.0,201.78107,61545.6
Shawnee,20,177,2010,13.69206,0.0,59229.58
Shawnee,20,177,2011,14.58892,0.0,59229.58
Shawnee,20,177,2012,25.05228,0.0,59229.58
Shawnee,20,177,2013,51.47974,0.0,59229.58
Shawnee,20,177,2014,69.11798,0.0,59229.58
Shawnee,20,177,2015,12.73541,0.0,59229.58
Shawnee,20,177,2016,35.8146,0.0,59229.58
Shawnee,20,177,2017,62.48122,0.0,59229.58
Shawnee,20,177,2018,52.79514,0.0,59229.58
Shawnee,20,177,2019,32.34674,0.0,59229.58
Shawnee,20,177,2020,32.04779,0.0,59229.58
Seward,31,159,2010,0.23489,0.0,49150.49
Seward,31,159,2011,1.05701,0.0,49150.49
Seward,31,159,2012,5.16762,0.0,49150.49
Seward,31,159,2013,20.08324,0.0,49150.49
Seward,31,159,2014,22.5496,0.0,49150.49
Seward,31,159,2015,12.74287,0.0,49150.49
Seward,31,159,2016,12.33181,0.0,49150.49
Seward,31,159,2017,14.0935,0.0,49150.49
Seward,31,159,2018,13.15393,0.0,49150.49
Seward,31,159,2019,1.17446,0.0,49150.49
Seward,31,159,2020,3.87571,0.0,49150.49
Rooks,20,163,2010,0.0,176.23427,76913.1
Rooks,20,163,2011,0.0,420.08538,76913.1
Rooks,20,163,2012,0.0,264.20991,76913.1
Rooks,20,163,2013,0.0,48.86245,76913.1
Rooks,20,163,2014,0.0,82.68159,76913.1
Rooks,20,163,2015,0.0,25.23254,76913.1
Rooks,20,163,2016,0.0,34.71088,76913.1
Rooks,20,163,2017,0.0,132.74592,76913.1
Rooks,20,163,2018,0.0,852.88697,76913.1
Stafford,51,179,2010,378.78504,145468.0234,38855.62
Stafford,51,179,2011,326.65419999999995,126162.84285000002,38855.62
Stafford,51,179,2012,320.8754,125646.45363,38855.62
Stafford,51,179,2013,455.79513,164002.8001,38855.62
Stafford,51,179,2014,186.32064000000003,70992.73848,38855.62
Stafford,51,179,2015,301.34914000000003,118411.62646999999,38855.62
Stafford,51,179,2016,496.6117,186189.29249999998,38855.62
Stafford,51,179,2017,514.31308,197508.43741,38855.62
Stafford,51,179,2018,604.27985,248589.00123,38855.62
Stafford,51,179,2019,394.29656,154759.0726,38855.62
Stafford,51,179,2020,446.42741,174771.76561,38855.62
Wichita,48,485,2010,0.0,1258.1123499999999,67640.16
Wichita,48,485,2011,0.0,787.5417299999999,67640.16
Wichita,48,485,2012,0.0,572.8353400000001,67640.16
Wichita,48,485,2013,0.0,263.02154,67640.16
Wichita,48,485,2014,0.0,169.60688,67640.16
Wichita,48,485,2015,0.0,270.66801,67640.16
Wichita,48,485,2016,0.0,644.1045,67640.16
Wichita,48,485,2017,0.0,24.3345,67640.16
Wichita,48,485,2019,0.0,11.96951,67640.16
Wyandotte,20,209,2010,12.49624,2281.69026,21389.32
Wyandotte,20,209,2011,6.57697,1571.29379,21389.32
Wyandotte,20,209,2012,14.82808,2391.65346,21389.32
Wyandotte,20,209,2013,48.72937,3475.13777,21389.32
Wyandotte,20,209,2014,70.55296,12693.18852,21389.32
Wyandotte,20,209,2015,30.13448,5127.07155,21389.32
Wyandotte,20,209,2016,40.53806,6270.91611,21389.32
Wyandotte,20,209,2017,47.71293,9783.40458,21389.32
Wyandotte,20,209,2018,31.3303,6151.5972,21389.32
Wyandotte,20,209,2019,31.9282,6134.9251,21389.32
Wyandotte,20,209,2020,32.04779,7646.41918,21389.32
Bath,51,017,2010,344.65971,0.0,83623.77
Bath,51,017,2011,221.05425000000002,0.0,83623.77
Bath,51,017,2012,969.49992,0.0,83623.77
Bath,51,017,2013,225.069,0.0,83623.77
Bath,51,017,2014,499.04488,0.0,83623.77
Bath,51,017,2015,669.0024,0.0,83623.77
Bath,51,017,2016,450.19883,0.0,83623.77
Bath,51,017,2017,635.30287,0.0,83623.77
Bath,51,017,2018,408.59148,0.0,83623.77
Bath,51,017,2019,354.33160000000004,0.0,83623.77
Bath,51,017,2020,480.79604,0.0,83623.77
Bell,48,027,2010,474.39603999999997,0.0,166924.36
Bell,48,027,2011,374.86037000000005,0.0,166924.36
Bell,48,027,2012,607.88779,0.0,166924.36
Bell,48,027,2013,269.25205,0.0,166924.36
Bell,48,027,2014,680.74238,0.0,166924.36
Bell,48,027,2015,279.88962000000004,0.0,166924.36
Bell,48,027,2016,473.18898,0.0,166924.36
Bell,48,027,2017,309.43027,0.0,166924.36
Bell,48,027,2018,284.98039,0.0,166924.36
Bell,48,027,2019,525.7371400000001,0.0,166924.36
Bell,48,027,2020,378.93879,0.0,166924.36
Ballard,21,007,2010,75.75268,25692.54107,37408.61
Ballard,21,007,2011,102.21974,34607.95449,37408.61
Ballard,21,007,2012,203.26454,63307.27744,37408.61
Ballard,21,007,2013,290.39558,43408.21891,37408.61
Ballard,21,007,2014,43.41092,10690.02091,37408.61
Ballard,21,007,2015,51.44998,13078.79389,37408.61
Ballard,21,007,2016,70.00166,17947.04135,37408.61
Ballard,21,007,2017,103.08548,22718.01338,37408.61
Ballard,21,007,2018,39.20588,8432.24362,37408.61
Ballard,21,007,2019,21.95282,5334.33014,37408.61
Ballard,21,007,2020,29.80636,7056.65504,37408.61
Barren,21,009,2010,86.82185,0.0,63510.64
Barren,21,009,2011,110.19696,0.0,63510.64
Barren,21,009,2012,95.10826,0.0,63510.64
Barren,21,009,2013,94.73723,0.0,63510.64
Barren,21,009,2014,89.79012,0.0,63510.64
Barren,21,009,2015,146.06354,0.0,63510.64
Barren,21,009,2016,218.16772,0.0,63510.64
Barren,21,009,2017,215.01393,0.0,63510.64
Barren,21,009,2018,99.31331,0.0,63510.64
Barren,21,009,2019,85.46139,0.0,63510.64
Barren,21,009,2020,72.16602,0.0,63510.64
Boyle,21,021,2010,20.92534,7382.203439999999,23132.01
Boyle,21,021,2011,2.8589900000000004,980.89816,23132.01
Boyle,21,021,2012,7.23871,2524.48536,23132.01
Boyle,21,021,2013,3.4672799999999997,565.1556999999999,23132.01
Boyle,21,021,2014,3.89308,714.5196,23132.01
Boyle,21,021,2015,4.2580599999999995,778.73522,23132.01
Boyle,21,021,2016,12.5917,3166.4358,23132.01
Boyle,21,021,2017,43.49306,13703.101130000001,23132.01
Boyle,21,021,2018,15.693999999999999,3397.26222,23132.01
Boyle,21,021,2019,25.12257,3933.8123,23132.01
Boyle,21,021,2020,8.8811,2972.77799,23132.01
Bracken,21,023,2010,33.30038,0.0,29254.09
Bracken,21,023,2011,11.640820000000001,0.0,29254.09
Bracken,21,023,2012,24.02302,0.0,29254.09
Bracken,21,023,2013,18.00564,0.0,29254.09
Bracken,21,023,2014,21.74578,0.0,29254.09
Bracken,21,023,2015,24.25907,0.0,29254.09
Bracken,21,023,2016,85.16113,0.0,29254.09
Bracken,21,023,2017,42.53654,0.0,29254.09
Bracken,21,023,2018,33.93614,0.0,29254.09
Bracken,21,023,2019,30.84526,0.0,29254.09
Bracken,21,023,2020,16.76607,0.0,29254.09
Calloway,21,035,2010,0.0,33537.06402,37789.96
Calloway,21,035,2011,0.0,33753.79108,37789.96
Calloway,21,035,2012,0.0,53263.80639,37789.96
Calloway,21,035,2013,0.0,28017.81608,37789.96
Calloway,21,035,2014,0.0,16746.36026,37789.96
Calloway,21,035,2015,0.0,24015.21479,37789.96
Calloway,21,035,2016,0.0,58984.76543,37789.96
Calloway,21,035,2017,0.0,51376.14559,37789.96
Calloway,21,035,2018,0.0,22056.04725,37789.96
Calloway,21,035,2019,0.0,20696.17633,37789.96
Calloway,21,035,2020,0.0,28804.8477,37789.96
Campbell,56,005,2010,0.0,5913.87911,416797.66
Campbell,56,005,2011,0.0,1571.83182,416797.66
Campbell,56,005,2012,0.0,26.42092,416797.66
Campbell,56,005,2013,0.0,57.07247,416797.66
Campbell,56,005,2014,0.0,20.34741,416797.66
Campbell,56,005,2016,0.0,95.77436,416797.66
Campbell,56,005,2017,0.0,18.64944,416797.66
Campbell,56,005,2018,0.0,672.00799,416797.66
Campbell,56,005,2019,0.0,7868.028020000001,416797.66
Casey,21,045,2010,0.0,57520.87827,66639.9
Casey,21,045,2011,0.0,62361.41348,66639.9
Casey,21,045,2012,0.0,98091.15537000001,66639.9
Casey,21,045,2013,0.0,39807.00449,66639.9
Casey,21,045,2014,0.0,42026.79939,66639.9
Casey,21,045,2015,0.0,61591.55553,66639.9
Casey,21,045,2016,0.0,113509.22965,66639.9
Casey,21,045,2017,0.0,99323.76487,66639.9
Casey,21,045,2018,0.0,74455.64787,66639.9
Casey,21,045,2019,0.0,54789.70512,66639.9
Casey,21,045,2020,0.0,79340.14356,66639.9
Edmonson,21,061,2010,159.54442,0.0,39108.89
Edmonson,21,061,2011,167.33613,0.0,39108.89
Edmonson,21,061,2012,50.15137,0.0,39108.89
Edmonson,21,061,2013,101.91055,0.0,39108.89
Edmonson,21,061,2014,51.882859999999994,0.0,39108.89
Edmonson,21,061,2015,80.39059999999999,0.0,39108.89
Edmonson,21,061,2016,353.78048,0.0,39108.89
Edmonson,21,061,2017,174.38576,0.0,39108.89
Edmonson,21,061,2018,49.28562,0.0,39108.89
Edmonson,21,061,2019,34.938990000000004,0.0,39108.89
Edmonson,21,061,2020,108.96018000000001,0.0,39108.89
Elliott,21,063,2010,0.0,89094.43289,33068.65
Elliott,21,063,2011,0.0,31002.21619,33068.65
Elliott,21,063,2012,0.0,28043.08983,33068.65
Elliott,21,063,2013,0.0,18168.00004,33068.65
Elliott,21,063,2014,0.0,41688.08786,33068.65
Elliott,21,063,2015,0.0,45997.75561,33068.65
Elliott,21,063,2016,0.0,91114.36699,33068.65
Elliott,21,063,2017,0.0,69500.44222,33068.65
Elliott,21,063,2018,0.0,53131.30598,33068.65
Elliott,21,063,2019,0.0,32342.182,33068.65
Elliott,21,063,2020,0.0,63119.49207,33068.65
Estill,21,065,2010,296.54361,111550.17013000001,40447.6
Estill,21,065,2011,147.99806999999998,55798.77748,40447.6
Estill,21,065,2012,167.28102,63941.013380000004,40447.6
Estill,21,065,2013,75.12437999999999,25032.2205,40447.6
Estill,21,065,2014,118.19164,44617.59411,40447.6
Estill,21,065,2015,139.78609,53364.51059,40447.6
Estill,21,065,2016,259.5593,96647.28775,40447.6
Estill,21,065,2017,258.89018,99663.42799,40447.6
Estill,21,065,2018,90.14926000000001,33530.63085,40447.6
Estill,21,065,2019,154.08102,58085.018189999995,40447.6
Estill,21,065,2020,150.91789,60356.034080000005,40447.6
Graves,21,083,2010,200.79098,0.0,48732.69
Graves,21,083,2011,79.95773,0.0,48732.69
Graves,21,083,2012,307.15393,0.0,48732.69
Graves,21,083,2013,126.95531,0.0,48732.69
Graves,21,083,2014,79.58669,0.0,48732.69
Graves,21,083,2015,109.20754,0.0,48732.69
Graves,21,083,2016,131.16035,0.0,48732.69
Graves,21,083,2017,111.18638999999999,0.0,48732.69
Graves,21,083,2018,122.99762,0.0,48732.69
Graves,21,083,2019,75.9382,0.0,48732.69
Graves,21,083,2020,79.09198,0.0,48732.69
Garrard,21,079,2010,42.54096,0.0,45777.6
Garrard,21,079,2011,16.01101,0.0,45777.6
Garrard,21,079,2012,23.892329999999998,0.0,45777.6
Garrard,21,079,2013,15.12205,0.0,45777.6
Garrard,21,079,2014,36.302809999999994,0.0,45777.6
Garrard,21,079,2015,46.92879,0.0,45777.6
Garrard,21,079,2016,81.06442999999999,0.0,45777.6
Garrard,21,079,2017,92.59705,0.0,45777.6
Garrard,21,079,2018,40.72115,0.0,45777.6
Garrard,21,079,2019,42.45668,0.0,45777.6
Garrard,21,079,2020,37.544380000000004,0.0,45777.6
Green,55,045,2010,0.84754,0.0,50553.89
Green,55,045,2011,4.4072,0.0,50553.89
Green,55,045,2012,6.32828,0.0,50553.89
Green,55,045,2013,14.06913,0.0,50553.89
Green,55,045,2014,9.54893,0.0,50553.89
Green,55,045,2015,0.16951,0.0,50553.89
Green,55,045,2016,0.28251,0.0,50553.89
Green,55,045,2017,1.63857,0.0,50553.89
Green,55,045,2018,4.01168,0.0,50553.89
Green,55,045,2019,2.93813,0.0,50553.89
Green,55,045,2020,3.33365,0.0,50553.89
Greenup,21,089,2010,402.6235,0.0,61090.39
Greenup,21,089,2011,244.55578,0.0,61090.39
Greenup,21,089,2012,416.90536999999995,0.0,61090.39
Greenup,21,089,2013,297.26318000000003,0.0,61090.39
Greenup,21,089,2014,239.22369,0.0,61090.39
Greenup,21,089,2015,438.16360000000003,0.0,61090.39
Greenup,21,089,2016,737.4660200000001,0.0,61090.39
Greenup,21,089,2017,675.13648,0.0,61090.39
Greenup,21,089,2018,262.62836,0.0,61090.39
Greenup,21,089,2019,335.05085,0.0,61090.39
Greenup,21,089,2020,324.32941,0.0,61090.39
Harlan,31,083,2010,0.23489,0.0,49044.53
Harlan,31,083,2011,1.46807,0.0,49044.53
Harlan,31,083,2012,0.46978,0.0,49044.53
Harlan,31,083,2013,9.45439,0.0,49044.53
Harlan,31,083,2014,0.17617,0.0,49044.53
Harlan,31,083,2016,1.82041,0.0,49044.53
Harlan,31,083,2017,1.05701,0.0,49044.53
Harlan,31,083,2018,0.70467,0.0,49044.53
Harlan,31,083,2020,0.64595,0.0,49044.53
Larue,21,123,2010,115.81009,41485.95901,42880.97
Larue,21,123,2011,103.99509,38143.18345,42880.97
Larue,21,123,2012,102.16818,36141.68825,42880.97
Larue,21,123,2013,158.2113,39478.78705,42880.97
Larue,21,123,2014,101.08861999999999,33140.73511,42880.97
Larue,21,123,2015,59.43539,18946.71511,42880.97
Larue,21,123,2016,156.21222,48703.49589,42880.97
Larue,21,123,2017,239.98788000000002,80094.35579,42880.97
Larue,21,123,2018,122.14847,41361.19237,42880.97
Larue,21,123,2019,64.07081,19052.41072,42880.97
Larue,21,123,2020,78.58855,24529.39012,42880.97
Laurel,21,125,2010,720.36161,269017.59437,65128.03
Laurel,21,125,2011,318.03758,120169.72419,65128.03
Laurel,21,125,2012,429.40948,157602.30119,65128.03
Laurel,21,125,2013,330.52904,113169.30742,65128.03
Laurel,21,125,2014,326.88055,116371.7928,65128.03
Laurel,21,125,2015,432.50143,160494.93617,65128.03
Laurel,21,125,2016,644.60893,225174.81741,65128.03
Laurel,21,125,2017,420.50467,147561.62676,65128.03
Laurel,21,125,2018,289.90087,103269.4768,65128.03
Laurel,21,125,2019,449.32161,165232.73258,65128.03
Laurel,21,125,2020,321.50056,115650.07036,65128.03
Magoffin,21,153,2010,314.95295999999996,0.0,51502.89
Magoffin,21,153,2011,136.17165999999997,0.0,51502.89
Magoffin,21,153,2012,372.28234000000003,0.0,51502.89
Magoffin,21,153,2013,109.86205,0.0,51502.89
Magoffin,21,153,2014,402.72736000000003,0.0,51502.89
Magoffin,21,153,2015,205.39558,0.0,51502.89
Magoffin,21,153,2016,316.30485,0.0,51502.89
Magoffin,21,153,2017,332.14949,0.0,51502.89
Magoffin,21,153,2018,294.31053,0.0,51502.89
Magoffin,21,153,2019,202.41494,0.0,51502.89
Magoffin,21,153,2020,193.41723,0.0,51502.89
Letcher,21,133,2010,718.25909,0.0,60918.16
Letcher,21,133,2011,458.84481,0.0,60918.16
Letcher,21,133,2012,491.92863,0.0,60918.16
Letcher,21,133,2013,272.1531,0.0,60918.16
Letcher,21,133,2014,555.12801,0.0,60918.16
Letcher,21,133,2015,384.3289,0.0,60918.16
Letcher,21,133,2016,513.63409,0.0,60918.16
Letcher,21,133,2017,1041.80033,0.0,60918.16
Letcher,21,133,2018,482.3436,0.0,60918.16
Letcher,21,133,2019,301.77394,0.0,60918.16
Letcher,21,133,2020,231.71044,0.0,60918.16
Leslie,21,131,2010,851.33645,350940.27596,55151.83
Leslie,21,131,2011,398.67554,163479.55523,55151.83
Leslie,21,131,2012,523.21913,220611.11789,55151.83
Leslie,21,131,2013,347.96762,140512.95126,55151.83
Leslie,21,131,2014,491.61944,200304.32494,55151.83
Leslie,21,131,2015,322.42814,135557.54881,55151.83
Leslie,21,131,2016,523.652,211936.02059,55151.83
Leslie,21,131,2017,683.0109,277864.36288,55151.83
Leslie,21,131,2018,417.10353,178380.35558,55151.83
Leslie,21,131,2019,364.84964,153521.8342,55151.83
Leslie,21,131,2020,236.96675,94332.63088,55151.83
McCracken,21,145,2010,78.22623,0.0,42714.82
McCracken,21,145,2011,53.490669999999994,0.0,42714.82
McCracken,21,145,2012,141.30194,0.0,42714.82
McCracken,21,145,2013,195.22547999999998,0.0,42714.82
McCracken,21,145,2014,58.6233,0.0,42714.82
McCracken,21,145,2015,55.53136000000001,0.0,42714.82
McCracken,21,145,2016,66.66236,0.0,42714.82
McCracken,21,145,2017,114.89672,0.0,42714.82
McCracken,21,145,2018,72.47522000000001,0.0,42714.82
McCracken,21,145,2019,35.31003,0.0,42714.82
McCracken,21,145,2020,62.45731,0.0,42714.82
McCreary,21,147,2010,404.24104,0.0,66688.77
McCreary,21,147,2011,248.40695,0.0,66688.77
McCreary,21,147,2012,326.57135,0.0,66688.77
McCreary,21,147,2013,208.08798,0.0,66688.77
McCreary,21,147,2014,175.43702,0.0,66688.77
McCreary,21,147,2015,212.72589,0.0,66688.77
McCreary,21,147,2016,413.70239,0.0,66688.77
McCreary,21,147,2017,453.46482,0.0,66688.77
McCreary,21,147,2018,178.03426,0.0,66688.77
McCreary,21,147,2019,245.9334,0.0,66688.77
McCreary,21,147,2020,253.78694,0.0,66688.77
Metcalfe,21,169,2010,72.66073,25514.80037,39662.89
Metcalfe,21,169,2011,57.69571,19992.17903,39662.89
Metcalfe,21,169,2012,129.61438,44958.06078,39662.89
Metcalfe,21,169,2013,73.58832,19569.72481,39662.89
Metcalfe,21,169,2014,110.50615,34918.38367,39662.89
Metcalfe,21,169,2015,140.31252,50913.894,39662.89
Metcalfe,21,169,2016,211.61279,65872.65881,39662.89
Metcalfe,21,169,2017,153.48421,47450.86394,39662.89
Metcalfe,21,169,2018,91.08873,28410.21095,39662.89
Metcalfe,21,169,2019,66.35316,19953.26803,39662.89
Metcalfe,21,169,2020,62.82835,19672.81941,39662.89
Muhlenberg,21,177,2010,466.82203,0.0,61719.19
Muhlenberg,21,177,2011,568.36154,0.0,61719.19
Muhlenberg,21,177,2012,587.59344,0.0,61719.19
Muhlenberg,21,177,2013,510.72766,0.0,61719.19
Muhlenberg,21,177,2014,304.68037,0.0,61719.19
Muhlenberg,21,177,2015,427.55431,0.0,61719.19
Muhlenberg,21,177,2016,756.78474,0.0,61719.19
Muhlenberg,21,177,2017,292.86914,0.0,61719.19
Muhlenberg,21,177,2018,182.85769,0.0,61719.19
Muhlenberg,21,177,2019,178.96184,0.0,61719.19
Muhlenberg,21,177,2020,244.88213,0.0,61719.19
Nelson,51,125,2010,1398.59093,0.0,87366.73
Nelson,51,125,2011,1576.9429,0.0,87366.73
Nelson,51,125,2012,1432.89874,0.0,87366.73
Nelson,51,125,2013,1128.4473,0.0,87366.73
Nelson,51,125,2014,802.27974,0.0,87366.73
Nelson,51,125,2015,2012.60349,0.0,87366.73
Nelson,51,125,2016,2254.70474,0.0,87366.73
Nelson,51,125,2017,2012.60349,0.0,87366.73
Nelson,51,125,2018,1879.99527,0.0,87366.73
Nelson,51,125,2019,1202.53758,0.0,87366.73
Nelson,51,125,2020,1293.8426,0.0,87366.73
Nicholas,54,067,2010,1793.1308,0.0,121375.09
Nicholas,54,067,2011,1236.11544,0.0,121375.09
Nicholas,54,067,2012,1556.44338,0.0,121375.09
Nicholas,54,067,2013,1189.70257,0.0,121375.09
Nicholas,54,067,2014,2029.45325,0.0,121375.09
Nicholas,54,067,2015,1901.04226,0.0,121375.09
Nicholas,54,067,2016,2083.10483,0.0,121375.09
Nicholas,54,067,2017,2270.9462,0.0,121375.09
Nicholas,54,067,2018,1499.20285,0.0,121375.09
Nicholas,54,067,2019,1918.68281,0.0,121375.09
Nicholas,54,067,2020,1311.48314,0.0,121375.09
Owsley,21,189,2010,276.28692,0.0,33879.96
Owsley,21,189,2011,179.43746,0.0,33879.96
Owsley,21,189,2012,233.0856,0.0,33879.96
Owsley,21,189,2013,33.46144,0.0,33879.96
Owsley,21,189,2014,71.44821999999999,0.0,33879.96
Owsley,21,189,2015,107.29965,0.0,33879.96
Owsley,21,189,2016,419.87104,0.0,33879.96
Owsley,21,189,2017,260.45896,0.0,33879.96
Owsley,21,189,2018,184.81983,0.0,33879.96
Owsley,21,189,2019,129.09761,0.0,33879.96
Owsley,21,189,2020,133.17812,0.0,33879.96
Oldham,48,359,2010,0.0,10.23762,129598.72
Oldham,48,359,2012,0.0,39.18509,129598.72
Oldham,48,359,2013,0.0,12.23057,129598.72
Powell,30,077,2010,0.0,2832151.43638,434815.8
Powell,30,077,2011,0.0,859261.12702,434815.8
Powell,30,077,2012,0.0,1848892.43244,434815.8
Powell,30,077,2013,0.0,827675.33117,434815.8
Powell,30,077,2014,0.0,542794.9815499999,434815.8
Powell,30,077,2015,0.0,586061.42355,434815.8
Powell,30,077,2016,0.0,605767.9263,434815.8
Powell,30,077,2017,0.0,4598874.4543699995,434815.8
Powell,30,077,2018,0.0,4470942.53573,434815.8
Powell,30,077,2019,0.0,923982.8765,434815.8
Powell,30,077,2020,0.0,754805.48656,434815.8
Rockcastle,21,203,2010,0.0,151095.78237,46900.28
Rockcastle,21,203,2011,0.0,54511.71251,46900.28
Rockcastle,21,203,2012,0.0,126608.28915,46900.28
Rockcastle,21,203,2013,0.0,71349.34492999999,46900.28
Rockcastle,21,203,2014,0.0,77149.34118999999,46900.28
Rockcastle,21,203,2015,0.0,101002.71869000001,46900.28
Rockcastle,21,203,2016,0.0,152468.02348,46900.28
Rockcastle,21,203,2017,0.0,131454.58826,46900.28
Rockcastle,21,203,2018,0.0,71163.75424000001,46900.28
Rockcastle,21,203,2019,0.0,79916.40887,46900.28
Rockcastle,21,203,2020,0.0,79175.70199,46900.28
Trigg,21,221,2010,170.30439,0.0,59759.43
Trigg,21,221,2011,178.28161,0.0,59759.43
Trigg,21,221,2012,233.75113,0.0,59759.43
Trigg,21,221,2013,296.88867,0.0,59759.43
Trigg,21,221,2014,264.29956,0.0,59759.43
Trigg,21,221,2015,337.02213,0.0,59759.43
Trigg,21,221,2016,470.77972,0.0,59759.43
Trigg,21,221,2017,359.5315,0.0,59759.43
Trigg,21,221,2018,261.76416,0.0,59759.43
Trigg,21,221,2019,227.5054,0.0,59759.43
Trigg,21,221,2020,221.25967,0.0,59759.43
Trimble,21,223,2010,0.0,363.87659,22426.16
Trimble,21,223,2011,0.0,7110.07028,22426.16
Trimble,21,223,2012,0.0,2480.56323,22426.16
Trimble,21,223,2013,0.0,4555.16551,22426.16
Trimble,21,223,2014,0.0,4149.5415,22426.16
Trimble,21,223,2015,0.0,4667.76013,22426.16
Trimble,21,223,2016,0.0,10224.91198,22426.16
Trimble,21,223,2017,0.0,23153.83836,22426.16
Trimble,21,223,2018,0.0,56251.01423,22426.16
Trimble,21,223,2019,0.0,2843.05585,22426.16
Trimble,21,223,2020,0.0,3064.50015,22426.16
Acadia,22,001,2010,364.24548000000004,0.0,74469.47
Acadia,22,001,2011,463.95959,0.0,74469.47
Acadia,22,001,2012,239.42015,0.0,74469.47
Acadia,22,001,2013,507.871,0.0,74469.47
Acadia,22,001,2014,557.36267,0.0,74469.47
Acadia,22,001,2015,239.48658,0.0,74469.47
Acadia,22,001,2016,229.12322999999998,0.0,74469.47
Acadia,22,001,2017,307.97775,0.0,74469.47
Acadia,22,001,2018,359.13023,0.0,74469.47
Acadia,22,001,2019,209.92444,0.0,74469.47
Acadia,22,001,2020,467.41403,0.0,74469.47
Ascension,22,005,2010,0.0,115450.28646,47401.61
Ascension,22,005,2011,0.0,83435.51582,47401.61
Ascension,22,005,2012,0.0,96842.52451,47401.61
Ascension,22,005,2013,0.0,80943.75482,47401.61
Ascension,22,005,2014,0.0,98444.07034,47401.61
Ascension,22,005,2015,0.0,47934.17758,47401.61
Ascension,22,005,2016,0.0,67503.98732,47401.61
Ascension,22,005,2017,0.0,133820.10273,47401.61
Ascension,22,005,2018,0.0,68944.9774,47401.61
Ascension,22,005,2019,0.0,42928.99758,47401.61
Ascension,22,005,2020,0.0,70925.63519,47401.61
Wolfe,21,237,2010,265.58142,0.0,36317.54
Wolfe,21,237,2011,111.5004,0.0,36317.54
Wolfe,21,237,2012,150.49208,0.0,36317.54
Wolfe,21,237,2013,50.42762,0.0,36317.54
Wolfe,21,237,2014,77.86171,0.0,36317.54
Wolfe,21,237,2015,118.55662,0.0,36317.54
Wolfe,21,237,2016,396.91222,0.0,36317.54
Wolfe,21,237,2017,289.79154,0.0,36317.54
Wolfe,21,237,2018,202.98791,0.0,36317.54
Wolfe,21,237,2019,87.65525,0.0,36317.54
Wolfe,21,237,2020,92.76493,0.0,36317.54
Avoyelles,22,009,2010,363.40072,0.0,104187.87
Avoyelles,22,009,2011,646.83192,0.0,104187.87
Avoyelles,22,009,2012,573.1776600000001,0.0,104187.87
Avoyelles,22,009,2013,749.6114699999999,0.0,104187.87
Avoyelles,22,009,2014,575.67089,0.0,104187.87
Avoyelles,22,009,2015,613.08485,0.0,104187.87
Avoyelles,22,009,2016,424.31213,0.0,104187.87
Avoyelles,22,009,2017,472.82151,0.0,104187.87
Avoyelles,22,009,2018,832.55825,0.0,104187.87
Avoyelles,22,009,2019,970.45942,0.0,104187.87
Avoyelles,22,009,2020,563.25587,0.0,104187.87
Assumption,22,007,2010,138.71476,0.0,60105.64
Assumption,22,007,2011,121.09331,0.0,60105.64
Assumption,22,007,2012,99.19535,0.0,60105.64
Assumption,22,007,2013,42.58191,0.0,60105.64
Assumption,22,007,2014,126.22158999999999,0.0,60105.64
Assumption,22,007,2015,15.983630000000002,0.0,60105.64
Assumption,22,007,2016,33.595020000000005,0.0,60105.64
Assumption,22,007,2017,32.1096,0.0,60105.64
Assumption,22,007,2018,73.76306,0.0,60105.64
Assumption,22,007,2019,37.15838,0.0,60105.64
Assumption,22,007,2020,23.618299999999998,0.0,60105.64
Bossier,22,015,2010,3664.32436,0.0,126911.9
Bossier,22,015,2011,3296.81111,0.0,126911.9
Bossier,22,015,2012,2994.25069,0.0,126911.9
Bossier,22,015,2013,4955.21649,0.0,126911.9
Bossier,22,015,2014,3663.8983,0.0,126911.9
Bossier,22,015,2015,3787.2609199999997,0.0,126911.9
Bossier,22,015,2016,4062.66115,0.0,126911.9
Bossier,22,015,2017,5707.522730000001,0.0,126911.9
Bossier,22,015,2018,5859.69327,0.0,126911.9
Bossier,22,015,2019,4139.55706,0.0,126911.9
Bossier,22,015,2020,2465.06195,0.0,126911.9
Calcasieu,22,019,2010,0.0,1342693.9981900002,139615.82
Calcasieu,22,019,2011,0.0,1293683.4841399998,139615.82
Calcasieu,22,019,2012,0.0,1108595.51625,139615.82
Calcasieu,22,019,2013,0.0,823610.50833,139615.82
Calcasieu,22,019,2014,0.0,1014521.29973,139615.82
Calcasieu,22,019,2015,0.0,1014182.90774,139615.82
Calcasieu,22,019,2016,0.0,1012919.95884,139615.82
Calcasieu,22,019,2017,0.0,1341605.92203,139615.82
Calcasieu,22,019,2018,0.0,1102924.60486,139615.82
Calcasieu,22,019,2019,0.0,583246.4355499999,139615.82
Calcasieu,22,019,2020,0.0,3341768.94811,139615.82
De Soto,22,031,2010,6285.699200000001,0.0,119101.88
De Soto,22,031,2011,4561.3369299999995,0.0,119101.88
De Soto,22,031,2012,4828.7521,0.0,119101.88
De Soto,22,031,2013,5547.58611,0.0,119101.88
De Soto,22,031,2014,4811.37471,0.0,119101.88
De Soto,22,031,2015,5036.49395,0.0,119101.88
De Soto,22,031,2016,5697.6219,0.0,119101.88
De Soto,22,031,2017,7164.79871,0.0,119101.88
De Soto,22,031,2018,5564.045459999999,0.0,119101.88
De Soto,22,031,2019,3037.10979,0.0,119101.88
De Soto,22,031,2020,3424.9863800000003,0.0,119101.88
East Baton Rouge,22,033,2010,662.45775,0.0,67342.13
East Baton Rouge,22,033,2011,1026.96895,0.0,67342.13
East Baton Rouge,22,033,2012,604.13065,0.0,67342.13
East Baton Rouge,22,033,2013,681.12509,0.0,67342.13
East Baton Rouge,22,033,2014,769.1472,0.0,67342.13
East Baton Rouge,22,033,2015,673.02041,0.0,67342.13
East Baton Rouge,22,033,2016,724.8372,0.0,67342.13
East Baton Rouge,22,033,2017,826.27853,0.0,67342.13
East Baton Rouge,22,033,2018,607.31937,0.0,67342.13
East Baton Rouge,22,033,2019,487.40999999999997,0.0,67342.13
East Baton Rouge,22,033,2020,903.5387,0.0,67342.13
Concordia,22,029,2010,654.2007100000001,247988.94290999998,134527.12
Concordia,22,029,2011,546.94859,200117.31358999998,134527.12
Concordia,22,029,2012,884.4430500000001,328079.78311,134527.12
Concordia,22,029,2013,591.40259,198075.02130999998,134527.12
Concordia,22,029,2014,712.70187,240671.55536,134527.12
Concordia,22,029,2015,535.15054,191604.75295,134527.12
Concordia,22,029,2016,478.78319999999997,153539.79133,134527.12
Concordia,22,029,2017,755.7052799999999,277851.75283,134527.12
Concordia,22,029,2018,376.29836,132282.00749,134527.12
Concordia,22,029,2019,506.65747999999996,165020.05197,134527.12
Concordia,22,029,2020,247.16521999999998,88780.14872,134527.12
East Carroll,22,035,2010,157.90114,0.0,72715.25
East Carroll,22,035,2011,219.61261000000002,0.0,72715.25
East Carroll,22,035,2012,440.64835,0.0,72715.25
East Carroll,22,035,2013,494.92081,0.0,72715.25
East Carroll,22,035,2014,722.94273,0.0,72715.25
East Carroll,22,035,2015,346.20520999999997,0.0,72715.25
East Carroll,22,035,2016,257.1958,0.0,72715.25
East Carroll,22,035,2017,356.16702999999995,0.0,72715.25
East Carroll,22,035,2018,596.28545,0.0,72715.25
East Carroll,22,035,2019,396.98458,0.0,72715.25
East Carroll,22,035,2020,191.08561,0.0,72715.25
Lafourche,22,057,2010,0.0,232945.27008,330668.95
Lafourche,22,057,2011,0.0,155948.36516000002,330668.95
Lafourche,22,057,2012,0.0,160409.24098,330668.95
Lafourche,22,057,2013,0.0,37310.05079,330668.95
Lafourche,22,057,2014,0.0,47445.60588,330668.95
Lafourche,22,057,2015,0.0,66359.77775,330668.95
Lafourche,22,057,2016,0.0,56172.84773,330668.95
Lafourche,22,057,2017,0.0,156549.82584,330668.95
Lafourche,22,057,2018,0.0,87814.34484,330668.95
Lafourche,22,057,2019,0.0,39164.70541,330668.95
Lafourche,22,057,2020,0.0,27153.61006,330668.95
Caddo,40,015,2010,0.0,30577.39756,123308.04
Caddo,40,015,2011,0.0,27339.00178,123308.04
Caddo,40,015,2012,0.0,41447.470910000004,123308.04
Caddo,40,015,2013,0.0,4932.70262,123308.04
Caddo,40,015,2014,0.0,11429.463380000001,123308.04
Caddo,40,015,2015,0.0,3696.36259,123308.04
Caddo,40,015,2016,0.0,5372.146199999999,123308.04
Caddo,40,015,2017,0.0,7537.94459,123308.04
Caddo,40,015,2018,0.0,9898.078150000001,123308.04
Caddo,40,015,2019,0.0,3745.5291399999996,123308.04
Caddo,40,015,2020,0.0,13847.00423,123308.04
Orleans,50,019,2010,0.0,225238.06471,94383.15
Orleans,50,019,2011,0.0,111631.29838,94383.15
Orleans,50,019,2012,0.0,210646.79857,94383.15
Orleans,50,019,2013,0.0,113569.03686000001,94383.15
Orleans,50,019,2014,0.0,193480.06907,94383.15
Orleans,50,019,2015,0.0,193328.61824999997,94383.15
Orleans,50,019,2016,0.0,208809.69843,94383.15
Orleans,50,019,2017,0.0,180933.12408,94383.15
Orleans,50,019,2018,0.0,217549.31108999997,94383.15
Orleans,50,019,2019,0.0,199847.23930999998,94383.15
Orleans,50,019,2020,0.0,140353.08553999997,94383.15
Plaquemines,22,075,2010,151.93321,0.0,445043.03
Plaquemines,22,075,2011,131.55439,0.0,445043.03
Plaquemines,22,075,2012,462.59259000000003,0.0,445043.03
Plaquemines,22,075,2013,134.31192000000001,0.0,445043.03
Plaquemines,22,075,2014,81.38078,0.0,445043.03
Plaquemines,22,075,2015,23.47264,0.0,445043.03
Plaquemines,22,075,2016,44.120490000000004,0.0,445043.03
Plaquemines,22,075,2017,103.03747999999999,0.0,445043.03
Plaquemines,22,075,2018,206.74755,0.0,445043.03
Plaquemines,22,075,2019,136.32963,0.0,445043.03
Plaquemines,22,075,2020,218.24846,0.0,445043.03
Rapides,22,079,2010,6634.76909,0.0,197944.46
Rapides,22,079,2011,6211.79616,0.0,197944.46
Rapides,22,079,2012,8162.88653,0.0,197944.46
Rapides,22,079,2013,8057.2848300000005,0.0,197944.46
Rapides,22,079,2014,8702.6797,0.0,197944.46
Rapides,22,079,2015,8843.11976,0.0,197944.46
Rapides,22,079,2016,8777.39424,0.0,197944.46
Rapides,22,079,2017,8139.36955,0.0,197944.46
Rapides,22,079,2018,6073.09851,0.0,197944.46
Rapides,22,079,2019,5864.97966,0.0,197944.46
Rapides,22,079,2020,6319.10544,0.0,197944.46
Natchitoches,22,069,2010,8715.58376,4078481.45213,201125.84
Natchitoches,22,069,2011,8836.63536,4074849.88474,201125.84
Natchitoches,22,069,2012,9113.36219,4376237.75884,201125.84
Natchitoches,22,069,2013,10792.80554,4421659.84121,201125.84
Natchitoches,22,069,2014,11098.05753,4703513.17909,201125.84
Natchitoches,22,069,2015,9775.67049,4143903.32844,201125.84
Natchitoches,22,069,2016,12368.50912,5332758.28098,201125.84
Natchitoches,22,069,2017,11441.14635,5258813.40259,201125.84
Natchitoches,22,069,2018,9084.31243,4476500.31405,201125.84
Natchitoches,22,069,2019,7049.91118,3502963.99188,201125.84
Natchitoches,22,069,2020,6866.1698,3534030.04042,201125.84
Red River,48,387,2010,861.40493,0.0,126411.87
Red River,48,387,2011,1693.7255,0.0,126411.87
Red River,48,387,2012,2314.21593,0.0,126411.87
Red River,48,387,2013,2272.9603,0.0,126411.87
Red River,48,387,2014,2128.74577,0.0,126411.87
Red River,48,387,2015,1277.36778,0.0,126411.87
Red River,48,387,2016,1859.93336,0.0,126411.87
Red River,48,387,2017,1992.0477799999999,0.0,126411.87
Red River,48,387,2018,2356.89567,0.0,126411.87
Red River,48,387,2019,1241.19371,0.0,126411.87
Red River,48,387,2020,1451.0740700000001,0.0,126411.87
Sabine,48,403,2010,3676.8378399999997,0.0,75263.24
Sabine,48,403,2011,3838.86085,0.0,75263.24
Sabine,48,403,2012,3550.15182,0.0,75263.24
Sabine,48,403,2013,2782.20184,0.0,75263.24
Sabine,48,403,2014,3097.6213000000002,0.0,75263.24
Sabine,48,403,2015,2721.68761,0.0,75263.24
Sabine,48,403,2016,3396.37018,0.0,75263.24
Sabine,48,403,2017,3902.5023199999996,0.0,75263.24
Sabine,48,403,2018,3309.2344700000003,0.0,75263.24
Sabine,48,403,2019,2639.87972,0.0,75263.24
Sabine,48,403,2020,2601.97875,0.0,75263.24
St. Bernard,22,087,2010,0.0,42793.48777,262717.39
St. Bernard,22,087,2011,0.0,105985.57935000001,262717.39
St. Bernard,22,087,2012,0.0,152790.67235,262717.39
St. Bernard,22,087,2013,0.0,47371.297179999994,262717.39
St. Bernard,22,087,2014,0.0,19550.217380000002,262717.39
St. Bernard,22,087,2015,0.0,5562.02203,262717.39
St. Bernard,22,087,2016,0.0,8917.43505,262717.39
St. Bernard,22,087,2017,0.0,14506.24349,262717.39
St. Bernard,22,087,2018,0.0,8344.32423,262717.39
St. Bernard,22,087,2019,0.0,11742.33923,262717.39
St. Bernard,22,087,2020,0.0,14777.608789999998,262717.39
St. Charles,29,183,2010,119.38054,32901.58481,117612.8
St. Charles,29,183,2011,56.215540000000004,14161.12481,117612.8
St. Charles,29,183,2012,179.76445999999999,27984.672169999998,117612.8
St. Charles,29,183,2013,559.21753,49861.13727,117612.8
St. Charles,29,183,2014,346.05387,37078.1529,117612.8
St. Charles,29,183,2015,174.86336,27806.63256,117612.8
St. Charles,29,183,2016,229.33437,39845.62999,117612.8
St. Charles,29,183,2017,431.01106000000004,70323.50933999999,117612.8
St. Charles,29,183,2018,144.29973999999999,30813.04766,117612.8
St. Charles,29,183,2019,166.49209000000002,47481.44603000001,117612.8
St. Charles,29,183,2020,182.26737,47295.91262,117612.8
St. Helena,22,091,2010,2961.8611,0.0,42389.92
St. Helena,22,091,2011,1913.76684,0.0,42389.92
St. Helena,22,091,2012,2712.74191,0.0,42389.92
St. Helena,22,091,2013,3474.71448,0.0,42389.92
St. Helena,22,091,2014,2972.49019,0.0,42389.92
St. Helena,22,091,2015,2288.90713,0.0,42389.92
St. Helena,22,091,2016,3266.18511,0.0,42389.92
St. Helena,22,091,2017,3044.30295,0.0,42389.92
St. Helena,22,091,2018,2698.39265,0.0,42389.92
St. Helena,22,091,2019,2447.14764,0.0,42389.92
St. Helena,22,091,2020,2190.45522,0.0,42389.92
St. James,22,093,2010,86.20035,0.0,31393.58
St. James,22,093,2011,51.13631,0.0,31393.58
St. James,22,093,2012,39.94653,0.0,31393.58
St. James,22,093,2013,33.41807,0.0,31393.58
St. James,22,093,2014,135.07932,0.0,31393.58
St. James,22,093,2015,13.06601,0.0,31393.58
St. James,22,093,2016,68.36026,0.0,31393.58
St. James,22,093,2017,31.07397,0.0,31393.58
St. James,22,093,2018,35.078,0.0,31393.58
St. James,22,093,2019,12.77223,0.0,31393.58
St. James,22,093,2020,8.14263,0.0,31393.58
St. Landry,22,097,2010,1310.96483,0.0,157138.51
St. Landry,22,097,2011,1691.0875,0.0,157138.51
St. Landry,22,097,2012,1498.56819,0.0,157138.51
St. Landry,22,097,2013,989.30213,0.0,157138.51
St. Landry,22,097,2014,1726.49564,0.0,157138.51
St. Landry,22,097,2015,785.82158,0.0,157138.51
St. Landry,22,097,2016,840.16278,0.0,157138.51
St. Landry,22,097,2017,1324.51692,0.0,157138.51
St. Landry,22,097,2018,1132.86122,0.0,157138.51
St. Landry,22,097,2019,824.48488,0.0,157138.51
St. Landry,22,097,2020,968.84114,0.0,157138.51
St. Martin,22,099,2010,691.76356,0.0,252676.75
St. Martin,22,099,2011,817.29151,0.0,252676.75
St. Martin,22,099,2012,980.89818,0.0,252676.75
St. Martin,22,099,2013,643.39545,0.0,252676.75
St. Martin,22,099,2014,609.32123,0.0,252676.75
St. Martin,22,099,2015,468.2665,0.0,252676.75
St. Martin,22,099,2016,531.22106,0.0,252676.75
St. Martin,22,099,2017,460.15549999999996,0.0,252676.75
St. Martin,22,099,2018,412.92384,0.0,252676.75
St. Martin,22,099,2019,327.47347,0.0,252676.75
St. Martin,22,099,2020,284.15751,0.0,252676.75
St. Tammany,22,103,2010,0.0,1006129.78087,153387.53
St. Tammany,22,103,2011,0.0,1445132.43535,153387.53
St. Tammany,22,103,2012,0.0,1358161.84619,153387.53
St. Tammany,22,103,2013,0.0,660513.57045,153387.53
St. Tammany,22,103,2014,0.0,1000064.2816100001,153387.53
St. Tammany,22,103,2015,0.0,889713.50004,153387.53
St. Tammany,22,103,2016,0.0,1055607.64553,153387.53
St. Tammany,22,103,2017,0.0,721429.41966,153387.53
St. Tammany,22,103,2018,0.0,895391.81289,153387.53
St. Tammany,22,103,2019,0.0,655092.80795,153387.53
St. Tammany,22,103,2020,0.0,853576.2057700001,153387.53
Terrebonne,22,109,2010,0.0,98007.48383,274347.13
Terrebonne,22,109,2011,0.0,71775.92242999999,274347.13
Terrebonne,22,109,2012,0.0,57385.263249999996,274347.13
Terrebonne,22,109,2013,0.0,10549.87405,274347.13
Terrebonne,22,109,2014,0.0,33869.48729,274347.13
Terrebonne,22,109,2015,0.0,8597.32252,274347.13
Terrebonne,22,109,2016,0.0,23551.42955,274347.13
Terrebonne,22,109,2017,0.0,20585.28282,274347.13
Terrebonne,22,109,2018,0.0,63690.62661,274347.13
Terrebonne,22,109,2019,0.0,47215.59246,274347.13
Terrebonne,22,109,2020,0.0,20517.31256,274347.13
West Carroll,22,123,2010,0.0,25293.11828,54714.42
West Carroll,22,123,2011,0.0,14483.90454,54714.42
West Carroll,22,123,2012,0.0,9060.92891,54714.42
West Carroll,22,123,2013,0.0,21263.23185,54714.42
West Carroll,22,123,2014,0.0,10987.37844,54714.42
West Carroll,22,123,2015,0.0,69322.63593,54714.42
West Carroll,22,123,2016,0.0,58366.82508,54714.42
West Carroll,22,123,2017,0.0,30595.23359,54714.42
West Carroll,22,123,2018,0.0,36571.53569,54714.42
West Carroll,22,123,2019,0.0,57078.47335,54714.42
West Carroll,22,123,2020,0.0,46037.36724,54714.42
West Feliciana,22,125,2010,784.95797,0.0,78306.43
West Feliciana,22,125,2011,822.29262,0.0,78306.43
West Feliciana,22,125,2012,799.70582,0.0,78306.43
West Feliciana,22,125,2013,502.55645,0.0,78306.43
West Feliciana,22,125,2014,1148.0741,0.0,78306.43
West Feliciana,22,125,2015,897.42698,0.0,78306.43
West Feliciana,22,125,2016,1460.7685000000001,0.0,78306.43
West Feliciana,22,125,2017,1246.12741,0.0,78306.43
West Feliciana,22,125,2018,1261.80531,0.0,78306.43
West Feliciana,22,125,2019,742.90665,0.0,78306.43
West Feliciana,22,125,2020,1058.12546,0.0,78306.43
Winn,22,127,2010,6968.66365,3368349.41921,100756.16
Winn,22,127,2011,7847.69759,3737110.47922,100756.16
Winn,22,127,2012,6543.80271,3125178.95593,100756.16
Winn,22,127,2013,6923.67915,2920081.30507,100756.16
Winn,22,127,2014,6765.315329999999,2976117.91677,100756.16
Winn,22,127,2015,6127.00752,2511099.9718,100756.16
Winn,22,127,2016,6361.37285,2694543.11655,100756.16
Winn,22,127,2017,7715.36707,3362050.37293,100756.16
Winn,22,127,2018,5220.16975,2678555.95846,100756.16
Winn,22,127,2019,3904.34021,1822061.7060500002,100756.16
Winn,22,127,2020,4952.62342,2261802.17416,100756.16
Kennebec,23,011,2010,1074.24884,0.0,135276.62
Kennebec,23,011,2011,613.45321,0.0,135276.62
Kennebec,23,011,2012,1082.164,0.0,135276.62
Kennebec,23,011,2013,1051.94245,0.0,135276.62
Kennebec,23,011,2014,976.77603,0.0,135276.62
Kennebec,23,011,2015,1380.4496100000001,0.0,135276.62
Kennebec,23,011,2016,1930.85822,0.0,135276.62
Kennebec,23,011,2017,2326.56127,0.0,135276.62
Kennebec,23,011,2018,1843.12716,0.0,135276.62
Kennebec,23,011,2019,1637.44349,0.0,135276.62
Kennebec,23,011,2020,1783.90177,0.0,135276.62
Oxford,23,017,2010,5908.61947,0.0,382515.63
Oxford,23,017,2011,4329.294089999999,0.0,382515.63
Oxford,23,017,2012,6100.0110700000005,0.0,382515.63
Oxford,23,017,2013,4762.62052,0.0,382515.63
Oxford,23,017,2014,4806.69852,0.0,382515.63
Oxford,23,017,2015,5703.31372,0.0,382515.63
Oxford,23,017,2016,7681.45927,0.0,382515.63
Oxford,23,017,2017,7566.8756,0.0,382515.63
Oxford,23,017,2018,7114.448700000001,0.0,382515.63
Oxford,23,017,2019,7259.11297,0.0,382515.63
Oxford,23,017,2020,7001.3996,0.0,382515.63
Aroostook,23,003,2010,0.0,5840710.30334,1199845.04
Aroostook,23,003,2011,0.0,4564039.95988,1199845.04
Aroostook,23,003,2012,0.0,7401110.813279999,1199845.04
Aroostook,23,003,2013,0.0,6633738.2076900005,1199845.04
Aroostook,23,003,2014,0.0,6918226.127859999,1199845.04
Aroostook,23,003,2015,0.0,7109126.12387,1199845.04
Aroostook,23,003,2016,0.0,10202845.77304,1199845.04
Aroostook,23,003,2017,0.0,9964721.17866,1199845.04
Aroostook,23,003,2018,0.0,10054962.192230001,1199845.04
Aroostook,23,003,2019,0.0,9024855.43544,1199845.04
Aroostook,23,003,2020,0.0,10128241.362,1199845.04
Piscataquis,23,021,2010,8524.93376,0.0,468417.32
Piscataquis,23,021,2011,5060.24692,0.0,468417.32
Piscataquis,23,021,2012,7940.21158,0.0,468417.32
Piscataquis,23,021,2013,6566.7631,0.0,468417.32
Piscataquis,23,021,2014,7567.83058,0.0,468417.32
Piscataquis,23,021,2015,7020.31811,0.0,468417.32
Piscataquis,23,021,2016,9159.29084,0.0,468417.32
Piscataquis,23,021,2017,9004.02617,0.0,468417.32
Piscataquis,23,021,2018,11199.13292,0.0,468417.32
Piscataquis,23,021,2019,9835.76798,0.0,468417.32
Piscataquis,23,021,2020,10013.19698,0.0,468417.32
Penobscot,23,019,2010,10566.83215,0.0,706605.83
Penobscot,23,019,2011,6210.85146,0.0,706605.83
Penobscot,23,019,2012,13666.55527,0.0,706605.83
Penobscot,23,019,2013,10518.864580000001,0.0,706605.83
Penobscot,23,019,2014,11587.580310000001,0.0,706605.83
Penobscot,23,019,2015,11412.47312,0.0,706605.83
Penobscot,23,019,2016,12993.6829,0.0,706605.83
Penobscot,23,019,2017,17199.53971,0.0,706605.83
Penobscot,23,019,2018,15250.915749999998,0.0,706605.83
Penobscot,23,019,2019,14276.66714,0.0,706605.83
Penobscot,23,019,2020,15756.47804,0.0,706605.83
Sagadahoc,23,023,2010,253.46404,0.0,60278.08
Sagadahoc,23,023,2011,98.70549,0.0,60278.08
Sagadahoc,23,023,2012,144.26492000000002,0.0,60278.08
Sagadahoc,23,023,2013,261.86475,0.0,60278.08
Sagadahoc,23,023,2014,191.96012000000002,0.0,60278.08
Sagadahoc,23,023,2015,166.43993,0.0,60278.08
Sagadahoc,23,023,2016,259.89977,0.0,60278.08
Sagadahoc,23,023,2017,439.44057,0.0,60278.08
Sagadahoc,23,023,2018,617.62734,0.0,60278.08
Sagadahoc,23,023,2019,466.29494,0.0,60278.08
Sagadahoc,23,023,2020,537.58443,0.0,60278.08
Somerset,42,111,2010,775.19819,0.0,133336.83
Somerset,42,111,2011,504.62105,0.0,133336.83
Somerset,42,111,2012,564.83778,0.0,133336.83
Somerset,42,111,2013,399.10348999999997,0.0,133336.83
Somerset,42,111,2014,558.67612,0.0,133336.83
Somerset,42,111,2015,539.62103,0.0,133336.83
Somerset,42,111,2016,698.30645,0.0,133336.83
Somerset,42,111,2017,1235.52504,0.0,133336.83
Somerset,42,111,2018,698.1194899999999,0.0,133336.83
Somerset,42,111,2019,487.42273,0.0,133336.83
Somerset,42,111,2020,355.33783999999997,0.0,133336.83
Caroline,51,033,2010,2990.37622,0.0,87768.75
Caroline,51,033,2011,2318.2107,0.0,87768.75
Caroline,51,033,2012,3120.85541,0.0,87768.75
Caroline,51,033,2013,2907.1615199999997,0.0,87768.75
Caroline,51,033,2014,3832.19511,0.0,87768.75
Caroline,51,033,2015,3230.65258,0.0,87768.75
Caroline,51,033,2016,2728.20125,0.0,87768.75
Caroline,51,033,2017,2848.7044100000003,0.0,87768.75
Caroline,51,033,2018,2302.21255,0.0,87768.75
Caroline,51,033,2019,2452.58297,0.0,87768.75
Caroline,51,033,2020,2080.2458500000002,0.0,87768.75
Charles,24,017,2010,624.90104,258941.20359,112516.01
Charles,24,017,2011,560.90844,234717.02758,112516.01
Charles,24,017,2012,687.7987,290343.23617,112516.01
Charles,24,017,2013,461.57394,188337.16491,112516.01
Charles,24,017,2014,438.21542,178179.77941,112516.01
Charles,24,017,2015,640.77752,259461.90694,112516.01
Charles,24,017,2016,821.50185,315132.82512,112516.01
Charles,24,017,2017,857.51289,334624.74698,112516.01
Charles,24,017,2018,433.89653,183455.93471,112516.01
Charles,24,017,2019,626.72592,260853.42872,112516.01
Charles,24,017,2020,783.36178,338859.8614,112516.01
Dorchester,45,035,2010,7021.5878,0.0,125424.98
Dorchester,45,035,2011,5036.47088,0.0,125424.98
Dorchester,45,035,2012,6290.30043,0.0,125424.98
Dorchester,45,035,2013,7290.62134,0.0,125424.98
Dorchester,45,035,2014,9305.559,0.0,125424.98
Dorchester,45,035,2015,7339.13665,0.0,125424.98
Dorchester,45,035,2016,8730.49092,0.0,125424.98
Dorchester,45,035,2017,9654.8692,0.0,125424.98
Dorchester,45,035,2018,7841.62584,0.0,125424.98
Dorchester,45,035,2019,7366.95209,0.0,125424.98
Dorchester,45,035,2020,5789.49311,0.0,125424.98
Frederick,51,069,2010,372.13697,0.0,73705.07
Frederick,51,069,2011,360.11905,0.0,73705.07
Frederick,51,069,2012,296.02348,0.0,73705.07
Frederick,51,069,2013,357.00994,0.0,73705.07
Frederick,51,069,2014,280.17896,0.0,73705.07
Frederick,51,069,2015,384.27447,0.0,73705.07
Frederick,51,069,2016,345.1116,0.0,73705.07
Frederick,51,069,2017,395.03679,0.0,73705.07
Frederick,51,069,2018,278.26566,0.0,73705.07
Frederick,51,069,2019,258.41516,0.0,73705.07
Frederick,51,069,2020,279.9398,0.0,73705.07
Garrett,24,023,2010,648.07079,0.0,91420.89
Garrett,24,023,2011,364.78272,0.0,91420.89
Garrett,24,023,2012,506.06801,0.0,91420.89
Garrett,24,023,2013,375.48524,0.0,91420.89
Garrett,24,023,2014,559.04252,0.0,91420.89
Garrett,24,023,2015,691.83754,0.0,91420.89
Garrett,24,023,2016,850.64149,0.0,91420.89
Garrett,24,023,2017,876.59063,0.0,91420.89
Garrett,24,023,2018,594.9767,0.0,91420.89
Garrett,24,023,2019,568.1307,0.0,91420.89
Garrett,24,023,2020,543.55675,0.0,91420.89
Prince George's,24,033,2010,257.37433,0.0,78690.5
Prince George's,24,033,2011,243.62306,0.0,78690.5
Prince George's,24,033,2012,349.06926,0.0,78690.5
Prince George's,24,033,2013,385.09694,0.0,78690.5
Prince George's,24,033,2014,283.51417000000004,0.0,78690.5
Prince George's,24,033,2015,358.30228999999997,0.0,78690.5
Prince George's,24,033,2016,373.96559,0.0,78690.5
Prince George's,24,033,2017,529.83055,0.0,78690.5
Prince George's,24,033,2018,267.92035,0.0,78690.5
Prince George's,24,033,2019,436.03810999999996,0.0,78690.5
Prince George's,24,033,2020,356.20396000000005,0.0,78690.5
St. Mary's,24,037,2010,844.25207,0.0,134445.02
St. Mary's,24,037,2011,733.78576,0.0,134445.02
St. Mary's,24,037,2012,1189.03344,0.0,134445.02
St. Mary's,24,037,2013,671.3139100000001,0.0,134445.02
St. Mary's,24,037,2014,724.9654899999999,0.0,134445.02
St. Mary's,24,037,2015,887.62347,0.0,134445.02
St. Mary's,24,037,2016,1002.53032,0.0,134445.02
St. Mary's,24,037,2017,899.72853,0.0,134445.02
St. Mary's,24,037,2018,804.1046299999999,0.0,134445.02
St. Mary's,24,037,2019,771.86501,0.0,134445.02
St. Mary's,24,037,2020,967.55338,0.0,134445.02
Queen Anne's,24,035,2010,76.77118,0.0,98859.88
Queen Anne's,24,035,2011,39.82057,0.0,98859.88
Queen Anne's,24,035,2012,55.06718,0.0,98859.88
Queen Anne's,24,035,2013,32.406530000000004,0.0,98859.88
Queen Anne's,24,035,2014,25.82956,0.0,98859.88
Queen Anne's,24,035,2015,37.30936,0.0,98859.88
Queen Anne's,24,035,2016,92.19718,0.0,98859.88
Queen Anne's,24,035,2017,208.9683,0.0,98859.88
Queen Anne's,24,035,2018,68.93861,0.0,98859.88
Queen Anne's,24,035,2019,62.48122,0.0,98859.88
Queen Anne's,24,035,2020,151.92802,0.0,98859.88
Barnstable,25,001,2010,118.36528,0.0,182804.28
Barnstable,25,001,2011,81.59943,0.0,182804.28
Barnstable,25,001,2012,114.15853,0.0,182804.28
Barnstable,25,001,2013,170.57509,0.0,182804.28
Barnstable,25,001,2014,258.91685,0.0,182804.28
Barnstable,25,001,2015,395.66506,0.0,182804.28
Barnstable,25,001,2016,555.52157,0.0,182804.28
Barnstable,25,001,2017,418.13947,0.0,182804.28
Barnstable,25,001,2018,353.07890999999995,0.0,182804.28
Barnstable,25,001,2019,442.51558,0.0,182804.28
Barnstable,25,001,2020,402.11924,0.0,182804.28
Wicomico,24,045,2010,283.64777,109845.32092,70515.73
Wicomico,24,045,2011,197.8174,78800.08121,70515.73
Wicomico,24,045,2012,432.86243,174871.44674,70515.73
Wicomico,24,045,2013,307.79706,121090.36609,70515.73
Wicomico,24,045,2014,497.03751,193128.94113,70515.73
Wicomico,24,045,2015,578.85313,228211.20474,70515.73
Wicomico,24,045,2016,717.05767,244349.87586,70515.73
Wicomico,24,045,2017,756.7793,278403.44561,70515.73
Wicomico,24,045,2018,521.67344,188953.10913,70515.73
Wicomico,24,045,2019,700.32957,274700.08941,70515.73
Wicomico,24,045,2020,1106.36621,453024.21934,70515.73
Berkshire,25,003,2010,236.73002,90428.59345,118619.3
Berkshire,25,003,2011,160.57971,65110.148310000004,118619.3
Berkshire,25,003,2012,297.75694999999996,114562.24023,118619.3
Berkshire,25,003,2013,150.48888,53946.068069999994,118619.3
Berkshire,25,003,2014,179.17046,66276.83231,118619.3
Berkshire,25,003,2015,127.70266,51827.988509999996,118619.3
Berkshire,25,003,2016,301.23719,113916.64679,118619.3
Berkshire,25,003,2017,444.61726,172744.34358000002,118619.3
Berkshire,25,003,2018,249.03076,102797.993,118619.3
Berkshire,25,003,2019,332.76922,136698.69735,118619.3
Berkshire,25,003,2020,345.82854,138093.30678,118619.3
Dukes,25,007,2010,14.34905,0.0,90334.98
Dukes,25,007,2011,6.28131,0.0,90334.98
Dukes,25,007,2012,12.21686,0.0,90334.98
Dukes,25,007,2013,14.63719,0.0,90334.98
Dukes,25,007,2014,5.76267,0.0,90334.98
Dukes,25,007,2015,3.63048,0.0,90334.98
Dukes,25,007,2016,7.03046,0.0,90334.98
Dukes,25,007,2017,15.9626,0.0,90334.98
Dukes,25,007,2018,16.5965,0.0,90334.98
Dukes,25,007,2019,27.14218,0.0,90334.98
Dukes,25,007,2020,17.17276,0.0,90334.98
Essex,51,057,2010,2075.92696,869556.92499,69753.06
Essex,51,057,2011,1647.26176,712722.68388,69753.06
Essex,51,057,2012,2223.92503,997388.67128,69753.06
Essex,51,057,2013,1495.12728,615011.59342,69753.06
Essex,51,057,2014,2224.65499,948649.36716,69753.06
Essex,51,057,2015,2762.32658,1108927.99405,69753.06
Essex,51,057,2016,2677.65197,1195495.07497,69753.06
Essex,51,057,2017,2672.17732,1152821.22993,69753.06
Essex,51,057,2018,2050.56107,916533.83958,69753.06
Essex,51,057,2019,2420.46502,1116775.3649,69753.06
Essex,51,057,2020,1673.72257,820819.33227,69753.06
Hampshire,54,027,2010,615.48489,0.0,90945.21
Hampshire,54,027,2011,435.87379999999996,0.0,90945.21
Hampshire,54,027,2012,525.67934,0.0,90945.21
Hampshire,54,027,2013,489.5658,0.0,90945.21
Hampshire,54,027,2014,421.823,0.0,90945.21
Hampshire,54,027,2015,490.22348999999997,0.0,90945.21
Hampshire,54,027,2016,489.14725999999996,0.0,90945.21
Hampshire,54,027,2017,513.66143,0.0,90945.21
Hampshire,54,027,2018,289.14756,0.0,90945.21
Hampshire,54,027,2019,357.60784,0.0,90945.21
Hampshire,54,027,2020,382.54053999999996,0.0,90945.21
Bristol,51,520,2010,4.57608,1422.53992,3805.96
Bristol,51,520,2011,11.62572,4361.15327,3805.96
Bristol,51,520,2012,6.18389,2150.97275,3805.96
Bristol,51,520,2013,12.98617,4205.74784,3805.96
Bristol,51,520,2014,7.97722,2256.81163,3805.96
Bristol,51,520,2015,17.25306,7423.83973,3805.96
Bristol,51,520,2016,5.99838,1673.43105,3805.96
Bristol,51,520,2017,16.51099,4075.69816,3805.96
Bristol,51,520,2018,3.71034,947.40292,3805.96
Bristol,51,520,2019,10.69813,3134.23117,3805.96
Bristol,51,520,2020,3.83401,724.03973,3805.96
Nantucket,25,019,2010,3.4587,0.0,47130.59
Nantucket,25,019,2011,4.89827,0.0,47130.59
Nantucket,25,019,2012,3.86099,0.0,47130.59
Nantucket,25,019,2013,2.5932,0.0,47130.59
Nantucket,25,019,2014,7.37622,0.0,47130.59
Nantucket,25,019,2015,4.03387,0.0,47130.59
Nantucket,25,019,2016,5.47783,0.0,47130.59
Nantucket,25,019,2017,32.46357,0.0,47130.59
Nantucket,25,019,2018,29.091009999999997,0.0,47130.59
Nantucket,25,019,2019,12.66629,0.0,47130.59
Nantucket,25,019,2020,11.89741,0.0,47130.59
Alger,26,003,2010,0.0,304682.74161,580890.76
Alger,26,003,2011,0.0,258983.92231,580890.76
Alger,26,003,2012,0.0,312881.22563999996,580890.76
Alger,26,003,2013,0.0,159692.89142,580890.76
Alger,26,003,2014,0.0,226507.95286000002,580890.76
Alger,26,003,2015,0.0,238854.09712,580890.76
Alger,26,003,2016,0.0,257632.27016,580890.76
Alger,26,003,2017,0.0,350703.01875,580890.76
Alger,26,003,2018,0.0,332810.18038000003,580890.76
Alger,26,003,2019,0.0,306278.58053,580890.76
Alger,26,003,2020,0.0,301200.6617,580890.76
Baraga,26,013,2010,559.59524,0.0,119731.65
Baraga,26,013,2011,543.75814,0.0,119731.65
Baraga,26,013,2012,733.32666,0.0,119731.65
Baraga,26,013,2013,1071.52028,0.0,119731.65
Baraga,26,013,2014,1256.32178,0.0,119731.65
Baraga,26,013,2015,1224.38274,0.0,119731.65
Baraga,26,013,2016,1335.98399,0.0,119731.65
Baraga,26,013,2017,1800.98036,0.0,119731.65
Baraga,26,013,2018,2112.00197,0.0,119731.65
Baraga,26,013,2019,1261.93627,0.0,119731.65
Baraga,26,013,2020,967.59924,0.0,119731.65
Benzie,26,019,2010,396.81007,0.0,79332.6
Benzie,26,019,2011,186.80904,0.0,79332.6
Benzie,26,019,2012,364.76194,0.0,79332.6
Benzie,26,019,2013,87.06685,0.0,79332.6
Benzie,26,019,2014,313.45173,0.0,79332.6
Benzie,26,019,2015,175.96028,0.0,79332.6
Benzie,26,019,2016,205.35157,0.0,79332.6
Benzie,26,019,2017,182.87913,0.0,79332.6
Benzie,26,019,2018,269.06037,0.0,79332.6
Benzie,26,019,2019,304.42954,0.0,79332.6
Benzie,26,019,2020,413.08322,0.0,79332.6
Barry,29,009,2010,0.0,62956.054130000004,71061.6
Barry,29,009,2011,0.0,62014.306379999995,71061.6
Barry,29,009,2012,0.0,96869.65872,71061.6
Barry,29,009,2013,0.0,33231.60984,71061.6
Barry,29,009,2014,0.0,66295.7039,71061.6
Barry,29,009,2015,0.0,50962.75779,71061.6
Barry,29,009,2016,0.0,67201.33927,71061.6
Barry,29,009,2017,0.0,114064.72522,71061.6
Barry,29,009,2018,0.0,27053.28534,71061.6
Barry,29,009,2019,0.0,40187.667629999996,71061.6
Barry,29,009,2020,0.0,38620.0123,71061.6
Charlevoix,26,029,2010,196.21138000000002,0.0,249743.03
Charlevoix,26,029,2011,182.18081,0.0,249743.03
Charlevoix,26,029,2012,220.48048,0.0,249743.03
Charlevoix,26,029,2013,145.34377,0.0,249743.03
Charlevoix,26,029,2014,196.96979000000002,0.0,249743.03
Charlevoix,26,029,2015,188.84398,0.0,249743.03
Charlevoix,26,029,2016,214.52156,0.0,249743.03
Charlevoix,26,029,2017,284.29523,0.0,249743.03
Charlevoix,26,029,2018,411.87055999999995,0.0,249743.03
Charlevoix,26,029,2019,267.61023,0.0,249743.03
Charlevoix,26,029,2020,329.36643000000004,0.0,249743.03
Cheboygan,26,031,2010,581.1584,0.0,92990.81
Cheboygan,26,031,2011,677.63892,0.0,92990.81
Cheboygan,26,031,2012,773.2527,0.0,92990.81
Cheboygan,26,031,2013,623.19595,0.0,92990.81
Cheboygan,26,031,2014,779.91587,0.0,92990.81
Cheboygan,26,031,2015,1036.52915,0.0,92990.81
Cheboygan,26,031,2016,635.98057,0.0,92990.81
Cheboygan,26,031,2017,910.74151,0.0,92990.81
Cheboygan,26,031,2018,918.27144,0.0,92990.81
Cheboygan,26,031,2019,1248.93799,0.0,92990.81
Cheboygan,26,031,2020,1225.10227,0.0,92990.81
Chippewa,55,017,2010,204.54121,0.0,93220.47
Chippewa,55,017,2011,199.79597,0.0,93220.47
Chippewa,55,017,2012,344.50455999999997,0.0,93220.47
Chippewa,55,017,2013,176.56423,0.0,93220.47
Chippewa,55,017,2014,237.76571,0.0,93220.47
Chippewa,55,017,2015,179.18317000000002,0.0,93220.47
Chippewa,55,017,2016,206.72185000000002,0.0,93220.47
Chippewa,55,017,2017,214.25531,0.0,93220.47
Chippewa,55,017,2018,239.47692,0.0,93220.47
Chippewa,55,017,2019,390.26687000000004,0.0,93220.47
Chippewa,55,017,2020,244.22406999999998,0.0,93220.47
Eaton,26,045,2010,4.08617,1190.50851,49687.86
Eaton,26,045,2011,2.27584,774.15644,49687.86
Eaton,26,045,2012,13.3582,3920.37152,49687.86
Eaton,26,045,2013,15.400170000000001,1533.5703099999998,49687.86
Eaton,26,045,2014,3.78792,729.0712599999999,49687.86
Eaton,26,045,2015,3.8849,981.51245,49687.86
Eaton,26,045,2016,7.39367,881.7308899999999,49687.86
Eaton,26,045,2017,12.038409999999999,2766.2905800000003,49687.86
Eaton,26,045,2018,12.99051,3625.3947500000004,49687.86
Eaton,26,045,2019,9.377989999999999,1545.26718,49687.86
Eaton,26,045,2020,14.376380000000001,3054.03668,49687.86
Gogebic,26,053,2010,2092.57067,0.0,376970.89
Gogebic,26,053,2011,1245.33945,0.0,376970.89
Gogebic,26,053,2012,1963.35364,0.0,376970.89
Gogebic,26,053,2013,1244.4522000000002,0.0,376970.89
Gogebic,26,053,2014,1372.0510100000001,0.0,376970.89
Gogebic,26,053,2015,1431.44411,0.0,376970.89
Gogebic,26,053,2016,2187.73693,0.0,376970.89
Gogebic,26,053,2017,2296.00827,0.0,376970.89
Gogebic,26,053,2018,2408.79835,0.0,376970.89
Gogebic,26,053,2019,2730.13355,0.0,376970.89
Gogebic,26,053,2020,2781.07447,0.0,376970.89
Hillsdale,26,059,2010,0.0,2354.39999,53235.88
Hillsdale,26,059,2011,0.0,3081.07204,53235.88
Hillsdale,26,059,2012,0.0,5491.35043,53235.88
Hillsdale,26,059,2013,0.0,8365.7848,53235.88
Hillsdale,26,059,2014,0.0,1292.70656,53235.88
Hillsdale,26,059,2015,0.0,65.52285,53235.88
Hillsdale,26,059,2016,0.0,3134.40607,53235.88
Hillsdale,26,059,2017,0.0,3360.61489,53235.88
Hillsdale,26,059,2018,0.0,6069.24763,53235.88
Hillsdale,26,059,2019,0.0,2228.94646,53235.88
Hillsdale,26,059,2020,0.0,8229.12401,53235.88
Grand Traverse,26,055,2010,714.24785,178336.96321000002,85073.44
Grand Traverse,26,055,2011,347.90062,93762.44917,85073.44
Grand Traverse,26,055,2012,626.89702,164540.30211999998,85073.44
Grand Traverse,26,055,2013,292.46659,74387.01707999999,85073.44
Grand Traverse,26,055,2014,460.97769,118144.64332,85073.44
Grand Traverse,26,055,2015,457.06807,112306.42968,85073.44
Grand Traverse,26,055,2016,538.33246,149960.35313,85073.44
Grand Traverse,26,055,2017,360.20967,97826.54439000001,85073.44
Grand Traverse,26,055,2018,370.48022000000003,97129.91169,85073.44
Grand Traverse,26,055,2019,546.37424,136986.28407999998,85073.44
Grand Traverse,26,055,2020,518.59177,132823.01907,85073.44
Gratiot,26,057,2010,2.3166,0.0,49342.26
Gratiot,26,057,2011,2.88163,0.0,49342.26
Gratiot,26,057,2012,10.62248,0.0,49342.26
Gratiot,26,057,2013,50.62627,0.0,49342.26
Gratiot,26,057,2014,32.03693,0.0,49342.26
Gratiot,26,057,2015,44.01547,0.0,49342.26
Gratiot,26,057,2016,18.70234,0.0,49342.26
Gratiot,26,057,2017,19.94539,0.0,49342.26
Gratiot,26,057,2018,36.16162,0.0,49342.26
Gratiot,26,057,2019,62.37879,0.0,49342.26
Gratiot,26,057,2020,26.7822,0.0,49342.26
Huron,39,077,2010,29.798350000000003,0.0,45941.14
Huron,39,077,2011,18.72665,0.0,45941.14
Huron,39,077,2012,24.49794,0.0,45941.14
Huron,39,077,2013,10.383,0.0,45941.14
Huron,39,077,2014,24.06496,0.0,45941.14
Huron,39,077,2015,5.9689,0.0,45941.14
Huron,39,077,2016,80.5965,0.0,45941.14
Huron,39,077,2017,68.00176,0.0,45941.14
Huron,39,077,2018,42.49785,0.0,45941.14
Huron,39,077,2019,33.98741,0.0,45941.14
Huron,39,077,2020,50.37172999999999,0.0,45941.14
Ingham,26,065,2010,6.12251,0.0,49103.13
Ingham,26,065,2011,2.15609,0.0,49103.13
Ingham,26,065,2012,7.36894,0.0,49103.13
Ingham,26,065,2013,25.10594,0.0,49103.13
Ingham,26,065,2014,2.4917299999999996,0.0,49103.13
Ingham,26,065,2015,0.85316,0.0,49103.13
Ingham,26,065,2016,9.79293,0.0,49103.13
Ingham,26,065,2017,44.54785,0.0,49103.13
Ingham,26,065,2018,31.166330000000002,0.0,49103.13
Ingham,26,065,2019,17.88149,0.0,49103.13
Ingham,26,065,2020,26.57051,0.0,49103.13
Branch,26,023,2010,14.2338,0.0,44432.44
Branch,26,023,2011,11.12196,0.0,44432.44
Branch,26,023,2012,17.23039,0.0,44432.44
Branch,26,023,2013,25.58626,0.0,44432.44
Branch,26,023,2014,4.6101399999999995,0.0,44432.44
Branch,26,023,2015,4.32201,0.0,44432.44
Branch,26,023,2016,14.003300000000001,0.0,44432.44
Branch,26,023,2017,16.94225,0.0,44432.44
Branch,26,023,2018,8.47113,0.0,44432.44
Branch,26,023,2019,33.4235,0.0,44432.44
Branch,26,023,2020,16.94225,0.0,44432.44
Isabella,26,073,2010,59.204769999999996,0.0,49630.71
Isabella,26,073,2011,28.353969999999997,0.0,49630.71
Isabella,26,073,2012,133.19099,0.0,49630.71
Isabella,26,073,2013,73.4375,0.0,49630.71
Isabella,26,073,2014,98.60864000000001,0.0,49630.71
Isabella,26,073,2015,67.4817,0.0,49630.71
Isabella,26,073,2016,174.54969,0.0,49630.71
Isabella,26,073,2017,131.79638,0.0,49630.71
Isabella,26,073,2018,100.16606,0.0,49630.71
Isabella,26,073,2019,191.83514,0.0,49630.71
Isabella,26,073,2020,254.68142,0.0,49630.71
Kalamazoo,26,077,2010,15.0982,4691.37231,50082.24
Kalamazoo,26,077,2011,10.89145,3478.51605,50082.24
Kalamazoo,26,077,2012,44.54545,15234.4243,50082.24
Kalamazoo,26,077,2013,113.06362,15665.50406,50082.24
Kalamazoo,26,077,2014,24.08797,8114.39559,50082.24
Kalamazoo,26,077,2015,34.74891,10655.21832,50082.24
Kalamazoo,26,077,2016,62.40974,21242.16355,50082.24
Kalamazoo,26,077,2017,113.35176,37973.29318,50082.24
Kalamazoo,26,077,2018,59.47077,18672.26621,50082.24
Kalamazoo,26,077,2019,106.43655,29228.14444,50082.24
Kalamazoo,26,077,2020,114.04328,35263.48792,50082.24
Luce,26,095,2010,1048.0079199999998,0.0,186321.24
Luce,26,095,2011,744.3679500000001,0.0,186321.24
Luce,26,095,2012,5074.1878,0.0,186321.24
Luce,26,095,2013,768.55357,0.0,186321.24
Luce,26,095,2014,1087.2528399999999,0.0,186321.24
Luce,26,095,2015,940.99691,0.0,186321.24
Luce,26,095,2016,883.16436,0.0,186321.24
Luce,26,095,2017,1406.1735600000002,0.0,186321.24
Luce,26,095,2018,1509.85907,0.0,186321.24
Luce,26,095,2019,1559.35147,0.0,186321.24
Luce,26,095,2020,901.2175699999999,0.0,186321.24
Mackinac,26,097,2010,0.0,299005.53885,274262.62
Mackinac,26,097,2011,0.0,309775.54183,274262.62
Mackinac,26,097,2012,0.0,242091.85053,274262.62
Mackinac,26,097,2013,0.0,284804.52785,274262.62
Mackinac,26,097,2014,0.0,337854.56353000004,274262.62
Mackinac,26,097,2015,0.0,287649.83548,274262.62
Mackinac,26,097,2016,0.0,332493.24959,274262.62
Mackinac,26,097,2017,0.0,365207.78555000003,274262.62
Mackinac,26,097,2018,0.0,266655.69233,274262.62
Mackinac,26,097,2019,0.0,322825.9913,274262.62
Mackinac,26,097,2020,0.0,418415.61374,274262.62
Manistee,26,101,2010,484.98394,0.0,120998.14
Manistee,26,101,2011,237.78715,0.0,120998.14
Manistee,26,101,2012,452.71441000000004,0.0,120998.14
Manistee,26,101,2013,324.68795,0.0,120998.14
Manistee,26,101,2014,209.44753,0.0,120998.14
Manistee,26,101,2015,119.88989,0.0,120998.14
Manistee,26,101,2016,424.92830000000004,0.0,120998.14
Manistee,26,101,2017,330.55513,0.0,120998.14
Manistee,26,101,2018,334.92785000000003,0.0,120998.14
Manistee,26,101,2019,450.05757,0.0,120998.14
Manistee,26,101,2020,589.65235,0.0,120998.14
Macomb,26,099,2010,2.54486,606.8483,53454.0
Macomb,26,099,2011,1.86458,469.80405,53454.0
Macomb,26,099,2012,9.556799999999999,1880.36919,53454.0
Macomb,26,099,2013,22.4315,3666.74297,53454.0
Macomb,26,099,2014,11.41351,2716.45863,53454.0
Macomb,26,099,2015,19.94539,4054.58994,53454.0
Macomb,26,099,2016,41.13384,8863.95866,53454.0
Macomb,26,099,2017,61.24874,12802.8134,53454.0
Macomb,26,099,2018,89.36534999999999,17844.174,53454.0
Macomb,26,099,2019,82.05853,18368.779599999998,53454.0
Macomb,26,099,2020,51.2759,9203.770260000001,53454.0
Missaukee,26,113,2010,568.72974,0.0,49752.66
Missaukee,26,113,2011,465.05764,0.0,49752.66
Missaukee,26,113,2012,616.0546999999999,0.0,49752.66
Missaukee,26,113,2013,395.09419,0.0,49752.66
Missaukee,26,113,2014,641.57142,0.0,49752.66
Missaukee,26,113,2015,480.66657,0.0,49752.66
Missaukee,26,113,2016,593.63761,0.0,49752.66
Missaukee,26,113,2017,627.18021,0.0,49752.66
Missaukee,26,113,2018,557.43817,0.0,49752.66
Missaukee,26,113,2019,631.99573,0.0,49752.66
Missaukee,26,113,2020,680.81517,0.0,49752.66
Lapeer,26,087,2010,7.68434,2040.76617,63254.98
Lapeer,26,087,2011,9.37942,2594.64751,63254.98
Lapeer,26,087,2012,8.58838,2305.87007,63254.98
Lapeer,26,087,2013,35.99211,4270.43439,63254.98
Lapeer,26,087,2014,21.97948,5665.21656,63254.98
Lapeer,26,087,2015,21.07544,4552.60872,63254.98
Lapeer,26,087,2016,63.11332,15748.37748,63254.98
Lapeer,26,087,2017,75.8829,22833.54091,63254.98
Lapeer,26,087,2018,18.87184,4684.55862,63254.98
Lapeer,26,087,2019,53.6209,11096.787,63254.98
Lapeer,26,087,2020,56.55903,10897.00505,63254.98
Leelanau,26,089,2010,0.0,50088.18671,296719.95
Leelanau,26,089,2011,0.0,15137.71921,296719.95
Leelanau,26,089,2012,0.0,35970.4056,296719.95
Leelanau,26,089,2013,0.0,16646.9368,296719.95
Leelanau,26,089,2014,0.0,22743.22247,296719.95
Leelanau,26,089,2015,0.0,18367.78654,296719.95
Leelanau,26,089,2016,0.0,71398.02334,296719.95
Leelanau,26,089,2017,0.0,31211.512609999998,296719.95
Leelanau,26,089,2018,0.0,33985.31142,296719.95
Leelanau,26,089,2019,0.0,31271.59681,296719.95
Leelanau,26,089,2020,0.0,58837.46923,296719.95
Montcalm,26,117,2010,39.77778,0.0,75245.25
Montcalm,26,117,2011,61.36175,0.0,75245.25
Montcalm,26,117,2012,76.56093,0.0,75245.25
Montcalm,26,117,2013,174.3103,0.0,75245.25
Montcalm,26,117,2014,102.94761000000001,0.0,75245.25
Montcalm,26,117,2015,61.305240000000005,0.0,75245.25
Montcalm,26,117,2016,104.64269,0.0,75245.25
Montcalm,26,117,2017,183.80273,0.0,75245.25
Montcalm,26,117,2018,133.68499,0.0,75245.25
Montcalm,26,117,2019,189.56598,0.0,75245.25
Montcalm,26,117,2020,254.99590999999998,0.0,75245.25
Muskegon,26,121,2010,154.98644000000002,0.0,143088.73
Muskegon,26,121,2011,82.66319999999999,0.0,143088.73
Muskegon,26,121,2012,199.79294,0.0,143088.73
Muskegon,26,121,2013,152.72634000000002,0.0,143088.73
Muskegon,26,121,2014,119.10734,0.0,143088.73
Muskegon,26,121,2015,197.75885,0.0,143088.73
Muskegon,26,121,2016,192.1651,0.0,143088.73
Muskegon,26,121,2017,284.09470999999996,0.0,143088.73
Muskegon,26,121,2018,264.65785,0.0,143088.73
Muskegon,26,121,2019,223.298,0.0,143088.73
Muskegon,26,121,2020,202.73107,0.0,143088.73
Newaygo,26,123,2010,184.26248999999999,47275.43547,73551.88
Newaygo,26,123,2011,176.03148,47364.73009,73551.88
Newaygo,26,123,2012,404.86831,108213.55218,73551.88
Newaygo,26,123,2013,252.75378,64435.85461,73551.88
Newaygo,26,123,2014,299.8135,86590.41018,73551.88
Newaygo,26,123,2015,243.93132,57102.0147,73551.88
Newaygo,26,123,2016,275.75953,75892.27514,73551.88
Newaygo,26,123,2017,291.89702,82622.4759,73551.88
Newaygo,26,123,2018,382.63554,113689.55689,73551.88
Newaygo,26,123,2019,516.52235,155866.8095,73551.88
Newaygo,26,123,2020,695.08717,221937.55899000002,73551.88
Oscoda,26,135,2010,0.0,125042.175,49063.07
Oscoda,26,135,2011,0.0,113759.25277,49063.07
Oscoda,26,135,2012,0.0,323415.1343,49063.07
Oscoda,26,135,2013,0.0,177044.78802,49063.07
Oscoda,26,135,2014,0.0,240437.9653,49063.07
Oscoda,26,135,2015,0.0,176056.13969,49063.07
Oscoda,26,135,2016,0.0,178397.75622,49063.07
Oscoda,26,135,2017,0.0,202012.27758,49063.07
Oscoda,26,135,2018,0.0,159943.33039,49063.07
Oscoda,26,135,2019,0.0,252151.25099,49063.07
Oscoda,26,135,2020,0.0,324639.57636,49063.07
Ontonagon,26,131,2010,1012.1443899999999,250659.33379,478057.69
Ontonagon,26,131,2011,664.68157,173188.63233,478057.69
Ontonagon,26,131,2012,1230.1031600000001,324677.16454,478057.69
Ontonagon,26,131,2013,744.97938,195815.82108,478057.69
Ontonagon,26,131,2014,826.3895,218250.94009,478057.69
Ontonagon,26,131,2015,632.3188,169971.37900000002,478057.69
Ontonagon,26,131,2016,1041.06432,295906.8745,478057.69
Ontonagon,26,131,2017,1466.6003500000002,416086.85705,478057.69
Ontonagon,26,131,2018,1557.27968,452327.69876,478057.69
Ontonagon,26,131,2019,1887.2634400000002,552864.93767,478057.69
Ontonagon,26,131,2020,1949.97624,593145.94373,478057.69
Presque Isle,26,141,2010,426.28033,119371.22821,290833.12
Presque Isle,26,141,2011,435.2729,119056.92869999999,290833.12
Presque Isle,26,141,2012,719.7848200000001,186092.61364,290833.12
Presque Isle,26,141,2013,657.16186,166347.82322999998,290833.12
Presque Isle,26,141,2014,528.39476,141191.20632,290833.12
Presque Isle,26,141,2015,894.86908,249554.62136,290833.12
Presque Isle,26,141,2016,816.04866,221637.06494,290833.12
Presque Isle,26,141,2017,732.40692,215199.01417,290833.12
Presque Isle,26,141,2018,901.0988699999999,263609.70212,290833.12
Presque Isle,26,141,2019,870.8166699999999,257012.38577,290833.12
Presque Isle,26,141,2020,737.39076,222382.76108,290833.12
Roscommon,26,143,2010,318.04585,83920.78837,49961.16
Roscommon,26,143,2011,442.1424,121650.73464,49961.16
Roscommon,26,143,2012,636.81126,176372.75516,49961.16
Roscommon,26,143,2013,351.47775,95701.7866,49961.16
Roscommon,26,143,2014,421.55189,118025.52077,49961.16
Roscommon,26,143,2015,488.24964,132056.78663,49961.16
Roscommon,26,143,2016,573.65596,159631.94067,49961.16
Roscommon,26,143,2017,947.66149,272799.31518,49961.16
Roscommon,26,143,2018,636.6452,189178.62026,49961.16
Roscommon,26,143,2019,1013.41828,300076.64493,49961.16
Roscommon,26,143,2020,924.41415,271480.19513,49961.16
Tuscola,26,157,2010,70.60628,0.0,108227.16
Tuscola,26,157,2011,27.82926,0.0,108227.16
Tuscola,26,157,2012,24.1589,0.0,108227.16
Tuscola,26,157,2013,46.39786,0.0,108227.16
Tuscola,26,157,2014,36.77394,0.0,108227.16
Tuscola,26,157,2015,77.68751999999999,0.0,108227.16
Tuscola,26,157,2016,78.73688,0.0,108227.16
Tuscola,26,157,2017,133.85802,0.0,108227.16
Tuscola,26,157,2018,112.52086,0.0,108227.16
Tuscola,26,157,2019,136.14345,0.0,108227.16
Tuscola,26,157,2020,133.04618000000002,0.0,108227.16
Shiawassee,26,155,2010,5.02873,0.0,47316.13
Shiawassee,26,155,2011,4.18119,0.0,47316.13
Shiawassee,26,155,2012,1.97759,0.0,47316.13
Shiawassee,26,155,2013,14.97317,0.0,47316.13
Shiawassee,26,155,2014,1.52557,0.0,47316.13
Shiawassee,26,155,2015,3.27715,0.0,47316.13
Shiawassee,26,155,2016,31.07639,0.0,47316.13
Shiawassee,26,155,2017,4.4637,0.0,47316.13
Shiawassee,26,155,2018,5.98927,0.0,47316.13
Shiawassee,26,155,2019,3.16414,0.0,47316.13
Shiawassee,26,155,2020,20.1714,0.0,47316.13
Sanilac,26,151,2010,32.71496,10747.03418,159489.13
Sanilac,26,151,2011,23.39205,6891.83243,159489.13
Sanilac,26,151,2012,25.14363,7615.17991,159489.13
Sanilac,26,151,2013,45.59754,6348.79577,159489.13
Sanilac,26,151,2014,24.12658,6428.94379,159489.13
Sanilac,26,151,2015,18.92835,5391.71435,159489.13
Sanilac,26,151,2016,107.07229,20746.21242,159489.13
Sanilac,26,151,2017,92.94666,24349.36028,159489.13
Sanilac,26,151,2018,71.24969,13140.48475,159489.13
Sanilac,26,151,2019,114.86964,26948.50284,159489.13
Sanilac,26,151,2020,88.36996,26251.25128,159489.13
Saginaw,26,145,2010,10.00095,3054.93922,87873.6
Saginaw,26,145,2011,16.95076,5192.99028,87873.6
Saginaw,26,145,2012,22.71402,7021.82613,87873.6
Saginaw,26,145,2013,37.06566,6927.636619999999,87873.6
Saginaw,26,145,2014,21.18845,6172.09914,87873.6
Saginaw,26,145,2015,20.56692,5883.13941,87873.6
Saginaw,26,145,2016,41.472849999999994,7282.52547,87873.6
Saginaw,26,145,2017,33.90151,10032.42519,87873.6
Saginaw,26,145,2018,91.81661,29069.320170000003,87873.6
Saginaw,26,145,2019,79.72507,24851.71403,87873.6
Saginaw,26,145,2020,74.07481,18799.61603,87873.6
Wexford,26,165,2010,615.61189,0.0,49443.43
Wexford,26,165,2011,413.74743,0.0,49443.43
Wexford,26,165,2012,620.37206,0.0,49443.43
Wexford,26,165,2013,503.36041,0.0,49443.43
Wexford,26,165,2014,547.53037,0.0,49443.43
Wexford,26,165,2015,387.73254,0.0,49443.43
Wexford,26,165,2016,418.67365,0.0,49443.43
Wexford,26,165,2017,680.87051,0.0,49443.43
Wexford,26,165,2018,664.04386,0.0,49443.43
Wexford,26,165,2019,1082.99426,0.0,49443.43
Wexford,26,165,2020,383.85798,0.0,49443.43
Washtenaw,26,161,2010,6.22368,0.0,65071.78
Washtenaw,26,161,2011,8.183,0.0,65071.78
Washtenaw,26,161,2012,20.9185,0.0,65071.78
Washtenaw,26,161,2013,45.06409,0.0,65071.78
Washtenaw,26,161,2014,6.79995,0.0,65071.78
Washtenaw,26,161,2015,2.01693,0.0,65071.78
Washtenaw,26,161,2016,21.66764,0.0,65071.78
Washtenaw,26,161,2017,120.55509,0.0,65071.78
Washtenaw,26,161,2018,72.26391,0.0,65071.78
Washtenaw,26,161,2019,31.348930000000003,0.0,65071.78
Washtenaw,26,161,2020,60.853809999999996,0.0,65071.78
Aitkin,27,001,2010,1533.27345,0.0,185758.98
Aitkin,27,001,2011,1131.85006,0.0,185758.98
Aitkin,27,001,2012,1314.1109700000002,0.0,185758.98
Aitkin,27,001,2013,702.67392,0.0,185758.98
Aitkin,27,001,2014,1678.15652,0.0,185758.98
Aitkin,27,001,2015,939.61664,0.0,185758.98
Aitkin,27,001,2016,1346.07185,0.0,185758.98
Aitkin,27,001,2017,2200.74312,0.0,185758.98
Aitkin,27,001,2018,1262.11153,0.0,185758.98
Aitkin,27,001,2019,1599.40704,0.0,185758.98
Aitkin,27,001,2020,1408.17798,0.0,185758.98
Beltrami,27,007,2010,2229.3130199999996,0.0,365855.12
Beltrami,27,007,2011,1490.78322,0.0,365855.12
Beltrami,27,007,2012,3564.8805799999996,0.0,365855.12
Beltrami,27,007,2013,2199.44291,0.0,365855.12
Beltrami,27,007,2014,2684.58955,0.0,365855.12
Beltrami,27,007,2015,2648.89262,0.0,365855.12
Beltrami,27,007,2016,2921.58288,0.0,365855.12
Beltrami,27,007,2017,3298.59306,0.0,365855.12
Beltrami,27,007,2018,3206.9451799999997,0.0,365855.12
Beltrami,27,007,2019,3392.35817,0.0,365855.12
Beltrami,27,007,2020,2587.64392,0.0,365855.12
Chisago,27,025,2010,0.0,60721.249,61406.51
Chisago,27,025,2011,0.0,47755.38548,61406.51
Chisago,27,025,2012,0.0,26726.89766,61406.51
Chisago,27,025,2013,0.0,20448.40216,61406.51
Chisago,27,025,2014,0.0,70162.225,61406.51
Chisago,27,025,2015,0.0,50085.7553,61406.51
Chisago,27,025,2016,0.0,32558.41835,61406.51
Chisago,27,025,2017,0.0,37082.46531,61406.51
Chisago,27,025,2018,0.0,15342.28975,61406.51
Chisago,27,025,2019,0.0,80488.68841,61406.51
Chisago,27,025,2020,0.0,37428.87125,61406.51
Dakota,31,043,2010,0.0,755.95741,27604.06
Dakota,31,043,2011,0.0,879.90043,27604.06
Dakota,31,043,2012,0.0,3511.1035300000003,27604.06
Dakota,31,043,2013,0.0,2246.08141,27604.06
Dakota,31,043,2014,0.0,4115.8902,27604.06
Dakota,31,043,2015,0.0,1323.28676,27604.06
Dakota,31,043,2016,0.0,1084.9124100000001,27604.06
Dakota,31,043,2017,0.0,3479.95021,27604.06
Dakota,31,043,2018,0.0,1415.78629,27604.06
Dakota,31,043,2019,0.0,170.59711,27604.06
Dakota,31,043,2020,0.0,3248.84681,27604.06
Cottonwood,27,033,2010,0.0,177.50957,61494.86
Cottonwood,27,033,2011,0.0,236.50779,61494.86
Cottonwood,27,033,2012,0.0,382.32223,61494.86
Cottonwood,27,033,2013,0.0,1168.24527,61494.86
Cottonwood,27,033,2014,0.0,504.35630000000003,61494.86
Cottonwood,27,033,2016,0.0,193.23934,61494.86
Cottonwood,27,033,2017,0.0,403.35176,61494.86
Cottonwood,27,033,2020,0.0,1036.44894,61494.86
Fillmore,31,059,2010,0.58723,0.0,49188.16
Fillmore,31,059,2011,0.17617,0.0,49188.16
Fillmore,31,059,2012,0.5872299999999999,0.0,49188.16
Fillmore,31,059,2013,4.2280500000000005,0.0,49188.16
Fillmore,31,059,2014,2.46636,0.0,49188.16
Fillmore,31,059,2015,0.93957,0.0,49188.16
Fillmore,31,059,2016,7.39909,0.0,49188.16
Fillmore,31,059,2017,4.46295,0.0,49188.16
Fillmore,31,059,2018,2.34892,0.0,49188.16
Fillmore,31,059,2019,0.58723,0.0,49188.16
Fillmore,31,059,2020,0.23489,0.0,49188.16
Freeborn,27,047,2010,0.0,252.72729,61544.41
Freeborn,27,047,2011,0.0,598.48739,61544.41
Freeborn,27,047,2012,0.0,483.10505,61544.41
Freeborn,27,047,2013,0.0,1129.49966,61544.41
Freeborn,27,047,2014,0.0,2274.8193300000003,61544.41
Freeborn,27,047,2015,0.0,99.78390999999999,61544.41
Freeborn,27,047,2016,0.0,533.29523,61544.41
Freeborn,27,047,2017,0.0,494.84051,61544.41
Freeborn,27,047,2020,0.0,838.2891599999999,61544.41
Goodhue,27,049,2010,6.58675,0.0,120481.13
Goodhue,27,049,2011,26.84515,0.0,120481.13
Goodhue,27,049,2012,19.09603,0.0,120481.13
Goodhue,27,049,2013,65.70143,0.0,120481.13
Goodhue,27,049,2014,75.33248,0.0,120481.13
Goodhue,27,049,2015,22.08498,0.0,120481.13
Goodhue,27,049,2016,11.40227,0.0,120481.13
Goodhue,27,049,2017,19.981650000000002,0.0,120481.13
Goodhue,27,049,2018,51.42091,0.0,120481.13
Goodhue,27,049,2019,34.926370000000006,0.0,120481.13
Goodhue,27,049,2020,20.47981,0.0,120481.13
Hubbard,27,057,2010,1522.63933,0.0,88461.27
Hubbard,27,057,2011,1176.1299,0.0,88461.27
Hubbard,27,057,2012,1491.91853,0.0,88461.27
Hubbard,27,057,2013,1504.84245,0.0,88461.27
Hubbard,27,057,2014,1795.6307,0.0,88461.27
Hubbard,27,057,2015,1282.16963,0.0,88461.27
Hubbard,27,057,2016,1884.45618,0.0,88461.27
Hubbard,27,057,2017,2075.34887,0.0,88461.27
Hubbard,27,057,2018,1113.9467599999998,0.0,88461.27
Hubbard,27,057,2019,1608.2867999999999,0.0,88461.27
Hubbard,27,057,2020,1613.4245799999999,0.0,88461.27
Isanti,27,059,2010,77.95367,20323.04794,45362.3
Isanti,27,059,2011,25.56924,6348.54428,45362.3
Isanti,27,059,2012,36.02445,9115.50572,45362.3
Isanti,27,059,2013,26.86937,2681.79527,45362.3
Isanti,27,059,2014,49.83834,8679.5641,45362.3
Isanti,27,059,2015,25.19003,5181.51834,45362.3
Isanti,27,059,2016,39.92485,8650.03807,45362.3
Isanti,27,059,2017,46.96722,10587.1746,45362.3
Isanti,27,059,2018,43.39186,9479.02207,45362.3
Isanti,27,059,2019,62.02707,14915.27185,45362.3
Isanti,27,059,2020,19.28527,3318.84379,45362.3
Mahnomen,27,087,2010,65.25521,0.0,49870.18
Mahnomen,27,087,2011,16.89521,0.0,49870.18
Mahnomen,27,087,2012,107.73466,0.0,49870.18
Mahnomen,27,087,2013,53.54953,0.0,49870.18
Mahnomen,27,087,2014,145.12929,0.0,49870.18
Mahnomen,27,087,2015,108.10421,0.0,49870.18
Mahnomen,27,087,2016,123.0421,0.0,49870.18
Mahnomen,27,087,2017,162.44947,0.0,49870.18
Mahnomen,27,087,2018,141.78499,0.0,49870.18
Mahnomen,27,087,2019,172.19538,0.0,49870.18
Mahnomen,27,087,2020,135.96602,0.0,49870.18
Meeker,27,093,2010,2.22812,0.0,63357.59
Meeker,27,093,2011,2.7781,0.0,63357.59
Meeker,27,093,2012,4.73891,0.0,63357.59
Meeker,27,093,2013,7.28382,0.0,63357.59
Meeker,27,093,2014,12.22527,0.0,63357.59
Meeker,27,093,2015,1.3708,0.0,63357.59
Meeker,27,093,2016,4.38794,0.0,63357.59
Meeker,27,093,2017,3.2762599999999997,0.0,63357.59
Meeker,27,093,2018,0.16252,0.0,63357.59
Meeker,27,093,2019,37.59544,0.0,63357.59
Meeker,27,093,2020,4.40562,0.0,63357.59
McLeod,27,085,2010,2.32473,312.05404,49738.66
McLeod,27,085,2011,1.49447,187.36728,49738.66
McLeod,27,085,2012,2.87824,468.47549,49738.66
McLeod,27,085,2013,9.46499,607.24375,49738.66
McLeod,27,085,2014,9.85245,1731.80836,49738.66
McLeod,27,085,2015,0.2214,22.89587,49738.66
McLeod,27,085,2016,0.49816,112.03446,49738.66
McLeod,27,085,2017,17.60156,4239.53807,49738.66
McLeod,27,085,2020,6.25464,853.56426,49738.66
Mille Lacs,27,095,2010,150.38178000000002,0.0,74266.76
Mille Lacs,27,095,2011,41.71253,0.0,74266.76
Mille Lacs,27,095,2012,64.08561,0.0,74266.76
Mille Lacs,27,095,2013,49.02576,0.0,74266.76
Mille Lacs,27,095,2014,101.5727,0.0,74266.76
Mille Lacs,27,095,2015,83.42505,0.0,74266.76
Mille Lacs,27,095,2016,97.45563,0.0,74266.76
Mille Lacs,27,095,2017,104.22713999999999,0.0,74266.76
Mille Lacs,27,095,2018,101.41019,0.0,74266.76
Mille Lacs,27,095,2019,313.49399999999997,0.0,74266.76
Mille Lacs,27,095,2020,98.32238,0.0,74266.76
Nicollet,27,103,2010,12.12183,0.0,75791.87
Nicollet,27,103,2011,8.85613,0.0,75791.87
Nicollet,27,103,2012,12.06648,0.0,75791.87
Nicollet,27,103,2013,22.58314,0.0,75791.87
Nicollet,27,103,2014,7.30631,0.0,75791.87
Nicollet,27,103,2015,8.91148,0.0,75791.87
Nicollet,27,103,2016,2.32473,0.0,75791.87
Nicollet,27,103,2017,4.04061,0.0,75791.87
Nicollet,27,103,2020,1.60517,0.0,75791.87
Mower,27,099,2010,0.11301,12.36682,61661.37
Mower,27,099,2011,2.4446499999999998,95.62571,61661.37
Mower,27,099,2012,0.8394699999999999,167.6667,61661.37
Mower,27,099,2013,56.64522,2311.8219599999998,61661.37
Mower,27,099,2014,3.94597,577.38749,61661.37
Mower,27,099,2015,0.28252,10.65131,61661.37
Mower,27,099,2016,2.30739,290.51691,61661.37
Mower,27,099,2017,4.87772,903.59601,61661.37
Mower,27,099,2018,1.33303,205.15124,61661.37
Mower,27,099,2020,1.86113,243.53928,61661.37
Nobles,27,105,2010,0.16951,0.0,61813.04
Nobles,27,105,2011,0.33325,31.85236,61813.04
Nobles,27,105,2012,0.95709,108.205,61813.04
Nobles,27,105,2013,13.60336,535.26848,61813.04
Nobles,27,105,2014,4.27001,553.09232,61813.04
Nobles,27,105,2016,0.7310800000000001,186.92622,61813.04
Nobles,27,105,2017,0.22601,4.45086,61813.04
Nobles,27,105,2019,11.84595,525.54217,61813.04
Nobles,27,105,2020,0.44281,62.7236,61813.04
Otter Tail,27,111,2010,190.41009,0.0,194637.58
Otter Tail,27,111,2011,43.4378,0.0,194637.58
Otter Tail,27,111,2012,56.795159999999996,0.0,194637.58
Otter Tail,27,111,2013,130.22807,0.0,194637.58
Otter Tail,27,111,2014,105.04279,0.0,194637.58
Otter Tail,27,111,2015,37.52346,0.0,194637.58
Otter Tail,27,111,2016,53.41017,0.0,194637.58
Otter Tail,27,111,2017,191.71330999999998,0.0,194637.58
Otter Tail,27,111,2018,135.41236999999998,0.0,194637.58
Otter Tail,27,111,2019,134.07158,0.0,194637.58
Otter Tail,27,111,2020,44.26484,0.0,194637.58
Norman,27,107,2010,3.91955,0.0,77527.32
Norman,27,107,2011,3.01912,0.0,77527.32
Norman,27,107,2012,46.7168,0.0,77527.32
Norman,27,107,2013,47.617239999999995,0.0,77527.32
Norman,27,107,2014,65.25522000000001,0.0,77527.32
Norman,27,107,2015,17.05534,0.0,77527.32
Norman,27,107,2016,11.81161,0.0,77527.32
Norman,27,107,2017,25.63598,0.0,77527.32
Norman,27,107,2018,57.62798,0.0,77527.32
Norman,27,107,2019,25.212249999999997,0.0,77527.32
Olmsted,27,109,2010,0.27675,82.34998,64575.17
Olmsted,27,109,2011,10.295259999999999,2666.43515,64575.17
Olmsted,27,109,2012,20.53516,4520.8815,64575.17
Olmsted,27,109,2013,20.75656,2858.74331,64575.17
Olmsted,27,109,2014,24.85252,4168.03792,64575.17
Olmsted,27,109,2015,3.87456,759.86113,64575.17
Olmsted,27,109,2016,22.41708,2927.05688,64575.17
Olmsted,27,109,2017,16.38384,3252.8499,64575.17
Olmsted,27,109,2018,31.21786,7109.9664999999995,64575.17
Olmsted,27,109,2019,12.73069,1900.38971,64575.17
Olmsted,27,109,2020,10.29526,2376.01396,64575.17
Ramsey,38,071,2010,70.77445,0.0,154814.3
Ramsey,38,071,2011,27.98902,0.0,154814.3
Ramsey,38,071,2012,58.04747,0.0,154814.3
Ramsey,38,071,2013,43.509730000000005,0.0,154814.3
Ramsey,38,071,2014,19.29742,0.0,154814.3
Ramsey,38,071,2015,0.10347,0.0,154814.3
Ramsey,38,071,2016,0.7243,0.0,154814.3
Ramsey,38,071,2017,3.00067,0.0,154814.3
Ramsey,38,071,2019,2.22464,0.0,154814.3
Red Lake,27,125,2010,9.20895,0.0,43264.95
Red Lake,27,125,2011,45.010070000000006,0.0,43264.95
Red Lake,27,125,2012,45.68263,0.0,43264.95
Red Lake,27,125,2013,62.39327,0.0,43264.95
Red Lake,27,125,2014,146.4638,0.0,43264.95
Red Lake,27,125,2015,99.59125,0.0,43264.95
Red Lake,27,125,2016,15.41725,0.0,43264.95
Red Lake,27,125,2017,24.16057,0.0,43264.95
Red Lake,27,125,2018,130.99482,0.0,43264.95
Red Lake,27,125,2019,43.76841,0.0,43264.95
Red Lake,27,125,2020,55.25373999999999,0.0,43264.95
Rock,55,105,2010,6.76398,0.0,63054.29
Rock,55,105,2011,2.94038,0.0,63054.29
Rock,55,105,2012,8.35646,0.0,63054.29
Rock,55,105,2013,26.22055,0.0,63054.29
Rock,55,105,2014,7.97922,0.0,63054.29
Rock,55,105,2015,3.95518,0.0,63054.29
Rock,55,105,2016,4.01168,0.0,63054.29
Rock,55,105,2017,13.85099,0.0,63054.29
Rock,55,105,2018,11.69602,0.0,63054.29
Rock,55,105,2019,22.82702,0.0,63054.29
Rock,55,105,2020,14.646519999999999,0.0,63054.29
Sherburne,27,141,2010,79.84969,17027.16285,57534.75
Sherburne,27,141,2011,41.55001,9089.34489,57534.75
Sherburne,27,141,2012,55.30972,11918.8349,57534.75
Sherburne,27,141,2013,55.09303,7224.3605,57534.75
Sherburne,27,141,2014,76.43684,14521.328300000001,57534.75
Sherburne,27,141,2015,20.31454,4828.73128,57534.75
Sherburne,27,141,2016,144.58536,34652.10449,57534.75
Sherburne,27,141,2017,108.34422,24693.38379,57534.75
Sherburne,27,141,2018,286.46211999999997,64273.49188,57534.75
Sherburne,27,141,2019,105.63561,21999.43415,57534.75
Sherburne,27,141,2020,91.00914,19469.465239999998,57534.75
St. Louis,29,510,2010,5.11337,0.0,11869.71
St. Louis,29,510,2011,7.992089999999999,0.0,11869.71
St. Louis,29,510,2012,9.71401,0.0,11869.71
St. Louis,29,510,2013,43.30342,0.0,11869.71
St. Louis,29,510,2014,19.38382,0.0,11869.71
St. Louis,29,510,2015,15.32902,0.0,11869.71
St. Louis,29,510,2016,2.5475600000000003,0.0,11869.71
St. Louis,29,510,2017,11.61739,0.0,11869.71
St. Louis,29,510,2018,2.4311,0.0,11869.71
St. Louis,29,510,2019,1.45991,0.0,11869.71
St. Louis,29,510,2020,3.58894,0.0,11869.71
Stearns,27,145,2010,0.0,8018.4224300000005,153425.89
Stearns,27,145,2011,0.0,8110.660669999999,153425.89
Stearns,27,145,2012,0.0,6480.7312,153425.89
Stearns,27,145,2013,0.0,5088.13169,153425.89
Stearns,27,145,2014,0.0,12962.194010000001,153425.89
Stearns,27,145,2015,0.0,1632.31866,153425.89
Stearns,27,145,2016,0.0,3506.3786,153425.89
Stearns,27,145,2017,0.0,3696.1665700000003,153425.89
Stearns,27,145,2018,0.0,8919.53479,153425.89
Stearns,27,145,2019,0.0,5923.5382500000005,153425.89
Stearns,27,145,2020,0.0,7526.15603,153425.89
Steele,38,091,2010,2.92921,0.0,63770.48
Steele,38,091,2011,5.77834,0.0,63770.48
Steele,38,091,2012,7.16286,0.0,63770.48
Steele,38,091,2013,17.4779,0.0,63770.48
Steele,38,091,2014,3.83457,0.0,63770.48
Steele,38,091,2015,0.1589,0.0,63770.48
Steele,38,091,2016,1.41902,0.0,63770.48
Steele,38,091,2017,1.2711999999999999,0.0,63770.48
Swift,27,151,2010,0.0,84.17397,65236.36
Swift,27,151,2011,0.0,155.97509,65236.36
Swift,27,151,2012,0.0,1100.49146,65236.36
Swift,27,151,2013,0.0,1778.99788,65236.36
Swift,27,151,2014,0.0,736.79929,65236.36
Swift,27,151,2016,0.0,614.66445,65236.36
Swift,27,151,2017,0.0,1570.36519,65236.36
Swift,27,151,2019,0.0,2335.09979,65236.36
Wabasha,27,157,2010,4.594119999999999,0.0,70298.25
Wabasha,27,157,2011,21.36542,0.0,70298.25
Wabasha,27,157,2012,24.797169999999998,0.0,70298.25
Wabasha,27,157,2013,33.98541,0.0,70298.25
Wabasha,27,157,2014,42.01128,0.0,70298.25
Wabasha,27,157,2015,9.07753,0.0,70298.25
Wabasha,27,157,2016,14.11446,0.0,70298.25
Wabasha,27,157,2017,18.985329999999998,0.0,70298.25
Wabasha,27,157,2018,14.88937,0.0,70298.25
Wabasha,27,157,2019,15.99639,0.0,70298.25
Wabasha,27,157,2020,6.9742,0.0,70298.25
Watonwan,27,165,2010,0.55351,0.0,37494.83
Watonwan,27,165,2011,0.77491,0.0,37494.83
Watonwan,27,165,2012,1.43912,0.0,37494.83
Watonwan,27,165,2013,16.82665,0.0,37494.83
Watonwan,27,165,2014,3.5978,0.0,37494.83
Watonwan,27,165,2015,0.16605,0.0,37494.83
Watonwan,27,165,2016,0.66421,0.0,37494.83
Watonwan,27,165,2017,1.38377,0.0,37494.83
Watonwan,27,165,2020,6.30999,0.0,37494.83
Attala,28,007,2010,5273.67838,2190438.61924,89955.3
Attala,28,007,2011,3845.77591,1633048.21096,89955.3
Attala,28,007,2012,4088.86994,1658806.86706,89955.3
Attala,28,007,2013,4830.89536,1715354.01595,89955.3
Attala,28,007,2014,4991.8368,1870752.2911,89955.3
Attala,28,007,2015,5284.93393,2025198.24878,89955.3
Attala,28,007,2016,4987.63214,1956126.69067,89955.3
Attala,28,007,2017,5395.41945,2279990.28356,89955.3
Attala,28,007,2018,5217.14188,2185297.30179,89955.3
Attala,28,007,2019,4414.43998,1826741.39079,89955.3
Attala,28,007,2020,4431.25862,1848900.60461,89955.3
Coahoma,28,027,2010,81.87828,0.0,101944.82
Coahoma,28,027,2011,96.99132,0.0,101944.82
Coahoma,28,027,2012,81.17683,0.0,101944.82
Coahoma,28,027,2013,293.52469,0.0,101944.82
Coahoma,28,027,2014,221.33917,0.0,101944.82
Coahoma,28,027,2015,142.90437,0.0,101944.82
Coahoma,28,027,2016,252.39425,0.0,101944.82
Coahoma,28,027,2017,346.19716,0.0,101944.82
Coahoma,28,027,2018,261.8957,0.0,101944.82
Coahoma,28,027,2019,57.45508,0.0,101944.82
Coahoma,28,027,2020,28.69566,0.0,101944.82
Copiah,28,029,2010,0.0,1901708.23181,79320.81
Copiah,28,029,2011,0.0,1799771.75333,79320.81
Copiah,28,029,2012,0.0,1874374.51433,79320.81
Copiah,28,029,2013,0.0,1717530.92507,79320.81
Copiah,28,029,2014,0.0,2041942.38404,79320.81
Copiah,28,029,2015,0.0,2092559.79511,79320.81
Copiah,28,029,2016,0.0,2487959.35291,79320.81
Copiah,28,029,2017,0.0,1772732.49055,79320.81
Copiah,28,029,2018,0.0,1594969.79795,79320.81
Copiah,28,029,2019,0.0,1740766.41986,79320.81
Copiah,28,029,2020,0.0,1387966.27563,79320.81
Forrest,28,035,2010,0.0,981035.55826,57250.11
Forrest,28,035,2011,0.0,439963.81724,57250.11
Forrest,28,035,2012,0.0,579537.03937,57250.11
Forrest,28,035,2013,0.0,350848.50892,57250.11
Forrest,28,035,2014,0.0,489062.36331,57250.11
Forrest,28,035,2015,0.0,456418.80098,57250.11
Forrest,28,035,2016,0.0,658010.88838,57250.11
Forrest,28,035,2017,0.0,742744.99814,57250.11
Forrest,28,035,2018,0.0,399999.05767,57250.11
Forrest,28,035,2019,0.0,394034.59103,57250.11
Forrest,28,035,2020,0.0,383709.78410000005,57250.11
Grenada,28,043,2010,0.0,373674.84484,47261.93
Grenada,28,043,2011,0.0,359576.02838,47261.93
Grenada,28,043,2012,0.0,274725.7743,47261.93
Grenada,28,043,2013,0.0,528692.11255,47261.93
Grenada,28,043,2014,0.0,431607.58412,47261.93
Grenada,28,043,2015,0.0,511770.04056,47261.93
Grenada,28,043,2016,0.0,775998.0411599999,47261.93
Grenada,28,043,2017,0.0,553236.38725,47261.93
Grenada,28,043,2018,0.0,652290.98625,47261.93
Grenada,28,043,2019,0.0,551453.74241,47261.93
Grenada,28,043,2020,0.0,383572.86688,47261.93
Itawamba,28,057,2010,1993.32789,0.0,49466.17
Itawamba,28,057,2011,2104.92212,0.0,49466.17
Itawamba,28,057,2012,2015.00906,0.0,49466.17
Itawamba,28,057,2013,2314.08157,0.0,49466.17
Itawamba,28,057,2014,2341.37433,0.0,49466.17
Itawamba,28,057,2015,2115.06125,0.0,49466.17
Itawamba,28,057,2016,2390.66709,0.0,49466.17
Itawamba,28,057,2017,2052.37718,0.0,49466.17
Itawamba,28,057,2018,2224.23228,0.0,49466.17
Itawamba,28,057,2019,1832.12207,0.0,49466.17
Itawamba,28,057,2020,1719.25248,0.0,49466.17
Issaquena,28,055,2010,0.0,280601.9268,107302.03
Issaquena,28,055,2011,0.0,160280.55761999998,107302.03
Issaquena,28,055,2012,0.0,257821.8724,107302.03
Issaquena,28,055,2013,0.0,185136.61732000002,107302.03
Issaquena,28,055,2014,0.0,278465.23982,107302.03
Issaquena,28,055,2015,0.0,183735.98303,107302.03
Issaquena,28,055,2016,0.0,147698.59126000002,107302.03
Issaquena,28,055,2017,0.0,265558.95613,107302.03
Issaquena,28,055,2018,0.0,251307.29531000002,107302.03
Issaquena,28,055,2019,0.0,53967.728319999995,107302.03
Issaquena,28,055,2020,0.0,148373.32184,107302.03
Pearl River,28,109,2010,0.0,1183271.11683,99616.2
Pearl River,28,109,2011,0.0,1117293.69352,99616.2
Pearl River,28,109,2012,0.0,1432621.88434,99616.2
Pearl River,28,109,2013,0.0,659105.1414,99616.2
Pearl River,28,109,2014,0.0,845606.89055,99616.2
Pearl River,28,109,2015,0.0,1135699.92472,99616.2
Pearl River,28,109,2016,0.0,1438212.97755,99616.2
Pearl River,28,109,2017,0.0,1166773.44117,99616.2
Pearl River,28,109,2018,0.0,922267.62552,99616.2
Pearl River,28,109,2019,0.0,1161299.78633,99616.2
Pearl River,28,109,2020,0.0,1071166.8891,99616.2
Humphreys,47,085,2010,1145.68588,382955.29304,71464.04
Humphreys,47,085,2011,1534.91001,521743.49171,71464.04
Humphreys,47,085,2012,1165.41092,412678.67939,71464.04
Humphreys,47,085,2013,1170.31077,398165.6076,71464.04
Humphreys,47,085,2014,1041.97235,348214.33074,71464.04
Humphreys,47,085,2015,893.59478,306626.78987,71464.04
Humphreys,47,085,2016,1224.58606,410012.50233,71464.04
Humphreys,47,085,2017,866.3315,296487.24482,71464.04
Humphreys,47,085,2018,439.7303,146994.42768,71464.04
Humphreys,47,085,2019,777.44316,265960.0672,71464.04
Humphreys,47,085,2020,2003.66251,730118.10485,71464.04
George,28,039,2010,1607.31702,625534.35891,43618.61
George,28,039,2011,896.0319,359489.14707,43618.61
George,28,039,2012,1107.55071,424605.61373,43618.61
George,28,039,2013,968.90757,316088.80987,43618.61
George,28,039,2014,1366.76753,432306.38048,43618.61
George,28,039,2015,1455.05537,465921.95845000003,43618.61
George,28,039,2016,1701.1187,555403.91463,43618.61
George,28,039,2017,1240.1485500000001,402617.28374000004,43618.61
George,28,039,2018,1316.81083,471006.89154,43618.61
George,28,039,2019,1424.3638799999999,505285.14842,43618.61
George,28,039,2020,1103.9633900000001,388708.70141,43618.61
Tallahatchie,28,135,2010,470.22431,170679.90344999998,83523.48
Tallahatchie,28,135,2011,439.96227,171039.33795000002,83523.48
Tallahatchie,28,135,2012,536.90748,191719.34751,83523.48
Tallahatchie,28,135,2013,560.99378,156306.95014,83523.48
Tallahatchie,28,135,2014,566.57239,182804.40014,83523.48
Tallahatchie,28,135,2015,942.34888,317743.96283,83523.48
Tallahatchie,28,135,2016,644.08133,216576.18656,83523.48
Tallahatchie,28,135,2017,636.9096,197284.09941999998,83523.48
Tallahatchie,28,135,2018,602.83686,208987.15369,83523.48
Tallahatchie,28,135,2019,380.01012000000003,125197.0937,83523.48
Tallahatchie,28,135,2020,513.2294899999999,163115.78547,83523.48
Tunica,28,143,2010,93.10147,0.0,61558.03
Tunica,28,143,2011,83.47248,0.0,61558.03
Tunica,28,143,2012,59.43189,0.0,61558.03
Tunica,28,143,2013,82.89857,0.0,61558.03
Tunica,28,143,2014,60.19711,0.0,61558.03
Tunica,28,143,2015,68.86958,0.0,61558.03
Tunica,28,143,2016,129.06669,0.0,61558.03
Tunica,28,143,2017,78.56233,0.0,61558.03
Tunica,28,143,2018,93.16523,0.0,61558.03
Tunica,28,143,2019,40.74783,0.0,61558.03
Tunica,28,143,2020,18.93913,0.0,61558.03
Yalobusha,28,161,2010,1580.04666,0.0,46569.73
Yalobusha,28,161,2011,905.95379,0.0,46569.73
Yalobusha,28,161,2012,1164.08716,0.0,46569.73
Yalobusha,28,161,2013,1603.32203,0.0,46569.73
Yalobusha,28,161,2014,1141.51325,0.0,46569.73
Yalobusha,28,161,2015,970.42336,0.0,46569.73
Yalobusha,28,161,2016,1551.54231,0.0,46569.73
Yalobusha,28,161,2017,1064.73642,0.0,46569.73
Yalobusha,28,161,2018,987.00307,0.0,46569.73
Yalobusha,28,161,2019,1273.4495,0.0,46569.73
Yalobusha,28,161,2020,850.28421,0.0,46569.73
Yazoo,28,163,2010,3247.35579,0.0,140972.0
Yazoo,28,163,2011,1517.55875,0.0,140972.0
Yazoo,28,163,2012,1266.18478,0.0,140972.0
Yazoo,28,163,2013,1524.28621,0.0,140972.0
Yazoo,28,163,2014,1645.18635,0.0,140972.0
Yazoo,28,163,2015,2014.4201600000001,0.0,140972.0
Yazoo,28,163,2016,1910.27398,0.0,140972.0
Yazoo,28,163,2017,2775.26953,0.0,140972.0
Yazoo,28,163,2018,1946.11061,0.0,140972.0
Yazoo,28,163,2019,2291.9924,0.0,140972.0
Yazoo,28,163,2020,1627.20334,0.0,140972.0
Andrew,29,003,2010,0.0,571.183,44299.25
Andrew,29,003,2011,0.0,1113.99901,44299.25
Andrew,29,003,2012,0.0,7734.20742,44299.25
Andrew,29,003,2013,0.0,2472.36656,44299.25
Andrew,29,003,2014,0.0,4701.964739999999,44299.25
Andrew,29,003,2015,0.0,2803.53128,44299.25
Andrew,29,003,2016,0.0,5879.98479,44299.25
Andrew,29,003,2017,0.0,7821.204100000001,44299.25
Andrew,29,003,2018,0.0,5929.32784,44299.25
Andrew,29,003,2019,0.0,1852.76756,44299.25
Andrew,29,003,2020,0.0,4075.1682499999997,44299.25
Bollinger,29,017,2010,0.0,47886.19962,65482.94
Bollinger,29,017,2011,0.0,127429.21315,65482.94
Bollinger,29,017,2012,0.0,68363.02669,65482.94
Bollinger,29,017,2013,0.0,148889.24576,65482.94
Bollinger,29,017,2014,0.0,36603.812509999996,65482.94
Bollinger,29,017,2015,0.0,29453.24232,65482.94
Bollinger,29,017,2016,0.0,61611.00964,65482.94
Bollinger,29,017,2017,0.0,87922.44684,65482.94
Bollinger,29,017,2018,0.0,85568.21998000001,65482.94
Bollinger,29,017,2019,0.0,57765.70093,65482.94
Bollinger,29,017,2020,0.0,36106.91106,65482.94
Bates,29,013,2010,14.96405,0.0,81371.75
Bates,29,013,2011,33.33454,0.0,81371.75
Bates,29,013,2012,61.55941,0.0,81371.75
Bates,29,013,2013,54.32071,0.0,81371.75
Bates,29,013,2014,140.02942,0.0,81371.75
Bates,29,013,2015,23.41934,0.0,81371.75
Bates,29,013,2016,64.66172,0.0,81371.75
Bates,29,013,2017,82.30226,0.0,81371.75
Bates,29,013,2018,45.37878,0.0,81371.75
Bates,29,013,2019,32.4221,0.0,81371.75
Bates,29,013,2020,44.89214,0.0,81371.75
Callaway,29,027,2010,84.24859000000001,25659.01264,95126.16
Callaway,29,027,2011,98.01509,30525.665609999996,95126.16
Callaway,29,027,2012,377.0356,87413.21763,95126.16
Callaway,29,027,2013,235.15403,41760.50396,95126.16
Callaway,29,027,2014,520.1401000000001,128997.77872999999,95126.16
Callaway,29,027,2015,51.669619999999995,12925.21076,95126.16
Callaway,29,027,2016,159.64584,41542.412769999995,95126.16
Callaway,29,027,2017,214.81771,58483.95859,95126.16
Callaway,29,027,2018,142.65030000000002,38934.486130000005,95126.16
Callaway,29,027,2019,67.08232,17836.26038,95126.16
Callaway,29,027,2020,79.35025,22179.23706,95126.16
Cape Girardeau,29,031,2010,51.0969,0.0,69280.58
Cape Girardeau,29,031,2011,131.9305,0.0,69280.58
Cape Girardeau,29,031,2012,136.98211,0.0,69280.58
Cape Girardeau,29,031,2013,247.28589,0.0,69280.58
Cape Girardeau,29,031,2014,53.16686,0.0,69280.58
Cape Girardeau,29,031,2015,63.12999,0.0,69280.58
Cape Girardeau,29,031,2016,75.99551,0.0,69280.58
Cape Girardeau,29,031,2017,173.47059,0.0,69280.58
Cape Girardeau,29,031,2018,90.96584,0.0,69280.58
Cape Girardeau,29,031,2019,54.26429,0.0,69280.58
Cape Girardeau,29,031,2020,63.36045,0.0,69280.58
Sharkey,28,125,2010,167.21609,0.0,45943.38
Sharkey,28,125,2011,115.66049,0.0,45943.38
Sharkey,28,125,2012,103.82275,0.0,45943.38
Sharkey,28,125,2013,28.46231,0.0,45943.38
Sharkey,28,125,2014,34.60758,0.0,45943.38
Sharkey,28,125,2015,176.59571,0.0,45943.38
Sharkey,28,125,2016,83.5757,0.0,45943.38
Sharkey,28,125,2017,58.73586,0.0,45943.38
Sharkey,28,125,2018,51.94372,0.0,45943.38
Sharkey,28,125,2019,5.69246,0.0,45943.38
Sharkey,28,125,2020,125.68698,0.0,45943.38
Sunflower,28,133,2010,27.418129999999998,8633.33248,76333.86
Sunflower,28,133,2011,17.777,6240.40061,76333.86
Sunflower,28,133,2012,16.5937,3838.07038,76333.86
Sunflower,28,133,2013,25.67505,2845.32181,76333.86
Sunflower,28,133,2014,42.864000000000004,8591.29237,76333.86
Sunflower,28,133,2015,66.43746,14832.31946,76333.86
Sunflower,28,133,2016,45.16917,15921.13276,76333.86
Sunflower,28,133,2017,12.45152,2069.37415,76333.86
Sunflower,28,133,2018,38.16537,5603.87486,76333.86
Sunflower,28,133,2019,2.84623,688.91684,76333.86
Sunflower,28,133,2020,69.44983,26802.28945,76333.86
Tippah,28,139,2010,1849.7858299999998,670204.42165,49475.99
Tippah,28,139,2011,1038.46396,397011.67277,49475.99
Tippah,28,139,2012,763.17695,287339.07772,49475.99
Tippah,28,139,2013,733.07839,246918.42067,49475.99
Tippah,28,139,2014,890.1392900000001,279142.64128,49475.99
Tippah,28,139,2015,1005.5596,323469.04532000003,49475.99
Tippah,28,139,2016,1992.3075999999999,541765.89786,49475.99
Tippah,28,139,2017,1859.03222,588211.47326,49475.99
Tippah,28,139,2018,859.2117499999999,261749.46029000002,49475.99
Tippah,28,139,2019,930.5682899999999,273674.62976,49475.99
Tippah,28,139,2020,954.16249,243072.79319,49475.99
Tate,28,137,2010,260.17395999999997,0.0,42252.46
Tate,28,137,2011,125.68697999999999,0.0,42252.46
Tate,28,137,2012,278.02904,0.0,42252.46
Tate,28,137,2013,409.07254,0.0,42252.46
Tate,28,137,2014,390.77108,0.0,42252.46
Tate,28,137,2015,390.13340000000005,0.0,42252.46
Tate,28,137,2016,367.75079,0.0,42252.46
Tate,28,137,2017,277.51889,0.0,42252.46
Tate,28,137,2018,458.74790999999993,0.0,42252.46
Tate,28,137,2019,217.70438000000001,0.0,42252.46
Tate,28,137,2020,276.88121,0.0,42252.46
Audrain,29,007,2010,0.0,3150.56811,82370.55
Audrain,29,007,2011,0.0,2439.88488,82370.55
Audrain,29,007,2012,0.0,22541.08617,82370.55
Audrain,29,007,2013,0.0,19479.08195,82370.55
Audrain,29,007,2014,0.0,47637.49811,82370.55
Audrain,29,007,2015,0.0,2178.20265,82370.55
Audrain,29,007,2016,0.0,4663.23759,82370.55
Audrain,29,007,2017,0.0,8461.30005,82370.55
Audrain,29,007,2018,0.0,10031.09748,82370.55
Audrain,29,007,2019,0.0,8760.03113,82370.55
Audrain,29,007,2020,0.0,4575.06905,82370.55
Cooper,29,053,2010,18.52563,5136.30955,68360.34
Cooper,29,053,2011,25.350659999999998,7593.511640000001,68360.34
Cooper,29,053,2012,128.03576999999999,26337.234180000003,68360.34
Cooper,29,053,2013,78.84077,10440.18181,68360.34
Cooper,29,053,2014,128.40906999999999,22659.97451,68360.34
Cooper,29,053,2015,27.21189,5462.42547,68360.34
Cooper,29,053,2016,119.92629,26844.79903,68360.34
Cooper,29,053,2017,159.99756,35498.475959999996,68360.34
Cooper,29,053,2018,67.53203,15604.941640000001,68360.34
Cooper,29,053,2019,23.78409,5518.02769,68360.34
Cooper,29,053,2020,22.40014,4341.74615,68360.34
Chariton,29,041,2010,32.46632,8227.35128,91056.17
Chariton,29,041,2011,45.73984,11478.70654,91056.17
Chariton,29,041,2012,88.78911,19348.5227,91056.17
Chariton,29,041,2013,239.58111,33157.65318,91056.17
Chariton,29,041,2014,107.20462,21215.70603,91056.17
Chariton,29,041,2015,19.31238,5006.17957,91056.17
Chariton,29,041,2016,119.46171,29812.49257,91056.17
Chariton,29,041,2017,107.02525,20661.39254,91056.17
Chariton,29,041,2018,93.45278,21718.83892,91056.17
Chariton,29,041,2019,24.03584,6723.43368,91056.17
Chariton,29,041,2020,34.79815,8066.89002,91056.17
Gasconade,29,073,2010,86.19534,0.0,49932.71
Gasconade,29,073,2011,59.0654,0.0,49932.71
Gasconade,29,073,2012,177.56119,0.0,49932.71
Gasconade,29,073,2013,159.55567,0.0,49932.71
Gasconade,29,073,2014,160.89392,0.0,49932.71
Gasconade,29,073,2015,38.07924,0.0,49932.71
Gasconade,29,073,2016,95.92806,0.0,49932.71
Gasconade,29,073,2017,263.02658,0.0,49932.71
Gasconade,29,073,2018,90.57506,0.0,49932.71
Gasconade,29,073,2019,49.7585,0.0,49932.71
Gasconade,29,073,2020,52.37416,0.0,49932.71
Dunklin,29,069,2010,61.740480000000005,0.0,88340.69
Dunklin,29,069,2011,54.247930000000004,0.0,88340.69
Dunklin,29,069,2012,84.24996999999999,0.0,88340.69
Dunklin,29,069,2013,59.87921,0.0,88340.69
Dunklin,29,069,2014,45.61584,0.0,88340.69
Dunklin,29,069,2015,74.87996,0.0,88340.69
Dunklin,29,069,2016,78.65985,0.0,88340.69
Dunklin,29,069,2017,72.9506,0.0,88340.69
Dunklin,29,069,2018,64.39563,0.0,88340.69
Dunklin,29,069,2019,65.78082,0.0,88340.69
Dunklin,29,069,2020,27.28272,0.0,88340.69
Holt,31,089,2010,16.98194,0.0,232024.76
Holt,31,089,2011,6.69091,0.0,232024.76
Holt,31,089,2012,50.68781,0.0,232024.76
Holt,31,089,2013,242.50896,0.0,232024.76
Holt,31,089,2014,55.8183,0.0,232024.76
Holt,31,089,2015,43.68433,0.0,232024.76
Holt,31,089,2016,103.2787,0.0,232024.76
Holt,31,089,2017,45.85165,0.0,232024.76
Holt,31,089,2018,38.89734,0.0,232024.76
Holt,31,089,2019,51.585390000000004,0.0,232024.76
Holt,31,089,2020,19.269849999999998,0.0,232024.76
Howell,29,091,2010,0.0,278107.47122,84445.6
Howell,29,091,2011,0.0,171606.97746,84445.6
Howell,29,091,2012,0.0,168534.69337,84445.6
Howell,29,091,2013,0.0,119594.30163,84445.6
Howell,29,091,2014,0.0,100858.04035,84445.6
Howell,29,091,2015,0.0,143356.72558,84445.6
Howell,29,091,2016,0.0,220556.05264,84445.6
Howell,29,091,2017,0.0,282347.77825,84445.6
Howell,29,091,2018,0.0,175264.37285,84445.6
Howell,29,091,2019,0.0,208296.30925,84445.6
Howell,29,091,2020,0.0,237600.1221,84445.6
Laclede,29,105,2010,416.93847,0.0,83129.07
Laclede,29,105,2011,273.47862999999995,0.0,83129.07
Laclede,29,105,2012,709.90899,0.0,83129.07
Laclede,29,105,2013,160.04986,0.0,83129.07
Laclede,29,105,2014,342.57074,0.0,83129.07
Laclede,29,105,2015,265.15737,0.0,83129.07
Laclede,29,105,2016,331.77063,0.0,83129.07
Laclede,29,105,2017,501.84749,0.0,83129.07
Laclede,29,105,2018,300.16052,0.0,83129.07
Laclede,29,105,2019,267.80253999999996,0.0,83129.07
Laclede,29,105,2020,267.63949,0.0,83129.07
McDonald,29,119,2010,0.0,81405.47086,48196.44
McDonald,29,119,2011,0.0,83059.28543,48196.44
McDonald,29,119,2012,0.0,53610.40344,48196.44
McDonald,29,119,2013,0.0,47556.70197,48196.44
McDonald,29,119,2014,0.0,95692.72652,48196.44
McDonald,29,119,2015,0.0,56060.15592,48196.44
McDonald,29,119,2016,0.0,83378.87356,48196.44
McDonald,29,119,2017,0.0,150064.64172,48196.44
McDonald,29,119,2018,0.0,173375.95795,48196.44
McDonald,29,119,2019,0.0,107312.0502,48196.44
McDonald,29,119,2020,0.0,48119.72781,48196.44
Pemiscot,29,155,2010,18.00163,0.0,60038.14
Pemiscot,29,155,2011,34.13669,0.0,60038.14
Pemiscot,29,155,2012,44.16686,0.0,60038.14
Pemiscot,29,155,2013,166.47131000000002,0.0,60038.14
Pemiscot,29,155,2014,29.02341,0.0,60038.14
Pemiscot,29,155,2015,3.9939400000000003,0.0,60038.14
Pemiscot,29,155,2016,7.10646,0.0,60038.14
Pemiscot,29,155,2017,42.600069999999995,0.0,60038.14
Pemiscot,29,155,2018,12.569959999999998,0.0,60038.14
Pemiscot,29,155,2019,18.0882,0.0,60038.14
Pemiscot,29,155,2020,35.34812,0.0,60038.14
New Madrid,29,143,2010,0.0,11218.11806,112444.61
New Madrid,29,143,2011,0.0,14282.23813,112444.61
New Madrid,29,143,2012,0.0,29442.82422,112444.61
New Madrid,29,143,2013,0.0,18265.45234,112444.61
New Madrid,29,143,2014,0.0,21193.76432,112444.61
New Madrid,29,143,2015,0.0,5290.23642,112444.61
New Madrid,29,143,2016,0.0,3378.99813,112444.61
New Madrid,29,143,2017,0.0,83567.13225,112444.61
New Madrid,29,143,2018,0.0,148338.87122,112444.61
New Madrid,29,143,2019,0.0,15451.86343,112444.61
New Madrid,29,143,2020,0.0,3791.5015,112444.61
Oregon,29,149,2010,0.0,218473.24688000002,71814.98
Oregon,29,149,2011,0.0,69915.27721,71814.98
Oregon,29,149,2012,0.0,202402.1948,71814.98
Oregon,29,149,2013,0.0,243246.1476,71814.98
Oregon,29,149,2014,0.0,94071.75590999999,71814.98
Oregon,29,149,2015,0.0,91694.20924,71814.98
Oregon,29,149,2016,0.0,104826.80382,71814.98
Oregon,29,149,2017,0.0,107515.38617,71814.98
Oregon,29,149,2018,0.0,76028.57505,71814.98
Oregon,29,149,2019,0.0,140226.9086,71814.98
Oregon,29,149,2020,0.0,122745.36632999999,71814.98
Nodaway,29,147,2010,2.9361499999999996,551.06803,84648.37
Nodaway,29,147,2011,5.343780000000001,742.31899,84648.37
Nodaway,29,147,2012,4.05188,731.74796,84648.37
Nodaway,29,147,2013,28.656779999999998,4880.51591,84648.37
Nodaway,29,147,2014,21.78621,5097.29325,84648.37
Nodaway,29,147,2015,16.207530000000002,3289.7553,84648.37
Nodaway,29,147,2016,14.093499999999999,1578.71132,84648.37
Nodaway,29,147,2017,54.8472,11208.71569,84648.37
Nodaway,29,147,2018,40.10775,8035.6194,84648.37
Nodaway,29,147,2019,14.034780000000001,3581.00347,84648.37
Nodaway,29,147,2020,3.75826,745.6974700000001,84648.37
Pettis,29,159,2010,32.35989,0.0,64014.36
Pettis,29,159,2011,38.236,0.0,64014.36
Pettis,29,159,2012,92.57678999999999,0.0,64014.36
Pettis,29,159,2013,48.27551,0.0,64014.36
Pettis,29,159,2014,81.04286,0.0,64014.36
Pettis,29,159,2015,30.119590000000002,0.0,64014.36
Pettis,29,159,2016,119.47426999999999,0.0,64014.36
Pettis,29,159,2017,102.76219999999999,0.0,64014.36
Pettis,29,159,2018,51.78712,0.0,64014.36
Pettis,29,159,2019,65.33062,0.0,64014.36
Pettis,29,159,2020,47.04438,0.0,64014.36
Phelps,31,137,2010,3.28848,0.0,48250.22
Phelps,31,137,2011,0.29361,0.0,48250.22
Phelps,31,137,2012,10.27651,0.0,48250.22
Phelps,31,137,2013,2.46636,0.0,48250.22
Phelps,31,137,2014,0.70467,0.0,48250.22
Phelps,31,137,2016,0.46978,0.0,48250.22
Phelps,31,137,2017,0.82212,0.0,48250.22
Phelps,31,137,2018,1.17446,0.0,48250.22
Phelps,31,137,2019,0.7634,0.0,48250.22
Platte,56,031,2010,102.68069,0.0,182876.74
Platte,56,031,2011,52.20868,0.0,182876.74
Platte,56,031,2012,132.36857,0.0,182876.74
Platte,56,031,2013,389.60637999999994,0.0,182876.74
Platte,56,031,2014,29.15575,0.0,182876.74
Platte,56,031,2015,7.5491,0.0,182876.74
Platte,56,031,2018,140.14368,0.0,182876.74
Platte,56,031,2019,146.54475000000002,0.0,182876.74
Platte,56,031,2020,0.17288,0.0,182876.74
Ralls,29,173,2010,22.002959999999998,0.0,62358.06
Ralls,29,173,2011,29.177840000000003,0.0,62358.06
Ralls,29,173,2012,83.58732,0.0,62358.06
Ralls,29,173,2013,98.95352,0.0,62358.06
Ralls,29,173,2014,102.8997,0.0,62358.06
Ralls,29,173,2015,16.86096,0.0,62358.06
Ralls,29,173,2016,44.60382,0.0,62358.06
Ralls,29,173,2017,88.07162,0.0,62358.06
Ralls,29,173,2018,74.85789,0.0,62358.06
Ralls,29,173,2019,32.58591,0.0,62358.06
Ralls,29,173,2020,70.97149999999999,0.0,62358.06
Stoddard,29,207,2010,81.75106,0.0,93546.63
Stoddard,29,207,2011,76.2474,0.0,93546.63
Stoddard,29,207,2012,94.98458,0.0,93546.63
Stoddard,29,207,2013,172.83979,0.0,93546.63
Stoddard,29,207,2014,118.60705,0.0,93546.63
Stoddard,29,207,2015,75.38165,0.0,93546.63
Stoddard,29,207,2016,163.13108,0.0,93546.63
Stoddard,29,207,2017,233.62745,0.0,93546.63
Stoddard,29,207,2018,259.78531,0.0,93546.63
Stoddard,29,207,2019,63.32306,0.0,93546.63
Stoddard,29,207,2020,51.75918,0.0,93546.63
Texas,40,139,2010,3.83401,0.0,176817.49
Texas,40,139,2011,1.54597,0.0,176817.49
Texas,40,139,2012,0.37104,0.0,176817.49
Texas,40,139,2013,3.6484900000000002,0.0,176817.49
Texas,40,139,2014,0.24736,0.0,176817.49
Texas,40,139,2017,0.06184,0.0,176817.49
Texas,40,139,2018,0.37103,0.0,176817.49
Texas,40,139,2019,0.80391,0.0,176817.49
Taney,29,213,2010,226.0831,76187.43926,57279.87
Taney,29,213,2011,236.53388,78404.17602,57279.87
Taney,29,213,2012,300.04245,78217.8704,57279.87
Taney,29,213,2013,169.56233,39976.35557,57279.87
Taney,29,213,2014,243.52168,57547.39308,57279.87
Taney,29,213,2015,223.98058,70078.07,57279.87
Taney,29,213,2016,342.34028,90804.94442,57279.87
Taney,29,213,2017,545.23378,143080.92701,57279.87
Taney,29,213,2018,147.79503,40967.15408,57279.87
Taney,29,213,2019,246.24259,69874.40355,57279.87
Taney,29,213,2020,353.03841,104565.76487,57279.87
Big Horn,56,003,2010,0.0,132424.0896,357188.66
Big Horn,56,003,2011,0.0,228630.43137,357188.66
Big Horn,56,003,2012,0.0,25807.87133,357188.66
Big Horn,56,003,2013,0.0,69442.58343999999,357188.66
Big Horn,56,003,2014,0.0,101607.01537,357188.66
Big Horn,56,003,2015,0.0,20960.96955,357188.66
Big Horn,56,003,2016,0.0,44559.17624,357188.66
Big Horn,56,003,2017,0.0,28981.99645,357188.66
Big Horn,56,003,2018,0.0,306316.98231999995,357188.66
Big Horn,56,003,2019,0.0,228599.97102,357188.66
Big Horn,56,003,2020,0.0,40206.116590000005,357188.66
Broadwater,30,007,2010,0.0,310068.0244,194719.46
Broadwater,30,007,2011,0.0,162045.67077,194719.46
Broadwater,30,007,2012,0.0,134008.465,194719.46
Broadwater,30,007,2013,0.0,11450.17626,194719.46
Broadwater,30,007,2014,0.0,143020.6258,194719.46
Broadwater,30,007,2015,0.0,141300.88747000002,194719.46
Broadwater,30,007,2016,0.0,58563.6763,194719.46
Broadwater,30,007,2017,0.0,109924.55932999999,194719.46
Broadwater,30,007,2018,0.0,38400.88605,194719.46
Broadwater,30,007,2019,0.0,42972.20132,194719.46
Broadwater,30,007,2020,0.0,39502.27419,194719.46
Carbon,56,007,2010,6693.89332,0.0,811111.07
Carbon,56,007,2011,3708.2755,0.0,811111.07
Carbon,56,007,2012,822.14225,0.0,811111.07
Carbon,56,007,2013,749.7799,0.0,811111.07
Carbon,56,007,2014,826.02973,0.0,811111.07
Carbon,56,007,2015,466.20477000000005,0.0,811111.07
Carbon,56,007,2016,997.7573699999999,0.0,811111.07
Carbon,56,007,2017,999.5565099999999,0.0,811111.07
Carbon,56,007,2018,3459.74655,0.0,811111.07
Carbon,56,007,2019,4250.0351900000005,0.0,811111.07
Carbon,56,007,2020,3892.74985,0.0,811111.07
Beaverhead,30,001,2010,3152.0090400000004,1249722.31206,1123703.34
Beaverhead,30,001,2011,2239.69406,832056.88654,1123703.34
Beaverhead,30,001,2012,3354.43146,945215.58626,1123703.34
Beaverhead,30,001,2013,1898.72317,439396.55412,1123703.34
Beaverhead,30,001,2014,1658.34922,477775.37953,1123703.34
Beaverhead,30,001,2015,1144.5875099999998,271883.15446,1123703.34
Beaverhead,30,001,2016,1909.26919,547742.40338,1123703.34
Beaverhead,30,001,2017,2632.77729,563467.26689,1123703.34
Beaverhead,30,001,2018,6331.4714699999995,1138704.8816,1123703.34
Beaverhead,30,001,2019,1305.50292,359611.27521,1123703.34
Beaverhead,30,001,2020,2635.44114,526633.9803899999,1123703.34
Chouteau,30,015,2010,66.10208,0.0,456284.67
Chouteau,30,015,2011,27.01092,0.0,456284.67
Chouteau,30,015,2012,17.85369,0.0,456284.67
Chouteau,30,015,2013,38.81779,0.0,456284.67
Chouteau,30,015,2014,51.786190000000005,0.0,456284.67
Chouteau,30,015,2015,0.36215,0.0,456284.67
Chouteau,30,015,2016,19.96998,0.0,456284.67
Chouteau,30,015,2017,194.11239,0.0,456284.67
Chouteau,30,015,2018,440.99025,0.0,456284.67
Chouteau,30,015,2019,110.27332999999999,0.0,456284.67
Chouteau,30,015,2020,40.13704,0.0,456284.67
Daniels,30,019,2010,3.45017,0.0,137918.47
Daniels,30,019,2011,8.25197,0.0,137918.47
Daniels,30,019,2012,0.71299,0.0,137918.47
Daniels,30,019,2013,0.05048,0.0,137918.47
Daniels,30,019,2014,0.05174,0.0,137918.47
Daniels,30,019,2018,0.30287,0.0,137918.47
Daniels,30,019,2020,8.33742,0.0,137918.47
Glacier,30,035,2010,0.0,317183.30031,348691.69
Glacier,30,035,2011,0.0,48732.8844,348691.69
Glacier,30,035,2012,0.0,307775.58516,348691.69
Glacier,30,035,2013,0.0,24275.95378,348691.69
Glacier,30,035,2014,0.0,88034.17861,348691.69
Glacier,30,035,2015,0.0,432167.0541,348691.69
Glacier,30,035,2016,0.0,442319.01616,348691.69
Glacier,30,035,2017,0.0,321797.66252,348691.69
Glacier,30,035,2018,0.0,641388.0265,348691.69
Glacier,30,035,2019,0.0,313423.21155,348691.69
Glacier,30,035,2020,0.0,192357.1154,348691.69
Meagher,30,059,2010,1451.90596,0.0,349552.17
Meagher,30,059,2011,559.17505,0.0,349552.17
Meagher,30,059,2012,1339.30737,0.0,349552.17
Meagher,30,059,2013,742.9394199999999,0.0,349552.17
Meagher,30,059,2014,793.96695,0.0,349552.17
Meagher,30,059,2015,870.3327499999999,0.0,349552.17
Meagher,30,059,2016,446.14718,0.0,349552.17
Meagher,30,059,2017,753.74593,0.0,349552.17
Meagher,30,059,2018,2055.15958,0.0,349552.17
Meagher,30,059,2019,1427.49646,0.0,349552.17
Meagher,30,059,2020,785.0171799999999,0.0,349552.17
Lewis and Clark,30,049,2010,7640.135429999999,0.0,710756.56
Lewis and Clark,30,049,2011,1813.4524199999998,0.0,710756.56
Lewis and Clark,30,049,2012,6951.139980000001,0.0,710756.56
Lewis and Clark,30,049,2013,5055.15134,0.0,710756.56
Lewis and Clark,30,049,2014,2383.32566,0.0,710756.56
Lewis and Clark,30,049,2015,2729.6313099999998,0.0,710756.56
Lewis and Clark,30,049,2016,2649.00441,0.0,710756.56
Lewis and Clark,30,049,2017,12070.639820000002,0.0,710756.56
Lewis and Clark,30,049,2018,13512.525830000002,0.0,710756.56
Lewis and Clark,30,049,2019,2412.0208,0.0,710756.56
Lewis and Clark,30,049,2020,2032.95542,0.0,710756.56
Missoula,30,063,2010,3062.03718,1129463.49343,400562.11
Missoula,30,063,2011,2002.469,615320.83613,400562.11
Missoula,30,063,2012,2873.4840200000003,977805.15787,400562.11
Missoula,30,063,2013,3660.8640299999997,943888.51758,400562.11
Missoula,30,063,2014,3032.6682600000004,919841.9057400001,400562.11
Missoula,30,063,2015,3650.2682100000006,936359.26458,400562.11
Missoula,30,063,2016,4028.9144,1186655.70175,400562.11
Missoula,30,063,2017,24293.82978,4422765.31683,400562.11
Missoula,30,063,2018,21412.40632,4260968.35534,400562.11
Missoula,30,063,2019,2689.52356,861483.2647299999,400562.11
Missoula,30,063,2020,2488.52302,751750.27899,400562.11
Roosevelt,35,041,2010,1.2854700000000001,0.0,315595.43
Roosevelt,35,041,2011,13.12596,0.0,315595.43
Roosevelt,35,041,2012,4.39504,0.0,315595.43
Roosevelt,35,041,2013,0.12754,0.0,315595.43
Ravalli,30,081,2010,7967.29612,0.0,356433.62
Ravalli,30,081,2011,8486.56217,0.0,356433.62
Ravalli,30,081,2012,12886.24209,0.0,356433.62
Ravalli,30,081,2013,11911.252779999999,0.0,356433.62
Ravalli,30,081,2014,2923.3538900000003,0.0,356433.62
Ravalli,30,081,2015,675.82041,0.0,356433.62
Ravalli,30,081,2016,2934.02232,0.0,356433.62
Ravalli,30,081,2017,16433.85322,0.0,356433.62
Ravalli,30,081,2018,16917.96605,0.0,356433.62
Ravalli,30,081,2019,638.10715,0.0,356433.62
Ravalli,30,081,2020,1079.34896,0.0,356433.62
Powder River,30,075,2010,155.99805,0.0,294843.64
Powder River,30,075,2011,674.78077,0.0,294843.64
Powder River,30,075,2012,4881.77385,0.0,294843.64
Powder River,30,075,2013,1814.38648,0.0,294843.64
Powder River,30,075,2014,25.02752,0.0,294843.64
Powder River,30,075,2015,17.12545,0.0,294843.64
Powder River,30,075,2016,87.0229,0.0,294843.64
Powder River,30,075,2017,0.75841,0.0,294843.64
Powder River,30,075,2018,753.94528,0.0,294843.64
Powder River,30,075,2019,202.72155,0.0,294843.64
Powder River,30,075,2020,257.37169,0.0,294843.64
Sanders,30,089,2010,0.0,2201450.03522,582639.87
Sanders,30,089,2011,0.0,1635798.27807,582639.87
Sanders,30,089,2012,0.0,2320244.51395,582639.87
Sanders,30,089,2013,0.0,2414240.91947,582639.87
Sanders,30,089,2014,0.0,2573483.08255,582639.87
Sanders,30,089,2015,0.0,2799779.5004700003,582639.87
Sanders,30,089,2016,0.0,5344960.79512,582639.87
Sanders,30,089,2017,0.0,5797610.836340001,582639.87
Sanders,30,089,2018,0.0,5117333.86962,582639.87
Sanders,30,089,2019,0.0,2721673.83708,582639.87
Sanders,30,089,2020,0.0,2766417.15463,582639.87
Silver Bow,30,093,2010,0.0,357567.88151,141988.25
Silver Bow,30,093,2011,0.0,217515.83215,141988.25
Silver Bow,30,093,2012,0.0,137295.33705,141988.25
Silver Bow,30,093,2013,0.0,80684.31696,141988.25
Silver Bow,30,093,2014,0.0,69333.76522,141988.25
Silver Bow,30,093,2015,0.0,73037.34166,141988.25
Silver Bow,30,093,2016,0.0,99538.42229,141988.25
Silver Bow,30,093,2017,0.0,172698.4299,141988.25
Silver Bow,30,093,2018,0.0,63657.836630000005,141988.25
Silver Bow,30,093,2019,0.0,54483.8878,141988.25
Silver Bow,30,093,2020,0.0,114248.33431,141988.25
Rosebud,30,087,2010,0.0,90870.55174,860386.04
Rosebud,30,087,2011,0.0,106064.81705000001,860386.04
Rosebud,30,087,2012,0.0,139416.56882,860386.04
Rosebud,30,087,2013,0.0,67119.90524000001,860386.04
Rosebud,30,087,2014,0.0,6426.18329,860386.04
Rosebud,30,087,2015,0.0,14.27347,860386.04
Rosebud,30,087,2016,0.0,5162.80758,860386.04
Rosebud,30,087,2017,0.0,34362.48193,860386.04
Rosebud,30,087,2018,0.0,351701.06653,860386.04
Rosebud,30,087,2019,0.0,11224.72088,860386.04
Rosebud,30,087,2020,0.0,3902.83522,860386.04
Sweet Grass,30,097,2010,30.336380000000002,0.0,260828.8
Sweet Grass,30,097,2011,314.25241000000005,0.0,260828.8
Sweet Grass,30,097,2012,1233.82397,0.0,260828.8
Sweet Grass,30,097,2013,200.05761,0.0,260828.8
Sweet Grass,30,097,2014,549.9010900000001,0.0,260828.8
Sweet Grass,30,097,2015,106.71906,0.0,260828.8
Sweet Grass,30,097,2016,50.16337,0.0,260828.8
Sweet Grass,30,097,2017,205.85402,0.0,260828.8
Sweet Grass,30,097,2018,588.2007699999999,0.0,260828.8
Sweet Grass,30,097,2019,284.07854,0.0,260828.8
Sweet Grass,30,097,2020,36.1328,0.0,260828.8
Toole,30,101,2010,13.2498,0.0,193498.78
Toole,30,101,2011,2.8972,0.0,193498.78
Toole,30,101,2012,10.580689999999999,0.0,193498.78
Toole,30,101,2013,0.71048,0.0,193498.78
Toole,30,101,2014,0.56029,0.0,193498.78
Toole,30,101,2017,0.20192,0.0,193498.78
Toole,30,101,2019,0.36215,0.0,193498.78
Toole,30,101,2020,8.55862,0.0,193498.78
Wheatland,30,107,2010,22.35203,0.0,133580.43
Wheatland,30,107,2011,12.77226,0.0,133580.43
Wheatland,30,107,2012,49.54333,0.0,133580.43
Wheatland,30,107,2013,28.308429999999998,0.0,133580.43
Wheatland,30,107,2014,81.5257,0.0,133580.43
Wheatland,30,107,2015,70.97564,0.0,133580.43
Wheatland,30,107,2016,185.9138,0.0,133580.43
Wheatland,30,107,2017,123.201,0.0,133580.43
Wheatland,30,107,2018,590.30847,0.0,133580.43
Wheatland,30,107,2019,53.57763,0.0,133580.43
Wheatland,30,107,2020,18.96215,0.0,133580.43
Wibaux,30,109,2011,0.0,4.4383,117894.79
Wibaux,30,109,2019,0.0,20.61945,117894.79
Arthur,31,005,2010,0.0,25.23398,61393.05
Arthur,31,005,2011,0.0,87.00269,61393.05
Box Butte,31,013,2010,1.49829,0.0,98787.25
Box Butte,31,013,2011,1.21016,0.0,98787.25
Box Butte,31,013,2012,0.23051,0.0,98787.25
Box Butte,31,013,2013,2.07456,0.0,98787.25
Antelope,31,003,2010,10.02705,1385.89511,73623.52
Antelope,31,003,2011,5.76267,1078.45596,73623.52
Antelope,31,003,2012,8.58638,1142.25231,73623.52
Antelope,31,003,2013,50.42338,4680.98248,73623.52
Antelope,31,003,2014,22.70493,1830.92479,73623.52
Antelope,31,003,2015,9.68129,822.2772,73623.52
Antelope,31,003,2016,8.87451,716.66391,73623.52
Antelope,31,003,2017,22.76255,1231.78776,73623.52
Antelope,31,003,2018,20.57274,1212.98612,73623.52
Antelope,31,003,2019,11.75585,1079.54746,73623.52
Antelope,31,003,2020,6.45419,470.82544,73623.52
Banner,31,007,2010,0.8644,186.57719,64042.53
Banner,31,007,2011,1.38304,147.17239,64042.53
Banner,31,007,2013,12.850760000000001,124.53903,64042.53
Banner,31,007,2020,11.69822,0.0,64042.53
Buffalo,55,011,2010,21.03331,0.0,92334.6
Buffalo,55,011,2011,67.69406,0.0,92334.6
Buffalo,55,011,2012,83.80115,0.0,92334.6
Buffalo,55,011,2013,104.88982,0.0,92334.6
Buffalo,55,011,2014,124.20725,0.0,92334.6
Buffalo,55,011,2015,21.08866,0.0,92334.6
Buffalo,55,011,2016,90.66465,0.0,92334.6
Buffalo,55,011,2017,102.28833,0.0,92334.6
Buffalo,55,011,2018,76.66089,0.0,92334.6
Buffalo,55,011,2019,101.56877,0.0,92334.6
Buffalo,55,011,2020,89.22553,0.0,92334.6
Burt,31,021,2010,1.90169,0.0,54140.21
Burt,31,021,2011,4.7830200000000005,0.0,54140.21
Burt,31,021,2012,21.494760000000003,0.0,54140.21
Burt,31,021,2013,14.2338,0.0,54140.21
Burt,31,021,2014,16.5965,0.0,54140.21
Burt,31,021,2015,6.4542,0.0,54140.21
Burt,31,021,2016,8.70163,0.0,54140.21
Burt,31,021,2017,8.58638,0.0,54140.21
Burt,31,021,2018,19.304949999999998,0.0,54140.21
Burt,31,021,2019,3.34235,0.0,54140.21
Burt,31,021,2020,16.30836,0.0,54140.21
Cherry,31,031,2010,22.37636,0.0,524796.39
Cherry,31,031,2011,45.44685,0.0,524796.39
Cherry,31,031,2012,16.043059999999997,0.0,524796.39
Cherry,31,031,2013,333.01851999999997,0.0,524796.39
Cherry,31,031,2014,9.586030000000001,0.0,524796.39
Cherry,31,031,2015,9.45279,0.0,524796.39
Cherry,31,031,2016,2.9957599999999998,0.0,524796.39
Cherry,31,031,2017,0.11525,0.0,524796.39
Cherry,31,031,2018,11.52652,0.0,524796.39
Cherry,31,031,2019,11.31175,0.0,524796.39
Cherry,31,031,2020,10.40292,0.0,524796.39
Cuming,31,039,2010,2.82371,0.0,49046.4
Cuming,31,039,2011,0.51864,0.0,49046.4
Cuming,31,039,2012,1.90168,0.0,49046.4
Cuming,31,039,2013,7.83723,0.0,49046.4
Cuming,31,039,2014,7.31859,0.0,49046.4
Cuming,31,039,2015,4.55251,0.0,49046.4
Cuming,31,039,2016,8.70163,0.0,49046.4
Cuming,31,039,2017,8.47113,0.0,49046.4
Cuming,31,039,2018,17.28802,0.0,49046.4
Cuming,31,039,2019,34.17264,0.0,49046.4
Cuming,31,039,2020,7.31859,0.0,49046.4
Deuel,46,039,2010,0.0,17.34798,54418.71
Deuel,46,039,2011,0.0,44.13863,54418.71
Deuel,46,039,2012,0.0,236.77141,54418.71
Deuel,46,039,2013,0.0,258.80285,54418.71
Deuel,46,039,2014,0.0,535.63308,54418.71
Deuel,46,039,2015,0.0,130.6175,54418.71
Deuel,46,039,2016,0.0,59.60939,54418.71
Garden,31,069,2010,2.01694,0.0,166407.79
Garden,31,069,2011,1.38304,0.0,166407.79
Garden,31,069,2012,2.82371,0.0,166407.79
Garden,31,069,2013,3.86099,0.0,166407.79
Garden,31,069,2014,5.82139,0.0,166407.79
Garden,31,069,2016,0.05763,0.0,166407.79
Garden,31,069,2018,2.53558,0.0,166407.79
Garden,31,069,2019,1.15253,0.0,166407.79
Garden,31,069,2020,2.30507,0.0,166407.79
Gage,31,067,2010,1.23318,0.0,73617.0
Gage,31,067,2011,3.93444,0.0,73617.0
Gage,31,067,2012,6.45952,0.0,73617.0
Gage,31,067,2013,31.59293,0.0,73617.0
Gage,31,067,2014,17.79304,0.0,73617.0
Gage,31,067,2015,10.98118,0.0,73617.0
Gage,31,067,2016,20.61174,0.0,73617.0
Gage,31,067,2017,28.7155,0.0,73617.0
Gage,31,067,2018,10.98118,0.0,73617.0
Gage,31,067,2019,0.82212,0.0,73617.0
Gage,31,067,2020,4.52166,0.0,73617.0
Hayes,31,085,2010,1.2919,0.0,61611.64
Hayes,31,085,2011,0.52851,0.0,61611.64
Hayes,31,085,2012,0.82212,0.0,61611.64
Hayes,31,085,2013,1.11574,0.0,61611.64
Hayes,31,085,2014,0.11744,0.0,61611.64
Gosper,31,073,2010,0.05872,11.03355,48874.83
Gosper,31,073,2011,0.23489,0.0,48874.83
Gosper,31,073,2012,0.46978,44.12507,48874.83
Gosper,31,073,2013,3.69954,194.43878,48874.83
Gosper,31,073,2014,0.41106,41.43898,48874.83
Gosper,31,073,2016,0.29361,23.8141,48874.83
Gosper,31,073,2018,0.29361,68.90906,48874.83
Gosper,31,073,2020,0.35234,54.35031,48874.83
Loup,31,115,2010,0.0,85.28097,48963.94
Loup,31,115,2011,0.0,186.85029,48963.94
Loup,31,115,2012,0.0,62.3905,48963.94
Loup,31,115,2013,0.0,937.55728,48963.94
Loup,31,115,2014,0.0,317.51309,48963.94
Loup,31,115,2015,0.0,223.92584,48963.94
Loup,31,115,2016,0.0,635.38577,48963.94
Loup,31,115,2017,0.0,203.51482,48963.94
Loup,31,115,2018,0.0,40.48071,48963.94
Loup,31,115,2019,0.0,10.26736,48963.94
Keith,31,101,2010,1.1689699999999998,0.0,96865.42
Keith,31,101,2011,1.6799399999999998,124.12615,96865.42
Keith,31,101,2012,1.3495300000000001,13.09525,96865.42
Keith,31,101,2013,6.56334,337.05183,96865.42
Keith,31,101,2014,0.11525,0.0,96865.42
Lancaster,51,103,2010,284.43855,0.0,42549.58
Lancaster,51,103,2011,313.39337,0.0,42549.58
Lancaster,51,103,2012,319.11134,0.0,42549.58
Lancaster,51,103,2013,485.54074,0.0,42549.58
Lancaster,51,103,2014,535.78588,0.0,42549.58
Lancaster,51,103,2015,611.03192,0.0,42549.58
Lancaster,51,103,2016,1038.29804,0.0,42549.58
Lancaster,51,103,2017,589.13331,0.0,42549.58
Lancaster,51,103,2018,507.50018,0.0,42549.58
Lancaster,51,103,2019,443.62925,0.0,42549.58
Lancaster,51,103,2020,447.21818,0.0,42549.58
Kimball,31,105,2010,0.05872,0.0,81554.46
Kimball,31,105,2011,0.11745,0.0,81554.46
Kimball,31,105,2013,0.2338,4.34715,81554.46
Kimball,31,105,2014,0.05872,0.0,81554.46
Merrick,31,121,2010,3.03934,379.62904,111085.05
Merrick,31,121,2011,8.20272,1910.16406,111085.05
Merrick,31,121,2012,44.586189999999995,9209.60161,111085.05
Merrick,31,121,2013,195.86813999999998,27350.55468,111085.05
Merrick,31,121,2014,61.59484,7893.921050000001,111085.05
Merrick,31,121,2015,13.84404,1367.6861,111085.05
Merrick,31,121,2016,76.54021999999999,11599.705689999999,111085.05
Merrick,31,121,2017,17.6164,2706.23907,111085.05
Merrick,31,121,2018,35.44797,5246.6049299999995,111085.05
Merrick,31,121,2019,67.5415,4481.73462,111085.05
Merrick,31,121,2020,17.99144,2182.0894,111085.05
Nance,31,125,2010,3.74574,638.28122,47144.08
Nance,31,125,2011,12.56262,2797.79913,47144.08
Nance,31,125,2012,6.45419,698.44947,47144.08
Nance,31,125,2013,23.62695,2321.7912,47144.08
Nance,31,125,2014,21.14901,1939.3067,47144.08
Nance,31,125,2015,9.16265,356.1619,47144.08
Nance,31,125,2016,8.52875,573.51561,47144.08
Nance,31,125,2017,21.7829,1570.55442,47144.08
Nance,31,125,2018,11.6406,731.23333,47144.08
Nance,31,125,2019,68.40292,2839.54423,47144.08
Nance,31,125,2020,12.96601,1081.6731,47144.08
Morrill,31,123,2010,1.7288,127.78973,126654.81
Morrill,31,123,2011,0.80677,88.98392,126654.81
Morrill,31,123,2012,2.3627,214.24044,126654.81
Morrill,31,123,2013,21.49477,88.89413,126654.81
Morrill,31,123,2014,1.21016,0.0,126654.81
Morrill,31,123,2015,0.17288,0.0,126654.81
Morrill,31,123,2016,0.11525,0.0,126654.81
Morrill,31,123,2018,0.8644,0.0,126654.81
Morrill,31,123,2020,1.49829,0.0,126654.81
Nuckolls,31,129,2010,2.93615,0.0,49110.63
Nuckolls,31,129,2011,3.75827,0.0,49110.63
Nuckolls,31,129,2012,0.93957,0.0,49110.63
Nuckolls,31,129,2013,17.38198,0.0,49110.63
Nuckolls,31,129,2014,12.33181,0.0,49110.63
Nuckolls,31,129,2015,6.22463,0.0,49110.63
Nuckolls,31,129,2016,6.34207,0.0,49110.63
Nuckolls,31,129,2017,9.748,0.0,49110.63
Nuckolls,31,129,2018,10.98118,0.0,49110.63
Nuckolls,31,129,2019,0.35234,0.0,49110.63
Nuckolls,31,129,2020,2.34892,0.0,49110.63
Otoe,31,131,2010,0.82212,0.0,60817.65
Otoe,31,131,2011,2.75998,0.0,60817.65
Otoe,31,131,2012,5.4612300000000005,0.0,60817.65
Otoe,31,131,2013,24.31128,0.0,60817.65
Otoe,31,131,2014,7.399089999999999,0.0,60817.65
Otoe,31,131,2015,1.46808,0.0,60817.65
Otoe,31,131,2016,6.69441,0.0,60817.65
Otoe,31,131,2017,21.37514,0.0,60817.65
Otoe,31,131,2018,17.14709,0.0,60817.65
Otoe,31,131,2019,6.224629999999999,0.0,60817.65
Otoe,31,131,2020,10.335239999999999,0.0,60817.65
Saunders,31,155,2010,4.057980000000001,0.0,80177.72
Saunders,31,155,2011,3.524,0.0,80177.72
Saunders,31,155,2012,20.1905,0.0,80177.72
Saunders,31,155,2013,59.569599999999994,0.0,80177.72
Saunders,31,155,2014,89.9193,0.0,80177.72
Saunders,31,155,2015,38.857330000000005,0.0,80177.72
Saunders,31,155,2016,12.15314,0.0,80177.72
Saunders,31,155,2017,35.82974,0.0,80177.72
Saunders,31,155,2018,57.38589,0.0,80177.72
Saunders,31,155,2019,92.47258,0.0,80177.72
Saunders,31,155,2020,10.84464,0.0,80177.72
Thayer,31,169,2010,0.29362,0.0,49114.61
Thayer,31,169,2011,6.1659,0.0,49114.61
Thayer,31,169,2012,1.23318,0.0,49114.61
Thayer,31,169,2013,18.321550000000002,0.0,49114.61
Thayer,31,169,2014,2.9948699999999997,0.0,49114.61
Thayer,31,169,2015,5.75484,0.0,49114.61
Thayer,31,169,2016,8.456100000000001,0.0,49114.61
Thayer,31,169,2017,12.03819,0.0,49114.61
Thayer,31,169,2018,7.57526,0.0,49114.61
Thayer,31,169,2019,2.8186999999999998,0.0,49114.61
Thayer,31,169,2020,1.5855199999999998,0.0,49114.61
Churchill,32,001,2010,0.0,6093.58561,514239.2
Churchill,32,001,2011,0.0,783.9448299999999,514239.2
Churchill,32,001,2012,0.0,2473.45059,514239.2
Churchill,32,001,2013,0.0,529.20997,514239.2
Churchill,32,001,2014,0.0,1598.46256,514239.2
Churchill,32,001,2015,0.0,1110.44904,514239.2
Churchill,32,001,2016,0.0,16901.65395,514239.2
Churchill,32,001,2017,0.0,97180.40845,514239.2
Churchill,32,001,2018,0.0,1037.42768,514239.2
Churchill,32,001,2020,0.0,2202.87549,514239.2
Esmeralda,32,009,2010,3.3516700000000004,0.0,610561.46
Esmeralda,32,009,2011,3.14571,0.0,610561.46
Esmeralda,32,009,2012,6.02186,0.0,610561.46
Esmeralda,32,009,2013,17.59131,0.0,610561.46
Esmeralda,32,009,2014,17.68746,0.0,610561.46
Esmeralda,32,009,2015,0.12166,0.0,610561.46
Esmeralda,32,009,2016,0.61234,0.0,610561.46
Esmeralda,32,009,2017,0.12368,0.0,610561.46
Esmeralda,32,009,2019,58.49962,0.0,610561.46
Esmeralda,32,009,2020,20.53052,0.0,610561.46
Nye,32,023,2010,85.74886000000001,0.0,3295322.72
Nye,32,023,2011,253.76397,0.0,3295322.72
Nye,32,023,2012,550.0122,0.0,3295322.72
Nye,32,023,2013,5564.37652,0.0,3295322.72
Nye,32,023,2014,1524.41976,0.0,3295322.72
Nye,32,023,2015,55.825359999999996,0.0,3295322.72
Nye,32,023,2016,5.93664,0.0,3295322.72
Nye,32,023,2017,7.7780499999999995,0.0,3295322.72
Nye,32,023,2018,90.48849000000001,0.0,3295322.72
Nye,32,023,2019,69.47645,0.0,3295322.72
Nye,32,023,2020,398.24962,0.0,3295322.72
Lander,32,015,2010,139.92397,0.0,724297.19
Lander,32,015,2011,123.87234,0.0,724297.19
Lander,32,015,2012,417.38886,0.0,724297.19
Lander,32,015,2013,854.79793,0.0,724297.19
Lander,32,015,2014,100.8433,0.0,724297.19
Lander,32,015,2015,157.30918,0.0,724297.19
Lander,32,015,2016,357.35693000000003,0.0,724297.19
Lander,32,015,2017,1685.6605499999998,0.0,724297.19
Lander,32,015,2018,58.05137,0.0,724297.19
Lander,32,015,2019,26.09006,0.0,724297.19
Lander,32,015,2020,65.0992,0.0,724297.19
Eureka,32,011,2010,5.84027,130.40008,461239.08
Eureka,32,011,2011,95.08954,10123.80159,461239.08
Eureka,32,011,2012,504.86686,14294.20608,461239.08
Eureka,32,011,2013,1655.86986,33012.20562,461239.08
Eureka,32,011,2014,110.22191000000001,2429.74592,461239.08
Eureka,32,011,2015,1.4819499999999999,0.0,461239.08
Eureka,32,011,2016,80.54226999999999,2873.7183099999997,461239.08
Eureka,32,011,2017,1.01537,23.9658,461239.08
Eureka,32,011,2018,3.04932,19.1601,461239.08
Eureka,32,011,2019,7.52615,172.22053,461239.08
Eureka,32,011,2020,46.57691,1724.0717,461239.08
Storey,32,029,2010,0.0,112.29338,51548.22
Storey,32,029,2011,0.0,530.74107,51548.22
Storey,32,029,2012,0.0,194.7507,51548.22
Storey,32,029,2013,0.0,105.95404,51548.22
Storey,32,029,2014,0.0,421.43024,51548.22
Storey,32,029,2015,0.0,21.66108,51548.22
Storey,32,029,2016,0.0,7.60237,51548.22
White Pine,32,033,2010,480.34163,0.0,848537.77
White Pine,32,033,2011,448.8494999999999,0.0,848537.77
White Pine,32,033,2012,913.46255,0.0,848537.77
White Pine,32,033,2013,1188.73225,0.0,848537.77
White Pine,32,033,2014,2783.89813,0.0,848537.77
White Pine,32,033,2015,903.17696,0.0,848537.77
White Pine,32,033,2016,2934.26072,0.0,848537.77
White Pine,32,033,2017,329.12506,0.0,848537.77
White Pine,32,033,2018,1069.7278000000001,0.0,848537.77
White Pine,32,033,2019,1029.42452,0.0,848537.77
White Pine,32,033,2020,825.01706,0.0,848537.77
Pershing,32,027,2010,7.770639999999999,108.13695,607295.91
Pershing,32,027,2011,20.905359999999998,107.94387,607295.91
Pershing,32,027,2012,7.05849,10.672609999999999,607295.91
Pershing,32,027,2013,9.75227,0.03619,607295.91
Pershing,32,027,2014,6.04847,20.05201,607295.91
Pershing,32,027,2015,0.35234,12.63578,607295.91
Pershing,32,027,2016,3.52551,255.92215,607295.91
Pershing,32,027,2017,7.86887,35.08887,607295.91
Pershing,32,027,2018,0.82212,93.64781,607295.91
Pershing,32,027,2019,0.35234,0.0,607295.91
Belknap,33,001,2010,779.5046900000001,0.0,80316.79
Belknap,33,001,2011,382.49807,0.0,80316.79
Belknap,33,001,2012,889.67392,0.0,80316.79
Belknap,33,001,2013,709.52678,0.0,80316.79
Belknap,33,001,2014,912.9025600000001,0.0,80316.79
Belknap,33,001,2015,987.91813,0.0,80316.79
Belknap,33,001,2016,1450.32785,0.0,80316.79
Belknap,33,001,2017,1340.79262,0.0,80316.79
Belknap,33,001,2018,1109.78264,0.0,80316.79
Belknap,33,001,2019,1142.22525,0.0,80316.79
Belknap,33,001,2020,957.26273,0.0,80316.79
Cheshire,33,005,2010,779.96091,0.0,87838.65
Cheshire,33,005,2011,333.25192000000004,0.0,87838.65
Cheshire,33,005,2012,723.28887,0.0,87838.65
Cheshire,33,005,2013,622.77088,0.0,87838.65
Cheshire,33,005,2014,486.76929,0.0,87838.65
Cheshire,33,005,2015,685.71469,0.0,87838.65
Cheshire,33,005,2016,862.96313,0.0,87838.65
Cheshire,33,005,2017,1300.01019,0.0,87838.65
Cheshire,33,005,2018,1006.93157,0.0,87838.65
Cheshire,33,005,2019,1090.44231,0.0,87838.65
Cheshire,33,005,2020,822.2248000000001,0.0,87838.65
Coos,41,011,2010,5177.49623,0.0,238344.88
Coos,41,011,2011,6481.80061,0.0,238344.88
Coos,41,011,2012,5794.50385,0.0,238344.88
Coos,41,011,2013,6642.26779,0.0,238344.88
Coos,41,011,2014,6250.309749999999,0.0,238344.88
Coos,41,011,2015,5467.467210000001,0.0,238344.88
Coos,41,011,2016,6579.32398,0.0,238344.88
Coos,41,011,2017,6203.97768,0.0,238344.88
Coos,41,011,2018,6163.1263500000005,0.0,238344.88
Coos,41,011,2019,5195.80305,0.0,238344.88
Coos,41,011,2020,4496.92327,0.0,238344.88
Strafford,33,017,2010,639.21311,0.0,63760.0
Strafford,33,017,2011,368.17048,0.0,63760.0
Strafford,33,017,2012,535.98299,0.0,63760.0
Strafford,33,017,2013,603.72952,0.0,63760.0
Strafford,33,017,2014,728.82612,0.0,63760.0
Strafford,33,017,2015,629.72068,0.0,63760.0
Strafford,33,017,2016,1211.30121,0.0,63760.0
Strafford,33,017,2017,931.10517,0.0,63760.0
Strafford,33,017,2018,1021.67873,0.0,63760.0
Strafford,33,017,2019,1133.32773,0.0,63760.0
Strafford,33,017,2020,830.36116,0.0,63760.0
Burlington,34,005,2010,0.0,115938.67211,134380.35
Burlington,34,005,2011,0.0,41231.80028,134380.35
Burlington,34,005,2012,0.0,138379.34341,134380.35
Burlington,34,005,2013,0.0,87734.07206,134380.35
Burlington,34,005,2014,0.0,185655.20503,134380.35
Burlington,34,005,2015,0.0,122899.57063,134380.35
Burlington,34,005,2016,0.0,251511.61109000002,134380.35
Burlington,34,005,2017,0.0,405862.01942,134380.35
Burlington,34,005,2018,0.0,173763.79592999996,134380.35
Burlington,34,005,2019,0.0,430555.50414999994,134380.35
Burlington,34,005,2020,0.0,278858.5645,134380.35
Cape May,34,009,2010,21.28547,0.0,118996.82
Cape May,34,009,2011,47.23461,0.0,118996.82
Cape May,34,009,2012,76.29287,0.0,118996.82
Cape May,34,009,2013,47.05524,0.0,118996.82
Cape May,34,009,2014,94.34964,0.0,118996.82
Cape May,34,009,2015,70.43338,0.0,118996.82
Cape May,34,009,2016,46.99545,0.0,118996.82
Cape May,34,009,2017,49.98498,0.0,118996.82
Cape May,34,009,2018,55.18676,0.0,118996.82
Cape May,34,009,2019,50.04477,0.0,118996.82
Cape May,34,009,2020,40.179320000000004,0.0,118996.82
Gloucester,51,073,2010,553.4705799999999,0.0,48706.72
Gloucester,51,073,2011,468.80793,0.0,48706.72
Gloucester,51,073,2012,482.80199999999996,0.0,48706.72
Gloucester,51,073,2013,554.03318,0.0,48706.72
Gloucester,51,073,2014,879.52692,0.0,48706.72
Gloucester,51,073,2015,693.95598,0.0,48706.72
Gloucester,51,073,2016,895.21531,0.0,48706.72
Gloucester,51,073,2017,1215.26953,0.0,48706.72
Gloucester,51,073,2018,909.9415300000001,0.0,48706.72
Gloucester,51,073,2019,785.98837,0.0,48706.72
Gloucester,51,073,2020,670.02629,0.0,48706.72
Hunterdon,34,019,2010,0.0,16287.74104,68238.36
Hunterdon,34,019,2011,0.0,1986.06258,68238.36
Hunterdon,34,019,2012,0.0,9881.90222,68238.36
Hunterdon,34,019,2013,0.0,34678.82333,68238.36
Hunterdon,34,019,2014,0.0,6775.76168,68238.36
Hunterdon,34,019,2015,0.0,8243.8963,68238.36
Hunterdon,34,019,2016,0.0,10099.16428,68238.36
Hunterdon,34,019,2017,0.0,15647.66664,68238.36
Hunterdon,34,019,2018,0.0,12668.38923,68238.36
Hunterdon,34,019,2019,0.0,11253.804240000001,68238.36
Hunterdon,34,019,2020,0.0,15525.490569999998,68238.36
Monmouth,34,025,2010,128.42701,0.0,99530.06
Monmouth,34,025,2011,70.76111,0.0,99530.06
Monmouth,34,025,2012,132.94868,0.0,99530.06
Monmouth,34,025,2013,112.10204,0.0,99530.06
Monmouth,34,025,2014,135.88482,0.0,99530.06
Monmouth,34,025,2015,113.62884,0.0,99530.06
Monmouth,34,025,2016,164.36543,0.0,99530.06
Monmouth,34,025,2017,227.19895,0.0,99530.06
Monmouth,34,025,2018,170.59006,0.0,99530.06
Monmouth,34,025,2019,226.25939,0.0,99530.06
Monmouth,34,025,2020,223.55813,0.0,99530.06
Hudson,34,017,2010,6.98803,0.0,10146.16
Hudson,34,017,2011,1.82041,0.0,10146.16
Hudson,34,017,2012,2.58381,0.0,10146.16
Hudson,34,017,2013,1.17446,0.0,10146.16
Hudson,34,017,2014,0.23489,0.0,10146.16
Hudson,34,017,2016,1.23318,0.0,10146.16
Hudson,34,017,2017,3.11231,0.0,10146.16
Hudson,34,017,2018,1.11574,0.0,10146.16
Hudson,34,017,2019,1.99658,0.0,10146.16
Hudson,34,017,2020,1.11574,0.0,10146.16
Ocean,34,029,2010,686.35592,0.0,127949.9
Ocean,34,029,2011,165.24209000000002,0.0,127949.9
Ocean,34,029,2012,424.31492000000003,0.0,127949.9
Ocean,34,029,2013,523.2342699999999,0.0,127949.9
Ocean,34,029,2014,304.89698,0.0,127949.9
Ocean,34,029,2015,319.71758,0.0,127949.9
Ocean,34,029,2016,1447.98837,0.0,127949.9
Ocean,34,029,2017,1082.58961,0.0,127949.9
Ocean,34,029,2018,445.53311,0.0,127949.9
Ocean,34,029,2019,3070.4192399999997,0.0,127949.9
Ocean,34,029,2020,1245.75397,0.0,127949.9
Passaic,34,031,2010,21.14025,0.0,46619.51
Passaic,34,031,2011,38.16989,0.0,46619.51
Passaic,34,031,2012,28.65678,0.0,46619.51
Passaic,34,031,2013,88.49543,0.0,46619.51
Passaic,34,031,2014,61.71778,0.0,46619.51
Passaic,34,031,2015,37.52394,0.0,46619.51
Passaic,34,031,2016,54.78848,0.0,46619.51
Passaic,34,031,2017,67.35518,0.0,46619.51
Passaic,34,031,2018,64.77137,0.0,46619.51
Passaic,34,031,2019,44.39452,0.0,46619.51
Passaic,34,031,2020,50.38426,0.0,46619.51
Salem,51,775,2010,6.24573,0.0,2498.17
Salem,51,775,2011,20.96339,0.0,2498.17
Salem,51,775,2012,18.79903,0.0,2498.17
Salem,51,775,2013,15.45973,0.0,2498.17
Salem,51,775,2014,2.84459,0.0,2498.17
Salem,51,775,2015,8.84297,0.0,2498.17
Salem,51,775,2016,9.214,0.0,2498.17
Salem,51,775,2017,6.43125,0.0,2498.17
Salem,51,775,2018,2.78275,0.0,2498.17
Salem,51,775,2019,10.3271,0.0,2498.17
Salem,51,775,2020,6.43125,0.0,2498.17
Chaves,35,005,2010,29.432619999999996,0.0,983924.53
Chaves,35,005,2011,3.3600499999999998,0.0,983924.53
Chaves,35,005,2012,4.38953,0.0,983924.53
Chaves,35,005,2013,41.20567,0.0,983924.53
Chaves,35,005,2014,25.35733,0.0,983924.53
Chaves,35,005,2015,37.64328,0.0,983924.53
Chaves,35,005,2016,2.06999,0.0,983924.53
Chaves,35,005,2017,0.97031,0.0,983924.53
Chaves,35,005,2019,93.27876,0.0,983924.53
Chaves,35,005,2020,0.58218,0.0,983924.53
Doï¿½a Ana,35,013,2010,0.0,16.27587,417813.14
Doï¿½a Ana,35,013,2011,0.0,157.0087,417813.14
Doï¿½a Ana,35,013,2012,0.0,16.21288,417813.14
Doï¿½a Ana,35,013,2013,0.0,62.07355,417813.14
Doï¿½a Ana,35,013,2014,0.0,155.4042,417813.14
De Baca,35,011,2012,0.0,4.88974,249426.73
Harding,46,063,2010,0.0,684.70233,230146.85
Harding,46,063,2011,0.0,194.68328,230146.85
Harding,46,063,2012,0.0,60.03641,230146.85
Harding,46,063,2013,0.0,464.46374000000003,230146.85
Harding,46,063,2014,0.0,4901.38653,230146.85
Harding,46,063,2015,0.0,2202.41068,230146.85
Harding,46,063,2016,0.0,33.04489,230146.85
Harding,46,063,2018,0.0,1473.71926,230146.85
Harding,46,063,2019,0.0,72201.28703,230146.85
Harding,46,063,2020,0.0,184.89681,230146.85
Guadalupe,48,187,2010,0.0,64840.25771,118661.37
Guadalupe,48,187,2011,0.0,21305.64018,118661.37
Guadalupe,48,187,2012,0.0,65536.17427,118661.37
Guadalupe,48,187,2013,0.0,20665.51567,118661.37
Guadalupe,48,187,2014,0.0,87199.7662,118661.37
Guadalupe,48,187,2015,0.0,28835.05698,118661.37
Guadalupe,48,187,2016,0.0,65252.03759,118661.37
Guadalupe,48,187,2017,0.0,37867.08734,118661.37
Guadalupe,48,187,2018,0.0,40274.0057,118661.37
Guadalupe,48,187,2019,0.0,33876.61012,118661.37
Guadalupe,48,187,2020,0.0,25124.53388,118661.37
Lea,35,025,2010,0.0,54.1105,409012.46
Los Alamos,35,028,2010,41.96283,0.0,17833.64
Los Alamos,35,028,2011,6101.88606,0.0,17833.64
Los Alamos,35,028,2012,38.57063,0.0,17833.64
Los Alamos,35,028,2013,4.14603,0.0,17833.64
Los Alamos,35,028,2014,1.2563700000000002,0.0,17833.64
Los Alamos,35,028,2015,8.66897,0.0,17833.64
Los Alamos,35,028,2016,1.0679200000000002,0.0,17833.64
Los Alamos,35,028,2017,0.25127,0.0,17833.64
Los Alamos,35,028,2019,3.58066,0.0,17833.64
Hidalgo,48,215,2010,110.92298,13113.10021,197160.25
Hidalgo,48,215,2011,34.88014,3191.66702,197160.25
Hidalgo,48,215,2012,87.23825,6294.232690000001,197160.25
Hidalgo,48,215,2013,125.34407,1482.0042199999998,197160.25
Hidalgo,48,215,2014,325.60452,7450.64223,197160.25
Hidalgo,48,215,2015,228.55910999999998,1861.72598,197160.25
Hidalgo,48,215,2016,374.85443000000004,2532.6986500000003,197160.25
Hidalgo,48,215,2017,230.7469,2191.41673,197160.25
Hidalgo,48,215,2018,97.21211,746.4686899999999,197160.25
Hidalgo,48,215,2019,161.14678,2917.04117,197160.25
Hidalgo,48,215,2020,193.29453,3815.12385,197160.25
Luna,35,029,2010,0.06558,0.0,263980.74
Luna,35,029,2011,0.39166999999999996,0.0,263980.74
Luna,35,029,2012,0.32521,0.0,263980.74
Luna,35,029,2013,0.38812,0.0,263980.74
Luna,35,029,2014,4.20466,0.0,263980.74
Sandoval,35,043,2010,1646.7899599999998,0.0,466467.16
Sandoval,35,043,2011,22987.4038,0.0,466467.16
Sandoval,35,043,2012,1064.21014,0.0,466467.16
Sandoval,35,043,2013,2039.53194,0.0,466467.16
Sandoval,35,043,2014,1023.9434,0.0,466467.16
Sandoval,35,043,2015,306.05229,0.0,466467.16
Sandoval,35,043,2016,203.02976,0.0,466467.16
Sandoval,35,043,2017,835.73884,0.0,466467.16
Sandoval,35,043,2018,778.44826,0.0,466467.16
Sandoval,35,043,2019,935.30634,0.0,466467.16
Sandoval,35,043,2020,207.92961,0.0,466467.16
Valencia,35,061,2010,10.0116,1741.14786,137955.46
Valencia,35,061,2011,4.46377,17.31542,137955.46
Valencia,35,061,2012,22.12754,3349.29551,137955.46
Valencia,35,061,2013,44.63769,6562.37548,137955.46
Valencia,35,061,2014,74.35364,18000.06979,137955.46
Valencia,35,061,2015,10.64928,2346.44648,137955.46
Valencia,35,061,2016,4.78261,283.14516,137955.46
Valencia,35,061,2017,2.42319,24.57526,137955.46
Valencia,35,061,2018,0.38261,120.22321,137955.46
Valencia,35,061,2019,0.57391,4.44601,137955.46
Valencia,35,061,2020,4.52754,86.38761,137955.46
Cattaraugus,36,009,2010,295.40840000000003,0.0,123637.77
Cattaraugus,36,009,2011,210.11269,0.0,123637.77
Cattaraugus,36,009,2012,228.00223999999997,0.0,123637.77
Cattaraugus,36,009,2013,219.78552,0.0,123637.77
Cattaraugus,36,009,2014,165.353,0.0,123637.77
Cattaraugus,36,009,2015,166.51311,0.0,123637.77
Cattaraugus,36,009,2016,209.19207999999998,0.0,123637.77
Cattaraugus,36,009,2017,160.9748,0.0,123637.77
Cattaraugus,36,009,2018,217.92293,0.0,123637.77
Cattaraugus,36,009,2019,152.65684000000002,0.0,123637.77
Cattaraugus,36,009,2020,203.19044,0.0,123637.77
Chemung,36,015,2010,62.64024,21480.00649,38185.79
Chemung,36,015,2011,29.56251,10369.7592,38185.79
Chemung,36,015,2012,39.87769,12278.7424,38185.79
Chemung,36,015,2013,14.11855,4037.64945,38185.79
Chemung,36,015,2014,18.95919,5438.90373,38185.79
Chemung,36,015,2015,23.85746,8485.73003,38185.79
Chemung,36,015,2016,34.2879,11747.08671,38185.79
Chemung,36,015,2017,73.12831,25424.48929,38185.79
Chemung,36,015,2018,30.1964,11385.49454,38185.79
Chemung,36,015,2019,25.47101,9234.54175,38185.79
Chemung,36,015,2020,72.60967,24147.01697,38185.79
Cayuga,36,011,2010,94.30272,28321.91468,157666.94
Cayuga,36,011,2011,34.46654,10651.93465,157666.94
Cayuga,36,011,2012,129.95582,37888.82096,157666.94
Cayuga,36,011,2013,70.23264,18189.84889,157666.94
Cayuga,36,011,2014,120.7459,28708.95421,157666.94
Cayuga,36,011,2015,110.12343,28092.86625,157666.94
Cayuga,36,011,2016,122.44098,33060.13956,157666.94
Cayuga,36,011,2017,195.21624,51118.64924,157666.94
Cayuga,36,011,2018,159.11112,37571.83479,157666.94
Cayuga,36,011,2019,112.21402,33107.8978,157666.94
Cayuga,36,011,2020,214.87912,63699.79579,157666.94
Chenango,36,017,2010,65.76572,0.0,98570.05
Chenango,36,017,2011,177.7817,0.0,98570.05
Chenango,36,017,2012,126.06902,0.0,98570.05
Chenango,36,017,2013,86.38465,0.0,98570.05
Chenango,36,017,2014,84.27436,0.0,98570.05
Chenango,36,017,2015,83.88803,0.0,98570.05
Chenango,36,017,2016,82.23685,0.0,98570.05
Chenango,36,017,2017,178.64981,0.0,98570.05
Chenango,36,017,2018,174.51046000000002,0.0,98570.05
Chenango,36,017,2019,245.71381,0.0,98570.05
Chenango,36,017,2020,252.05769,0.0,98570.05
Dutchess,36,027,2010,141.70409999999998,49323.44207999999,99849.39
Dutchess,36,027,2011,64.25379,23354.729310000002,99849.39
Dutchess,36,027,2012,96.17899,32406.42523,99849.39
Dutchess,36,027,2013,101.19252,30483.0337,99849.39
Dutchess,36,027,2014,135.59566999999998,40915.54355,99849.39
Dutchess,36,027,2015,66.67411,24031.74956,99849.39
Dutchess,36,027,2016,148.33117,49321.476720000006,99849.39
Dutchess,36,027,2017,137.03634,48145.51342,99849.39
Dutchess,36,027,2018,250.09995999999998,93082.60172,99849.39
Dutchess,36,027,2019,126.08726000000001,43908.40523,99849.39
Dutchess,36,027,2020,168.50053,57815.925319999995,99849.39
Cortland,36,023,2010,0.0,14202.924410000001,47121.89
Cortland,36,023,2011,0.0,5644.02932,47121.89
Cortland,36,023,2012,0.0,19522.8808,47121.89
Cortland,36,023,2013,0.0,12480.36773,47121.89
Cortland,36,023,2014,0.0,12454.17902,47121.89
Cortland,36,023,2015,0.0,13331.42092,47121.89
Cortland,36,023,2016,0.0,30410.85901,47121.89
Cortland,36,023,2017,0.0,46936.63775,47121.89
Cortland,36,023,2018,0.0,53926.44093,47121.89
Cortland,36,023,2019,0.0,54606.11071,47121.89
Cortland,36,023,2020,0.0,20264.004670000002,47121.89
Herkimer,36,043,2010,181.03879,0.0,196224.3
Herkimer,36,043,2011,122.66179000000001,0.0,196224.3
Herkimer,36,043,2012,225.01281,0.0,196224.3
Herkimer,36,043,2013,312.15251,0.0,196224.3
Herkimer,36,043,2014,363.97671,0.0,196224.3
Herkimer,36,043,2015,422.31115,0.0,196224.3
Herkimer,36,043,2016,520.13173,0.0,196224.3
Herkimer,36,043,2017,743.6342,0.0,196224.3
Herkimer,36,043,2018,824.30305,0.0,196224.3
Herkimer,36,043,2019,839.91435,0.0,196224.3
Herkimer,36,043,2020,807.19483,0.0,196224.3
Niagara,36,063,2010,33.6755,0.0,134907.57
Niagara,36,063,2011,27.51674,0.0,134907.57
Niagara,36,063,2012,33.33649,0.0,134907.57
Niagara,36,063,2013,16.894260000000003,0.0,134907.57
Niagara,36,063,2014,19.097859999999997,0.0,134907.57
Niagara,36,063,2015,38.0827,0.0,134907.57
Niagara,36,063,2016,50.79577,0.0,134907.57
Niagara,36,063,2017,51.81282,0.0,134907.57
Niagara,36,063,2018,51.4738,0.0,134907.57
Niagara,36,063,2019,87.74843,0.0,134907.57
Niagara,36,063,2020,63.90436,0.0,134907.57
Onondaga,36,067,2010,106.56376999999999,0.0,89722.57
Onondaga,36,067,2011,47.51862,0.0,89722.57
Onondaga,36,067,2012,119.50283999999999,0.0,89722.57
Onondaga,36,067,2013,78.59502,0.0,89722.57
Onondaga,36,067,2014,83.22822,0.0,89722.57
Onondaga,36,067,2015,66.27747,0.0,89722.57
Onondaga,36,067,2016,159.05462,0.0,89722.57
Onondaga,36,067,2017,210.41541,0.0,89722.57
Onondaga,36,067,2018,141.14332,0.0,89722.57
Onondaga,36,067,2019,87.1834,0.0,89722.57
Onondaga,36,067,2020,102.43909,0.0,89722.57
Schenectady,36,093,2010,48.93119,0.0,36334.35
Schenectady,36,093,2011,36.95265,0.0,36334.35
Schenectady,36,093,2012,81.13763,0.0,36334.35
Schenectady,36,093,2013,51.75632,0.0,36334.35
Schenectady,36,093,2014,72.09723,0.0,36334.35
Schenectady,36,093,2015,80.96812,0.0,36334.35
Schenectady,36,093,2016,114.47412,0.0,36334.35
Schenectady,36,093,2017,108.54136,0.0,36334.35
Schenectady,36,093,2018,111.30998,0.0,36334.35
Schenectady,36,093,2019,84.9233,0.0,36334.35
Schenectady,36,093,2020,133.85449,0.0,36334.35
Westchester,36,119,2010,0.0,33907.9355,75871.88
Westchester,36,119,2011,0.0,25550.05668,75871.88
Westchester,36,119,2012,0.0,27300.91811,75871.88
Westchester,36,119,2013,0.0,26256.89562,75871.88
Westchester,36,119,2014,0.0,27463.64082,75871.88
Westchester,36,119,2015,0.0,20139.60091,75871.88
Westchester,36,119,2016,0.0,35241.19279,75871.88
Westchester,36,119,2017,0.0,50096.0876,75871.88
Westchester,36,119,2018,0.0,53512.9597,75871.88
Westchester,36,119,2019,0.0,34984.52717,75871.88
Westchester,36,119,2020,0.0,29324.947379999998,75871.88
Yates,36,123,2010,26.79061,8896.725139999999,43596.55
Yates,36,123,2011,32.62977,11413.418169999999,43596.55
Yates,36,123,2012,42.838449999999995,14369.79786,43596.55
Yates,36,123,2013,18.01952,4485.22605,43596.55
Yates,36,123,2014,33.72297,5941.0733900000005,43596.55
Yates,36,123,2015,16.742440000000002,4571.30638,43596.55
Yates,36,123,2016,58.55431,16512.82436,43596.55
Yates,36,123,2017,24.73207,7062.25236,43596.55
Yates,36,123,2018,79.73176000000001,18573.56653,43596.55
Yates,36,123,2019,40.128280000000004,10706.71485,43596.55
Yates,36,123,2020,71.59037000000001,11018.58763,43596.55
Anson,37,007,2010,3591.8327,0.0,63643.45
Anson,37,007,2011,1826.26841,0.0,63643.45
Anson,37,007,2012,2975.04107,0.0,63643.45
Anson,37,007,2013,2720.97134,0.0,63643.45
Anson,37,007,2014,3304.91907,0.0,63643.45
Anson,37,007,2015,3938.26829,0.0,63643.45
Anson,37,007,2016,3663.8669099999997,0.0,63643.45
Anson,37,007,2017,4232.183709999999,0.0,63643.45
Anson,37,007,2018,3378.50218,0.0,63643.45
Anson,37,007,2019,2830.55509,0.0,63643.45
Anson,37,007,2020,3296.43824,0.0,63643.45
Ashe,37,009,2010,327.92373999999995,128966.09792,56676.04
Ashe,37,009,2011,248.00139000000001,97297.46181,56676.04
Ashe,37,009,2012,315.67167,111846.04248,56676.04
Ashe,37,009,2013,421.74035,125402.20249,56676.04
Ashe,37,009,2014,896.76431,204553.75065,56676.04
Ashe,37,009,2015,813.956,232706.05670999998,56676.04
Ashe,37,009,2016,1518.6962899999999,407110.15155,56676.04
Ashe,37,009,2017,1141.82047,329229.61019,56676.04
Ashe,37,009,2018,665.23437,217063.32088,56676.04
Ashe,37,009,2019,768.22607,259955.66335000002,56676.04
Ashe,37,009,2020,530.73839,184512.04508,56676.04
Wyoming,54,109,2010,559.3110300000001,0.0,77884.83
Wyoming,54,109,2011,523.43597,0.0,77884.83
Wyoming,54,109,2012,640.89657,0.0,77884.83
Wyoming,54,109,2013,527.85165,0.0,77884.83
Wyoming,54,109,2014,773.32126,0.0,77884.83
Wyoming,54,109,2015,762.35973,0.0,77884.83
Wyoming,54,109,2016,1948.84697,0.0,77884.83
Wyoming,54,109,2017,1240.1319,0.0,77884.83
Wyoming,54,109,2018,983.09813,0.0,77884.83
Wyoming,54,109,2019,1172.1881,0.0,77884.83
Wyoming,54,109,2020,1318.28,0.0,77884.83
Avery,37,011,2010,91.20785000000001,37023.07126,42640.74
Avery,37,011,2011,121.59443,50217.986450000004,42640.74
Avery,37,011,2012,93.64441000000001,34228.81661,42640.74
Avery,37,011,2013,118.07266,29040.30896,42640.74
Avery,37,011,2014,190.28284000000002,41782.28087,42640.74
Avery,37,011,2015,257.55839,77922.72898999999,42640.74
Avery,37,011,2016,580.6333999999999,164362.4827,42640.74
Avery,37,011,2017,435.0487,133410.44099,42640.74
Avery,37,011,2018,203.7343,65293.49689,42640.74
Avery,37,011,2019,168.50716,57397.71539,42640.74
Avery,37,011,2020,174.31037,55490.20112,42640.74
Beaufort,45,013,2010,1605.99727,0.0,153059.52
Beaufort,45,013,2011,1754.59589,0.0,153059.52
Beaufort,45,013,2012,1806.53474,0.0,153059.52
Beaufort,45,013,2013,1702.96484,0.0,153059.52
Beaufort,45,013,2014,1781.81861,0.0,153059.52
Beaufort,45,013,2015,1720.50298,0.0,153059.52
Beaufort,45,013,2016,2811.58352,0.0,153059.52
Beaufort,45,013,2017,3642.71416,0.0,153059.52
Beaufort,45,013,2018,3369.71616,0.0,153059.52
Beaufort,45,013,2019,2039.5208499999999,0.0,153059.52
Beaufort,45,013,2020,1888.16833,0.0,153059.52
Bertie,37,015,2010,3060.71132,0.0,103172.13
Bertie,37,015,2011,1910.5025,0.0,103172.13
Bertie,37,015,2012,2702.45677,0.0,103172.13
Bertie,37,015,2013,3084.77085,0.0,103172.13
Bertie,37,015,2014,3670.36597,0.0,103172.13
Bertie,37,015,2015,4230.45673,0.0,103172.13
Bertie,37,015,2016,5071.84924,0.0,103172.13
Bertie,37,015,2017,4782.12979,0.0,103172.13
Bertie,37,015,2018,4544.98953,0.0,103172.13
Bertie,37,015,2019,3433.9167,0.0,103172.13
Bertie,37,015,2020,4447.74631,0.0,103172.13
Bladen,37,017,2010,4911.67624,0.0,118631.39
Bladen,37,017,2011,3938.0007,0.0,118631.39
Bladen,37,017,2012,4450.82398,0.0,118631.39
Bladen,37,017,2013,4687.08489,0.0,118631.39
Bladen,37,017,2014,5480.99808,0.0,118631.39
Bladen,37,017,2015,5538.00679,0.0,118631.39
Bladen,37,017,2016,5919.59526,0.0,118631.39
Bladen,37,017,2017,7079.2824200000005,0.0,118631.39
Bladen,37,017,2018,6981.844730000001,0.0,118631.39
Bladen,37,017,2019,5465.5661900000005,0.0,118631.39
Bladen,37,017,2020,4191.35147,0.0,118631.39
Buncombe,37,021,2010,206.1707,0.0,96884.92
Buncombe,37,021,2011,177.46258,0.0,96884.92
Buncombe,37,021,2012,308.56503,0.0,96884.92
Buncombe,37,021,2013,305.98946,0.0,96884.92
Buncombe,37,021,2014,358.44300999999996,0.0,96884.92
Buncombe,37,021,2015,343.36654,0.0,96884.92
Buncombe,37,021,2016,733.8470400000001,0.0,96884.92
Buncombe,37,021,2017,822.04438,0.0,96884.92
Buncombe,37,021,2018,467.55895,0.0,96884.92
Buncombe,37,021,2019,487.34680000000003,0.0,96884.92
Buncombe,37,021,2020,400.71993999999995,0.0,96884.92
Carteret,37,031,2010,0.0,735512.5391200001,259437.98
Carteret,37,031,2011,0.0,1348628.21345,259437.98
Carteret,37,031,2012,0.0,7464879.95452,259437.98
Carteret,37,031,2013,0.0,1814733.22336,259437.98
Carteret,37,031,2014,0.0,1759454.52001,259437.98
Carteret,37,031,2015,0.0,1145009.2071099998,259437.98
Carteret,37,031,2016,0.0,1144387.12772,259437.98
Carteret,37,031,2017,0.0,2563510.95234,259437.98
Carteret,37,031,2018,0.0,1394661.03077,259437.98
Carteret,37,031,2019,0.0,1887219.66709,259437.98
Carteret,37,031,2020,0.0,1091927.03712,259437.98
Columbus,37,047,2010,0.0,2211686.31099,165187.45
Columbus,37,047,2011,0.0,2047152.9997200002,165187.45
Columbus,37,047,2012,0.0,2355867.0292,165187.45
Columbus,37,047,2013,0.0,2680964.32277,165187.45
Columbus,37,047,2014,0.0,3434811.24095,165187.45
Columbus,37,047,2015,0.0,2838672.56384,165187.45
Columbus,37,047,2016,0.0,3537473.1122200005,165187.45
Columbus,37,047,2017,0.0,4231956.42553,165187.45
Columbus,37,047,2018,0.0,3846264.01654,165187.45
Columbus,37,047,2019,0.0,3919350.03336,165187.45
Columbus,37,047,2020,0.0,2908910.04746,165187.45
Caswell,37,033,2010,1467.14771,548787.29944,38654.85
Caswell,37,033,2011,872.07271,332193.70873,38654.85
Caswell,37,033,2012,1096.27214,415102.56787,38654.85
Caswell,37,033,2013,1004.0267299999999,371277.47286,38654.85
Caswell,37,033,2014,1001.15221,369743.42195999995,38654.85
Caswell,37,033,2015,1067.01399,408795.50399,38654.85
Caswell,37,033,2016,1274.58838,478627.24623,38654.85
Caswell,37,033,2017,1378.4223100000002,526885.7315,38654.85
Caswell,37,033,2018,1116.84342,440613.50152,38654.85
Caswell,37,033,2019,883.98105,328082.35216,38654.85
Caswell,37,033,2020,816.54857,315584.47545,38654.85
Craven,37,049,2010,0.0,2861202.1761,166446.59
Craven,37,049,2011,0.0,2889312.9750699997,166446.59
Craven,37,049,2012,0.0,9532047.21183,166446.59
Craven,37,049,2013,0.0,3812004.69418,166446.59
Craven,37,049,2014,0.0,3827591.68078,166446.59
Craven,37,049,2015,0.0,3511606.03842,166446.59
Craven,37,049,2016,0.0,3300630.43437,166446.59
Craven,37,049,2017,0.0,3701498.14278,166446.59
Craven,37,049,2018,0.0,3187509.9442499997,166446.59
Craven,37,049,2019,0.0,3274254.05014,166446.59
Craven,37,049,2020,0.0,3177793.28143,166446.59
Dare,37,055,2010,200.83111,0.0,228797.17
Dare,37,055,2011,4894.57511,0.0,228797.17
Dare,37,055,2012,2927.41022,0.0,228797.17
Dare,37,055,2013,133.55237,0.0,228797.17
Dare,37,055,2014,123.62703,0.0,228797.17
Dare,37,055,2015,84.80513,0.0,228797.17
Dare,37,055,2016,2553.89074,0.0,228797.17
Dare,37,055,2017,288.65153,0.0,228797.17
Dare,37,055,2018,86.94096,0.0,228797.17
Dare,37,055,2019,226.83801,0.0,228797.17
Dare,37,055,2020,144.67127,0.0,228797.17
Davie,37,059,2010,584.65284,0.0,36118.18
Davie,37,059,2011,429.55368,0.0,36118.18
Davie,37,059,2012,474.40617,0.0,36118.18
Davie,37,059,2013,276.15063,0.0,36118.18
Davie,37,059,2014,437.40601,0.0,36118.18
Davie,37,059,2015,717.1373,0.0,36118.18
Davie,37,059,2016,671.34253,0.0,36118.18
Davie,37,059,2017,656.32888,0.0,36118.18
Davie,37,059,2018,485.77634,0.0,36118.18
Davie,37,059,2019,531.8852,0.0,36118.18
Davie,37,059,2020,715.8181,0.0,36118.18
Davidson,47,037,2010,203.5491,0.0,77438.31
Davidson,47,037,2011,114.37416999999999,0.0,77438.31
Davidson,47,037,2012,117.36901,0.0,77438.31
Davidson,47,037,2013,210.69956,0.0,77438.31
Davidson,47,037,2014,245.32794,0.0,77438.31
Davidson,47,037,2015,356.23983999999996,0.0,77438.31
Davidson,47,037,2016,554.27025,0.0,77438.31
Davidson,47,037,2017,581.66167,0.0,77438.31
Davidson,47,037,2018,425.63553,0.0,77438.31
Davidson,47,037,2019,471.17712000000006,0.0,77438.31
Davidson,47,037,2020,486.59853,0.0,77438.31
Duplin,37,061,2010,2836.26847,0.0,88282.56
Duplin,37,061,2011,2284.78019,0.0,88282.56
Duplin,37,061,2012,2151.99571,0.0,88282.56
Duplin,37,061,2013,2701.8924,0.0,88282.56
Duplin,37,061,2014,2421.9022400000003,0.0,88282.56
Duplin,37,061,2015,2733.26177,0.0,88282.56
Duplin,37,061,2016,3066.19999,0.0,88282.56
Duplin,37,061,2017,3749.58986,0.0,88282.56
Duplin,37,061,2018,2515.82693,0.0,88282.56
Duplin,37,061,2019,2577.8309200000003,0.0,88282.56
Duplin,37,061,2020,2555.06505,0.0,88282.56
Durham,37,063,2010,509.89869,0.0,39191.69
Durham,37,063,2011,609.27774,0.0,39191.69
Durham,37,063,2012,435.89836,0.0,39191.69
Durham,37,063,2013,354.04571,0.0,39191.69
Durham,37,063,2014,708.40551,0.0,39191.69
Durham,37,063,2015,696.7212400000001,0.0,39191.69
Durham,37,063,2016,750.30552,0.0,39191.69
Durham,37,063,2017,792.9593600000001,0.0,39191.69
Durham,37,063,2018,459.45534,0.0,39191.69
Durham,37,063,2019,547.33858,0.0,39191.69
Durham,37,063,2020,512.85117,0.0,39191.69
Hoke,37,093,2010,0.0,368087.09854000004,53658.26
Hoke,37,093,2011,0.0,175362.55002000002,53658.26
Hoke,37,093,2012,0.0,410298.92217,53658.26
Hoke,37,093,2013,0.0,340972.27882,53658.26
Hoke,37,093,2014,0.0,357205.51421000005,53658.26
Hoke,37,093,2015,0.0,424769.68539,53658.26
Hoke,37,093,2016,0.0,718166.54413,53658.26
Hoke,37,093,2017,0.0,330739.10387999995,53658.26
Hoke,37,093,2018,0.0,487959.51442,53658.26
Hoke,37,093,2019,0.0,514228.51808,53658.26
Hoke,37,093,2020,0.0,353162.49039,53658.26
Hyde,46,069,2010,1.21772,0.0,76873.66
Hyde,46,069,2011,2.10333,0.0,76873.66
Hyde,46,069,2012,0.05535,0.0,76873.66
Hyde,46,069,2013,3.54245,0.0,76873.66
Hyde,46,069,2014,0.05535,0.0,76873.66
Hyde,46,069,2015,0.44281,0.0,76873.66
Hyde,46,069,2018,0.16605,0.0,76873.66
Hyde,46,069,2020,1.60517,0.0,76873.66
Haywood,47,075,2010,123.62703,0.0,60847.42
Haywood,47,075,2011,90.52162,0.0,60847.42
Haywood,47,075,2012,249.89245,0.0,60847.42
Haywood,47,075,2013,306.61765,0.0,60847.42
Haywood,47,075,2014,169.67308,0.0,60847.42
Haywood,47,075,2015,221.12152,0.0,60847.42
Haywood,47,075,2016,378.60779,0.0,60847.42
Haywood,47,075,2017,532.38775,0.0,60847.42
Haywood,47,075,2018,90.27035,0.0,60847.42
Haywood,47,075,2019,168.29107,0.0,60847.42
Haywood,47,075,2020,127.33333,0.0,60847.42
McDowell,54,047,2010,690.98947,0.0,76947.97
McDowell,54,047,2011,571.80392,0.0,76947.97
McDowell,54,047,2012,879.5079,0.0,76947.97
McDowell,54,047,2013,791.68772,0.0,76947.97
McDowell,54,047,2014,990.1859499999999,0.0,76947.97
McDowell,54,047,2015,713.57615,0.0,76947.97
McDowell,54,047,2016,1435.42463,0.0,76947.97
McDowell,54,047,2017,1262.87171,0.0,76947.97
McDowell,54,047,2018,834.44403,0.0,76947.97
McDowell,54,047,2019,1258.44989,0.0,76947.97
McDowell,54,047,2020,1034.03981,0.0,76947.97
Iredell,37,097,2010,1056.16935,390106.73186,78326.25
Iredell,37,097,2011,1020.99093,388251.63549,78326.25
Iredell,37,097,2012,1099.13729,408529.42986,78326.25
Iredell,37,097,2013,1206.11738,432373.16447,78326.25
Iredell,37,097,2014,1397.14879,477483.21695,78326.25
Iredell,37,097,2015,1534.84719,557240.44674,78326.25
Iredell,37,097,2016,1614.1871,531813.50739,78326.25
Iredell,37,097,2017,1686.17723,589866.52811,78326.25
Iredell,37,097,2018,1225.71679,450137.67198,78326.25
Iredell,37,097,2019,1329.11623,485001.58582,78326.25
Iredell,37,097,2020,1284.64065,452069.32809,78326.25
Currituck,37,053,2010,1068.23828,0.0,103383.22
Currituck,37,053,2011,440.28241,0.0,103383.22
Currituck,37,053,2012,790.16578,0.0,103383.22
Currituck,37,053,2013,832.1141899999999,0.0,103383.22
Currituck,37,053,2014,664.3513,0.0,103383.22
Currituck,37,053,2015,773.02324,0.0,103383.22
Currituck,37,053,2016,663.9371000000001,0.0,103383.22
Currituck,37,053,2017,614.13352,0.0,103383.22
Currituck,37,053,2018,383.75176,0.0,103383.22
Currituck,37,053,2019,503.03403,0.0,103383.22
Currituck,37,053,2020,176.38834,0.0,103383.22
Halifax,51,083,2010,0.0,1821269.71924,113263.08
Halifax,51,083,2011,0.0,1496568.55657,113263.08
Halifax,51,083,2012,0.0,1615382.84082,113263.08
Halifax,51,083,2013,0.0,1707730.38081,113263.08
Halifax,51,083,2014,0.0,1708688.24903,113263.08
Halifax,51,083,2015,0.0,1789249.5517499999,113263.08
Halifax,51,083,2016,0.0,2191165.33581,113263.08
Halifax,51,083,2017,0.0,1888336.15253,113263.08
Halifax,51,083,2018,0.0,2076805.7716299999,113263.08
Halifax,51,083,2019,0.0,1742076.15565,113263.08
Halifax,51,083,2020,0.0,1663427.39646,113263.08
Lenoir,37,107,2010,1662.99716,609513.1535,61668.76
Lenoir,37,107,2011,1309.07709,498712.98273000005,61668.76
Lenoir,37,107,2012,1443.0691900000002,566398.13963,61668.76
Lenoir,37,107,2013,1834.2406999999998,736085.98688,61668.76
Lenoir,37,107,2014,1708.60348,680837.8735,61668.76
Lenoir,37,107,2015,2069.05668,818718.91498,61668.76
Lenoir,37,107,2016,2234.33245,927116.01177,61668.76
Lenoir,37,107,2017,2556.90604,1062904.01204,61668.76
Lenoir,37,107,2018,2641.64835,1123184.07926,61668.76
Lenoir,37,107,2019,2009.88155,890322.94836,61668.76
Lenoir,37,107,2020,1764.32358,794481.0732100001,61668.76
New Hanover,37,129,2010,607.13634,170571.56072,71957.77
New Hanover,37,129,2011,861.3161,246580.06356,71957.77
New Hanover,37,129,2012,1098.91614,318791.82432,71957.77
New Hanover,37,129,2013,700.42911,211136.88282,71957.77
New Hanover,37,129,2014,932.99147,244453.15723,71957.77
New Hanover,37,129,2015,681.42621,187436.75127,71957.77
New Hanover,37,129,2016,594.57402,156516.74219,71957.77
New Hanover,37,129,2017,963.85524,295610.05259,71957.77
New Hanover,37,129,2018,588.0059,177556.61392,71957.77
New Hanover,37,129,2019,892.75378,265229.6902,71957.77
New Hanover,37,129,2020,396.89282,126317.61586,71957.77
Moore,48,341,2010,1.13074,0.0,77617.88
Moore,48,341,2011,0.50255,0.0,77617.88
Moore,48,341,2012,0.37691,92.04364,77617.88
Moore,48,341,2013,0.43973,43.46431,77617.88
Moore,48,341,2014,0.31409,43.66573,77617.88
Mecklenburg,51,117,2010,2371.46085,934402.02025,81359.53
Mecklenburg,51,117,2011,2341.46897,950409.1319,81359.53
Mecklenburg,51,117,2012,1980.08231,791313.92243,81359.53
Mecklenburg,51,117,2013,3303.92997,1162560.84127,81359.53
Mecklenburg,51,117,2014,3162.31883,1136685.47384,81359.53
Mecklenburg,51,117,2015,3453.88935,1234210.03348,81359.53
Mecklenburg,51,117,2016,3368.42796,1262932.82212,81359.53
Mecklenburg,51,117,2017,4303.74167,1610753.57596,81359.53
Mecklenburg,51,117,2018,3369.66474,1280352.42658,81359.53
Mecklenburg,51,117,2019,3580.65914,1343494.50548,81359.53
Mecklenburg,51,117,2020,3127.75087,1177778.57279,81359.53
Nash,37,127,2010,1494.83173,587130.60878,87390.75
Nash,37,127,2011,1400.66663,585275.31929,87390.75
Nash,37,127,2012,1150.27164,482277.06887,87390.75
Nash,37,127,2013,1778.77187,720419.31414,87390.75
Nash,37,127,2014,2410.47585,974102.13655,87390.75
Nash,37,127,2015,3253.75292,1319322.78855,87390.75
Nash,37,127,2016,3785.70094,1532310.2734,87390.75
Nash,37,127,2017,3175.98348,1178037.27,87390.75
Nash,37,127,2018,2846.75112,1143643.99879,87390.75
Nash,37,127,2019,2578.39,1084285.12965,87390.75
Nash,37,127,2020,2205.49871,1007769.13039,87390.75
Hertford,37,091,2010,1810.10213,729319.98315,52367.39
Hertford,37,091,2011,1009.21294,435175.93223000003,52367.39
Hertford,37,091,2012,1543.32057,664017.20216,52367.39
Hertford,37,091,2013,2146.4973,818613.43123,52367.39
Hertford,37,091,2014,2492.3860000000004,993956.57273,52367.39
Hertford,37,091,2015,2410.50309,991883.87841,52367.39
Hertford,37,091,2016,2500.2462499999997,952342.75066,52367.39
Hertford,37,091,2017,2590.1528,983993.74332,52367.39
Hertford,37,091,2018,2413.8681,1042516.78952,52367.39
Hertford,37,091,2019,2116.4498399999998,838802.17514,52367.39
Hertford,37,091,2020,2065.04074,936365.11059,52367.39
Northampton,51,131,2010,90.92826,29168.5385,99607.99
Northampton,51,131,2011,16.975949999999997,8794.81604,99607.99
Northampton,51,131,2012,7.12385,2761.8454,99607.99
Northampton,51,131,2013,60.00118,28032.6347,99607.99
Northampton,51,131,2014,31.84832,13677.19643,99607.99
Northampton,51,131,2015,34.09269,9568.4533,99607.99
Northampton,51,131,2016,48.15566,12847.524870000001,99607.99
Northampton,51,131,2017,37.08518,10217.16293,99607.99
Northampton,51,131,2018,24.51626,10422.554660000002,99607.99
Northampton,51,131,2019,109.95981,55287.35283,99607.99
Northampton,51,131,2020,40.69211,20060.21664,99607.99
Onslow,37,133,2010,3125.7223,1144890.19314,114176.39
Onslow,37,133,2011,5117.64729,2300100.9470699998,114176.39
Onslow,37,133,2012,4617.83271,1952857.24752,114176.39
Onslow,37,133,2013,3086.05852,1170872.37693,114176.39
Onslow,37,133,2014,3264.1629000000003,1185003.11593,114176.39
Onslow,37,133,2015,2749.61788,1129461.9906600001,114176.39
Onslow,37,133,2016,2969.17155,1172086.78827,114176.39
Onslow,37,133,2017,4238.34858,1714277.9615600002,114176.39
Onslow,37,133,2018,3023.6933,1239403.1264,114176.39
Onslow,37,133,2019,4152.96306,1742535.24645,114176.39
Onslow,37,133,2020,3143.38607,1326732.04219,114176.39
Pamlico,37,137,2010,2224.52324,959150.10525,93472.56
Pamlico,37,137,2011,2417.4934200000002,1053113.08094,93472.56
Pamlico,37,137,2012,2566.42177,1154966.68978,93472.56
Pamlico,37,137,2013,2699.73386,1166363.6278300001,93472.56
Pamlico,37,137,2014,3634.42852,1746601.48924,93472.56
Pamlico,37,137,2015,2243.4120900000003,1131722.08858,93472.56
Pamlico,37,137,2016,2399.15794,1093492.40178,93472.56
Pamlico,37,137,2017,2799.97618,1332407.68725,93472.56
Pamlico,37,137,2018,1972.7346499999999,932919.47756,93472.56
Pamlico,37,137,2019,1881.70971,969897.43955,93472.56
Pamlico,37,137,2020,1557.1916099999999,814220.54356,93472.56
Pasquotank,37,139,2010,1091.8433300000002,510301.90125,69322.34
Pasquotank,37,139,2011,575.32507,258262.04362,69322.34
Pasquotank,37,139,2012,835.15369,378753.1859,69322.34
Pasquotank,37,139,2013,1008.7810400000001,396499.85581,69322.34
Pasquotank,37,139,2014,1307.9440399999999,603224.48886,69322.34
Pasquotank,37,139,2015,654.34367,290146.69658,69322.34
Pasquotank,37,139,2016,1176.03903,487819.58693,69322.34
Pasquotank,37,139,2017,867.7773400000001,389313.33950999996,69322.34
Pasquotank,37,139,2018,709.8667399999999,324828.79918,69322.34
Pasquotank,37,139,2019,771.22792,374817.17216,69322.34
Pasquotank,37,139,2020,571.2703899999999,273678.62928,69322.34
Pender,37,141,2010,3962.67897,1420450.61779,126631.87
Pender,37,141,2011,10767.69468,6825380.85225,126631.87
Pender,37,141,2012,3684.5224,1410770.81572,126631.87
Pender,37,141,2013,4122.73697,1441982.90298,126631.87
Pender,37,141,2014,5275.2821,1856498.0673399998,126631.87
Pender,37,141,2015,3719.65864,1376906.3750800001,126631.87
Pender,37,141,2016,5590.55172,2101861.23679,126631.87
Pender,37,141,2017,6004.85325,2291987.4594099997,126631.87
Pender,37,141,2018,4635.49648,1801177.7131700001,126631.87
Pender,37,141,2019,6595.47364,2526971.0701800003,126631.87
Pender,37,141,2020,4366.39498,1765821.911,126631.87
Perquimans,37,143,2010,453.35008,197619.46934,50912.07
Perquimans,37,143,2011,483.26507,212294.39604999998,50912.07
Perquimans,37,143,2012,526.9653,227939.98027,50912.07
Perquimans,37,143,2013,743.29064,294563.91462,50912.07
Perquimans,37,143,2014,1228.82176,557063.9776,50912.07
Perquimans,37,143,2015,853.63532,418898.12349,50912.07
Perquimans,37,143,2016,1033.10231,441492.84676,50912.07
Perquimans,37,143,2017,765.1243400000001,316013.27775,50912.07
Perquimans,37,143,2018,565.37058,290974.08348000003,50912.07
Perquimans,37,143,2019,671.80268,300592.72609,50912.07
Perquimans,37,143,2020,759.22277,339018.57585,50912.07
Pitt,37,147,2010,1949.38722,0.0,103013.39
Pitt,37,147,2011,2562.6225299999996,0.0,103013.39
Pitt,37,147,2012,2896.12655,0.0,103013.39
Pitt,37,147,2013,2567.5852,0.0,103013.39
Pitt,37,147,2014,2675.31912,0.0,103013.39
Pitt,37,147,2015,3458.03906,0.0,103013.39
Pitt,37,147,2016,3371.6634599999998,0.0,103013.39
Pitt,37,147,2017,3899.8423599999996,0.0,103013.39
Pitt,37,147,2018,3922.8339699999997,0.0,103013.39
Pitt,37,147,2019,4171.09314,0.0,103013.39
Pitt,37,147,2020,3311.4204099999997,0.0,103013.39
Robeson,37,155,2010,3304.14552,1315553.27519,143420.16
Robeson,37,155,2011,2536.18596,1047441.33463,143420.16
Robeson,37,155,2012,3357.07306,1388684.54363,143420.16
Robeson,37,155,2013,2629.47873,1060238.70329,143420.16
Robeson,37,155,2014,3524.27309,1423243.18823,143420.16
Robeson,37,155,2015,4167.6935,1622992.00819,143420.16
Robeson,37,155,2016,4679.62402,1777685.55485,143420.16
Robeson,37,155,2017,5161.39223,1941679.91545,143420.16
Robeson,37,155,2018,5633.40391,2254466.82822,143420.16
Robeson,37,155,2019,3621.00934,1424607.12235,143420.16
Robeson,37,155,2020,3746.24994,1592974.52855,143420.16
Person,37,145,2010,764.17605,289751.22403000004,36018.15
Person,37,145,2011,738.75548,292254.91120000003,36018.15
Person,37,145,2012,998.95348,399914.03194,36018.15
Person,37,145,2013,1004.4533,364086.25923,36018.15
Person,37,145,2014,1004.427,390474.64052,36018.15
Person,37,145,2015,1427.5438499999998,569469.5316699999,36018.15
Person,37,145,2016,1395.73234,577180.03747,36018.15
Person,37,145,2017,1057.56596,385926.46699,36018.15
Person,37,145,2018,823.15667,320760.99427,36018.15
Person,37,145,2019,633.6323900000001,195722.89083000002,36018.15
Person,37,145,2020,725.4928500000001,282474.30112,36018.15
Rutherford,47,149,2010,138.26377,46241.450509999995,88714.25
Rutherford,47,149,2011,190.90577000000002,61732.65911,88714.25
Rutherford,47,149,2012,201.20802,64865.66541,88714.25
Rutherford,47,149,2013,153.84279,38630.926,88714.25
Rutherford,47,149,2014,195.99408,57520.97042,88714.25
Rutherford,47,149,2015,320.56339,97984.14917,88714.25
Rutherford,47,149,2016,915.5813,222511.22712999998,88714.25
Rutherford,47,149,2017,1116.0355,318757.70419,88714.25
Rutherford,47,149,2018,671.84508,188578.81451,88714.25
Rutherford,47,149,2019,684.47162,190178.55719000002,88714.25
Rutherford,47,149,2020,573.21985,169695.91001,88714.25
Sampson,37,163,2010,4421.52739,1560963.55756,142117.12
Sampson,37,163,2011,3325.8498600000003,1215366.1374300001,142117.12
Sampson,37,163,2012,4082.17888,1519172.3819900001,142117.12
Sampson,37,163,2013,4972.60858,1700542.98482,142117.12
Sampson,37,163,2014,4303.6485,1576297.85335,142117.12
Sampson,37,163,2015,4010.42429,1475097.3710699999,142117.12
Sampson,37,163,2016,5322.0145600000005,1935110.81483,142117.12
Sampson,37,163,2017,6021.13947,2268444.86409,142117.12
Sampson,37,163,2018,6011.2982,2128075.53591,142117.12
Sampson,37,163,2019,3942.9391499999997,1495579.06685,142117.12
Sampson,37,163,2020,3858.0094200000003,1507347.82791,142117.12
Stanly,37,167,2010,898.68309,334951.33852,54493.88
Stanly,37,167,2011,783.72503,299413.85302,54493.88
Stanly,37,167,2012,921.48625,352819.81701,54493.88
Stanly,37,167,2013,834.98501,316830.73531,54493.88
Stanly,37,167,2014,926.82583,327477.8596,54493.88
Stanly,37,167,2015,1193.42802,439855.47154,54493.88
Stanly,37,167,2016,1418.13021,484484.74919,54493.88
Stanly,37,167,2017,1434.90278,509665.34357,54493.88
Stanly,37,167,2018,1487.79605,559942.48598,54493.88
Stanly,37,167,2019,1010.62586,397036.6891,54493.88
Stanly,37,167,2020,1015.08598,406556.35722,54493.88
Stokes,37,169,2010,761.79369,0.0,40777.65
Stokes,37,169,2011,713.62117,0.0,40777.65
Stokes,37,169,2012,739.28432,0.0,40777.65
Stokes,37,169,2013,444.80737,0.0,40777.65
Stokes,37,169,2014,462.55514,0.0,40777.65
Stokes,37,169,2015,624.57312,0.0,40777.65
Stokes,37,169,2016,933.52038,0.0,40777.65
Stokes,37,169,2017,974.08671,0.0,40777.65
Stokes,37,169,2018,587.96448,0.0,40777.65
Stokes,37,169,2019,644.36158,0.0,40777.65
Stokes,37,169,2020,475.3558,0.0,40777.65
Swain,37,173,2010,170.30126,0.0,110046.41
Swain,37,173,2011,403.67241,0.0,110046.41
Swain,37,173,2012,111.18894,0.0,110046.41
Swain,37,173,2013,120.42328,0.0,110046.41
Swain,37,173,2014,132.35882,0.0,110046.41
Swain,37,173,2015,108.11082999999999,0.0,110046.41
Swain,37,173,2016,393.80989,0.0,110046.41
Swain,37,173,2017,1847.18134,0.0,110046.41
Swain,37,173,2018,470.07169,0.0,110046.41
Swain,37,173,2019,155.16197,0.0,110046.41
Swain,37,173,2020,106.35191,0.0,110046.41
Vance,37,181,2010,433.98408,0.0,29139.17
Vance,37,181,2011,558.90438,0.0,29139.17
Vance,37,181,2012,466.19253999999995,0.0,29139.17
Vance,37,181,2013,599.15713,0.0,29139.17
Vance,37,181,2014,1221.91221,0.0,29139.17
Vance,37,181,2015,969.3681899999999,0.0,29139.17
Vance,37,181,2016,1166.41054,0.0,29139.17
Vance,37,181,2017,1460.19158,0.0,29139.17
Vance,37,181,2018,1152.2072600000001,0.0,29139.17
Vance,37,181,2019,917.19125,0.0,29139.17
Vance,37,181,2020,908.1622400000001,0.0,29139.17
Transylvania,37,175,2010,66.148,27886.02267,63340.8
Transylvania,37,175,2011,73.18369,30274.44101,63340.8
Transylvania,37,175,2012,144.29436,51767.6681,63340.8
Transylvania,37,175,2013,147.87502,58616.35564,63340.8
Transylvania,37,175,2014,173.1281,69478.07498,63340.8
Transylvania,37,175,2015,192.66469,79318.67833,63340.8
Transylvania,37,175,2016,337.08468,136204.00781,63340.8
Transylvania,37,175,2017,241.91448,90739.65149,63340.8
Transylvania,37,175,2018,543.0041,185866.37641,63340.8
Transylvania,37,175,2019,244.6785,105933.48834,63340.8
Transylvania,37,175,2020,297.38332,127414.15899,63340.8
Yancey,37,199,2010,88.69988,0.0,47281.25
Yancey,37,199,2011,76.38744,0.0,47281.25
Yancey,37,199,2012,222.12662,0.0,47281.25
Yancey,37,199,2013,269.11495,0.0,47281.25
Yancey,37,199,2014,156.98372,0.0,47281.25
Yancey,37,199,2015,269.17776,0.0,47281.25
Yancey,37,199,2016,338.71797,0.0,47281.25
Yancey,37,199,2017,331.87073,0.0,47281.25
Yancey,37,199,2018,244.11313,0.0,47281.25
Yancey,37,199,2019,238.77355,0.0,47281.25
Yancey,37,199,2020,177.90231,0.0,47281.25
Bottineau,38,009,2010,0.0,4245.05715,164727.97
Bottineau,38,009,2011,0.0,1005.73869,164727.97
Bottineau,38,009,2012,0.0,12156.79436,164727.97
Bottineau,38,009,2013,0.0,878.2141799999999,164727.97
Bottineau,38,009,2014,0.0,634.04507,164727.97
Bottineau,38,009,2020,0.0,20.24214,164727.97
Bowman,38,011,2010,3.68009,0.0,99538.63
Bowman,38,011,2011,0.43338,0.0,99538.63
Bowman,38,011,2012,6.17562,0.0,99538.63
Bowman,38,011,2013,0.48393,0.0,99538.63
Bowman,38,011,2014,0.74998,0.0,99538.63
Bowman,38,011,2015,0.86675,0.0,99538.63
Bowman,38,011,2016,0.05417,0.0,99538.63
Bowman,38,011,2017,0.21669,0.0,99538.63
Emmons,38,029,2010,2.08619,0.0,152720.75
Emmons,38,029,2011,1.65282,0.0,152720.75
Emmons,38,029,2012,4.84892,0.0,152720.75
Emmons,38,029,2013,4.16878,0.0,152720.75
Emmons,38,029,2014,0.32021,0.0,152720.75
Emmons,38,029,2018,0.48755,0.0,152720.75
Emmons,38,029,2020,19.49714,0.0,152720.75
Dunn,55,033,2010,100.58449,0.0,76806.48
Dunn,55,033,2011,151.69251,0.0,76806.48
Dunn,55,033,2012,166.12886,0.0,76806.48
Dunn,55,033,2013,182.26821,0.0,76806.48
Dunn,55,033,2014,304.03239,0.0,76806.48
Dunn,55,033,2015,134.01839999999999,0.0,76806.48
Dunn,55,033,2016,428.92911,0.0,76806.48
Dunn,55,033,2017,376.79407000000003,0.0,76806.48
Dunn,55,033,2018,254.90304,0.0,76806.48
Dunn,55,033,2019,208.90071999999998,0.0,76806.48
Dunn,55,033,2020,241.24847,0.0,76806.48
Foster,38,031,2010,4.55887,0.0,55132.19
Foster,38,031,2011,5.26221,0.0,55132.19
Foster,38,031,2012,3.00311,0.0,55132.19
Foster,38,031,2013,20.458840000000002,0.0,55132.19
Foster,38,031,2014,2.6114100000000002,0.0,55132.19
Foster,38,031,2015,0.05174,0.0,55132.19
Divide,38,023,2010,13.910020000000001,1837.0903,114217.37
Divide,38,023,2011,3.78069,138.91722,114217.37
Divide,38,023,2012,1.7477,149.81144,114217.37
Divide,38,023,2013,1.6316700000000002,0.0,114217.37
Divide,38,023,2014,0.31041,0.0,114217.37
Divide,38,023,2018,0.30287,0.0,114217.37
Divide,38,023,2020,4.34225,0.0,114217.37
Grand Forks,38,035,2010,10.65756,0.0,145123.03
Grand Forks,38,035,2011,15.98634,0.0,145123.03
Grand Forks,38,035,2012,32.17961,0.0,145123.03
Grand Forks,38,035,2013,153.96548,0.0,145123.03
Grand Forks,38,035,2014,15.31378,0.0,145123.03
Grand Forks,38,035,2015,0.82777,0.0,145123.03
Grand Forks,38,035,2016,7.60515,0.0,145123.03
Grand Forks,38,035,2017,3.36282,0.0,145123.03
Grand Forks,38,035,2018,16.14154,0.0,145123.03
Grand Forks,38,035,2019,1.08645,0.0,145123.03
Grand Forks,38,035,2020,0.46562,0.0,145123.03
Griggs,38,039,2010,6.777330000000001,0.0,64181.77
Griggs,38,039,2011,4.460319999999999,0.0,64181.77
Griggs,38,039,2012,6.699730000000001,0.0,64181.77
Griggs,38,039,2013,33.18706,0.0,64181.77
Griggs,38,039,2014,5.52705,0.0,64181.77
Griggs,38,039,2017,0.4767,0.0,64181.77
Dickey,38,021,2010,5.57008,657.73739,97795.75
Dickey,38,021,2011,6.68962,465.16019,97795.75
Dickey,38,021,2012,16.13726,2674.09964,97795.75
Dickey,38,021,2013,48.736830000000005,587.37242,97795.75
Dickey,38,021,2014,4.16763,272.57099,97795.75
Dickey,38,021,2018,1.46265,365.63265,97795.75
Dickey,38,021,2020,0.10834,0.0,97795.75
LaMoure,38,045,2010,0.0,468.94307000000003,98033.91
LaMoure,38,045,2011,0.0,488.60435,98033.91
LaMoure,38,045,2012,0.0,1620.35346,98033.91
LaMoure,38,045,2013,0.0,470.56155,98033.91
LaMoure,38,045,2014,0.0,247.79575,98033.91
LaMoure,38,045,2017,0.0,151.15256,98033.91
Billings,38,007,2010,0.0,22.53905,123259.26
Billings,38,007,2011,0.0,107.56246,123259.26
Billings,38,007,2012,0.0,187.19051,123259.26
Billings,38,007,2013,0.0,10.62376,123259.26
Billings,38,007,2019,0.0,82.68412,123259.26
Billings,38,007,2020,0.0,11.44825,123259.26
Hettinger,38,041,2010,0.74153,58.22502,111005.34
Hettinger,38,041,2011,0.15889999999999999,0.0,111005.34
Hettinger,38,041,2012,0.84747,0.0,111005.34
Hettinger,38,041,2014,0.10593,8.15782,111005.34
Hettinger,38,041,2018,5.33772,28.67425,111005.34
Hettinger,38,041,2020,0.32142000000000004,0.0,111005.34
Mountrail,38,061,2010,0.0,1137.35275,218824.04
Mountrail,38,061,2011,0.0,88.47811,218824.04
Mountrail,38,061,2012,0.0,512.42018,218824.04
Mountrail,38,061,2013,0.0,36.2243,218824.04
Mountrail,38,061,2014,0.0,14.14491,218824.04
Mountrail,38,061,2020,0.0,40.97836,218824.04
Ransom,38,073,2010,2.06571,0.0,73719.58
Ransom,38,073,2011,6.35602,0.0,73719.58
Ransom,38,073,2012,9.53405,0.0,73719.58
Ransom,38,073,2013,46.61087,0.0,73719.58
Ransom,38,073,2014,3.12505,0.0,73719.58
Ransom,38,073,2016,0.5296700000000001,0.0,73719.58
Ransom,38,073,2017,2.27757,0.0,73719.58
Oliver,38,065,2010,1.9597700000000002,66.22476,77359.18
Oliver,38,065,2011,6.991630000000001,127.24643999999999,77359.18
Oliver,38,065,2012,1.7479,124.79865000000001,77359.18
Oliver,38,065,2013,2.17164,3.70592,77359.18
Oliver,38,065,2014,1.9068100000000001,12.112020000000001,77359.18
Oliver,38,065,2020,4.55515,1176.08254,77359.18
Pembina,38,067,2010,6.93426,0.0,105686.07
Pembina,38,067,2011,9.50494,0.0,105686.07
Pembina,38,067,2012,19.44846,0.0,105686.07
Pembina,38,067,2013,81.19228,0.0,105686.07
Pembina,38,067,2014,20.04126,0.0,105686.07
Pembina,38,067,2015,0.9111399999999998,0.0,105686.07
Pembina,38,067,2016,6.49023,0.0,105686.07
Pembina,38,067,2017,17.539479999999998,0.0,105686.07
Pembina,38,067,2018,4.951980000000001,0.0,105686.07
Pembina,38,067,2019,33.5168,0.0,105686.07
Rolette,38,079,2010,35.66001,0.0,84074.82
Rolette,38,079,2011,11.16195,0.0,84074.82
Rolette,38,079,2012,19.2078,0.0,84074.82
Rolette,38,079,2013,36.95906,0.0,84074.82
Rolette,38,079,2014,29.309079999999998,0.0,84074.82
Rolette,38,079,2016,0.10096,0.0,84074.82
Rolette,38,079,2017,0.45431,0.0,84074.82
Stutsman,38,093,2010,40.20187,0.0,201980.46
Stutsman,38,093,2011,30.667830000000002,0.0,201980.46
Stutsman,38,093,2012,15.46633,0.0,201980.46
Stutsman,38,093,2013,122.98913,0.0,201980.46
Stutsman,38,093,2014,9.11031,0.0,201980.46
Stutsman,38,093,2015,0.10593,0.0,201980.46
Traill,38,097,2010,2.37736,447.07660999999996,77115.46
Traill,38,097,2011,7.5533600000000005,1744.46573,77115.46
Traill,38,097,2012,12.60989,2357.34272,77115.46
Traill,38,097,2013,23.83531,952.00475,77115.46
Traill,38,097,2014,9.34687,839.7100399999999,77115.46
Traill,38,097,2015,1.4030200000000002,277.16747,77115.46
Traill,38,097,2016,4.43691,1034.59427,77115.46
Traill,38,097,2017,0.21187,59.33903,77115.46
Traill,38,097,2018,3.28395,6.90837,77115.46
Ashland,55,003,2010,0.0,301825.60398,360383.03
Ashland,55,003,2011,0.0,254803.35378,360383.03
Ashland,55,003,2012,0.0,273164.61802,360383.03
Ashland,55,003,2013,0.0,186276.92581,360383.03
Ashland,55,003,2014,0.0,235075.59535000002,360383.03
Ashland,55,003,2015,0.0,264102.98213,360383.03
Ashland,55,003,2016,0.0,414740.3796,360383.03
Ashland,55,003,2017,0.0,382722.01586,360383.03
Ashland,55,003,2018,0.0,397592.90604000003,360383.03
Ashland,55,003,2019,0.0,403546.66361,360383.03
Ashland,55,003,2020,0.0,479666.14252,360383.03
Ward,48,475,2012,0.0,73.23484,112627.3
Ashtabula,39,007,2010,335.84852,109131.10016,122897.01
Ashtabula,39,007,2011,159.22262,54455.75085,122897.01
Ashtabula,39,007,2012,417.27507,137046.49089,122897.01
Ashtabula,39,007,2013,150.00235,48660.95386,122897.01
Ashtabula,39,007,2014,237.07632,79845.37429,122897.01
Ashtabula,39,007,2015,241.11019,84297.40428,122897.01
Ashtabula,39,007,2016,380.4516,129837.84255,122897.01
Ashtabula,39,007,2017,642.99893,212352.39298,122897.01
Ashtabula,39,007,2018,419.23438,147956.07225,122897.01
Ashtabula,39,007,2019,349.16029,123087.22368,122897.01
Ashtabula,39,007,2020,314.00799,109625.38134,122897.01
Athens,39,009,2010,612.01703,0.0,68157.73
Athens,39,009,2011,146.3675,0.0,68157.73
Athens,39,009,2012,175.48554,0.0,68157.73
Athens,39,009,2013,125.97889,0.0,68157.73
Athens,39,009,2014,280.11917,0.0,68157.73
Athens,39,009,2015,230.0744,0.0,68157.73
Athens,39,009,2016,266.36732,0.0,68157.73
Athens,39,009,2017,467.1443,0.0,68157.73
Athens,39,009,2018,305.11166,0.0,68157.73
Athens,39,009,2019,181.82335,0.0,68157.73
Athens,39,009,2020,126.03868,0.0,68157.73
Belmont,39,013,2010,255.81841,0.0,53722.74
Belmont,39,013,2011,144.26728,0.0,53722.74
Belmont,39,013,2012,277.91532,0.0,53722.74
Belmont,39,013,2013,114.38159000000002,0.0,53722.74
Belmont,39,013,2014,174.98795,0.0,53722.74
Belmont,39,013,2015,391.48769000000004,0.0,53722.74
Belmont,39,013,2016,338.5997,0.0,53722.74
Belmont,39,013,2017,476.01667999999995,0.0,53722.74
Belmont,39,013,2018,171.45066,0.0,53722.74
Belmont,39,013,2019,103.80932999999999,0.0,53722.74
Belmont,39,013,2020,68.38338,0.0,53722.74
Williams,39,171,2010,1.67117,409.48403,39539.56
Williams,39,171,2011,1.55592,560.1953,39539.56
Williams,39,171,2012,6.56945,2110.90363,39539.56
Williams,39,171,2013,44.14207,4795.46057,39539.56
Williams,39,171,2014,1.90168,394.7469,39539.56
Williams,39,171,2015,1.78643,537.10381,39539.56
Williams,39,171,2016,4.84064,1521.92814,39539.56
Williams,39,171,2017,6.6847,2074.77154,39539.56
Williams,39,171,2018,14.69481,5346.72455,39539.56
Williams,39,171,2019,5.41691,1573.30797,39539.56
Williams,39,171,2020,13.3694,4445.10534,39539.56
Clermont,39,025,2010,0.0,12489.91818,52187.14
Clermont,39,025,2011,0.0,9255.62392,52187.14
Clermont,39,025,2012,0.0,19381.24712,52187.14
Clermont,39,025,2013,0.0,11072.01164,52187.14
Clermont,39,025,2014,0.0,14495.92984,52187.14
Clermont,39,025,2015,0.0,15937.02177,52187.14
Clermont,39,025,2016,0.0,39641.21071,52187.14
Clermont,39,025,2017,0.0,43626.20438,52187.14
Clermont,39,025,2018,0.0,25852.45704,52187.14
Clermont,39,025,2019,0.0,26597.75003,52187.14
Clermont,39,025,2020,0.0,14359.80956,52187.14
Coshocton,39,031,2010,164.42416,0.0,54914.67
Coshocton,39,031,2011,109.45951,0.0,54914.67
Coshocton,39,031,2012,97.48004,0.0,54914.67
Coshocton,39,031,2013,28.42189,0.0,54914.67
Coshocton,39,031,2014,47.1545,0.0,54914.67
Coshocton,39,031,2015,70.87856,0.0,54914.67
Coshocton,39,031,2016,57.25484,0.0,54914.67
Coshocton,39,031,2017,56.96123,0.0,54914.67
Coshocton,39,031,2018,48.74002,0.0,54914.67
Coshocton,39,031,2019,16.32497,0.0,54914.67
Coshocton,39,031,2020,14.97434,0.0,54914.67
Cuyahoga,39,035,2010,61.54534,0.0,148765.47
Cuyahoga,39,035,2011,18.61343,0.0,148765.47
Cuyahoga,39,035,2012,44.19969,0.0,148765.47
Cuyahoga,39,035,2013,30.25403,0.0,148765.47
Cuyahoga,39,035,2014,61.48771,0.0,148765.47
Cuyahoga,39,035,2015,29.04387,0.0,148765.47
Cuyahoga,39,035,2016,107.70434,0.0,148765.47
Cuyahoga,39,035,2017,96.52475,0.0,148765.47
Cuyahoga,39,035,2018,91.56886,0.0,148765.47
Cuyahoga,39,035,2019,88.22651,0.0,148765.47
Cuyahoga,39,035,2020,76.70116,0.0,148765.47
Darke,39,037,2010,0.11745,0.0,52601.36
Darke,39,037,2013,5.82425,0.0,52601.36
Darke,39,037,2014,0.88298,0.0,52601.36
Darke,39,037,2015,6.528919999999999,0.0,52601.36
Darke,39,037,2016,20.893620000000002,0.0,52601.36
Darke,39,037,2017,8.70487,0.0,52601.36
Darke,39,037,2018,15.26796,0.0,52601.36
Darke,39,037,2019,1.12642,0.0,52601.36
Darke,39,037,2020,7.05743,0.0,52601.36
Guernsey,39,059,2010,249.26498,0.0,59996.64
Guernsey,39,059,2011,184.98686,0.0,59996.64
Guernsey,39,059,2012,324.59691999999995,0.0,59996.64
Guernsey,39,059,2013,139.84601,0.0,59996.64
Guernsey,39,059,2014,145.92863999999997,0.0,59996.64
Guernsey,39,059,2015,172.31662,0.0,59996.64
Guernsey,39,059,2016,235.00281,0.0,59996.64
Guernsey,39,059,2017,114.02606,0.0,59996.64
Guernsey,39,059,2018,52.16305,0.0,59996.64
Guernsey,39,059,2019,52.09044,0.0,59996.64
Guernsey,39,059,2020,59.41906,0.0,59996.64
Hocking,39,073,2010,446.93506,0.0,55494.05
Hocking,39,073,2011,272.52575,0.0,55494.05
Hocking,39,073,2012,460.80649,0.0,55494.05
Hocking,39,073,2013,261.52428,0.0,55494.05
Hocking,39,073,2014,295.66473,0.0,55494.05
Hocking,39,073,2015,360.17884000000004,0.0,55494.05
Hocking,39,073,2016,443.58679,0.0,55494.05
Hocking,39,073,2017,556.35194,0.0,55494.05
Hocking,39,073,2018,269.83517,0.0,55494.05
Hocking,39,073,2019,263.79632000000004,0.0,55494.05
Hocking,39,073,2020,203.94589000000002,0.0,55494.05
Medina,48,325,2010,260.28399,0.0,129610.22
Medina,48,325,2011,97.11889,0.0,129610.22
Medina,48,325,2012,357.94093,0.0,129610.22
Medina,48,325,2013,260.82205,0.0,129610.22
Medina,48,325,2014,248.31228,0.0,129610.22
Medina,48,325,2015,213.675,0.0,129610.22
Medina,48,325,2016,329.69306,0.0,129610.22
Medina,48,325,2017,592.33104,0.0,129610.22
Medina,48,325,2018,350.67719,0.0,129610.22
Medina,48,325,2019,257.86275,0.0,129610.22
Medina,48,325,2020,270.10349,0.0,129610.22
Mahoning,39,099,2010,0.0,28240.52211,40890.65
Mahoning,39,099,2011,0.0,26763.15213,40890.65
Mahoning,39,099,2012,0.0,59295.58552,40890.65
Mahoning,39,099,2013,0.0,23540.31152,40890.65
Mahoning,39,099,2014,0.0,23154.70157,40890.65
Mahoning,39,099,2015,0.0,22673.79242,40890.65
Mahoning,39,099,2016,0.0,45989.33191,40890.65
Mahoning,39,099,2017,0.0,98530.50046,40890.65
Mahoning,39,099,2018,0.0,51499.73178,40890.65
Mahoning,39,099,2019,0.0,44240.46557,40890.65
Mahoning,39,099,2020,0.0,63886.0307,40890.65
Meigs,47,121,2010,0.0,331905.22812000004,63331.45
Meigs,47,121,2011,0.0,337692.52874,63331.45
Meigs,47,121,2012,0.0,346890.99227000005,63331.45
Meigs,47,121,2013,0.0,254584.35673,63331.45
Meigs,47,121,2014,0.0,218257.704,63331.45
Meigs,47,121,2015,0.0,178350.25687,63331.45
Meigs,47,121,2016,0.0,350354.11944,63331.45
Meigs,47,121,2017,0.0,514794.81402,63331.45
Meigs,47,121,2018,0.0,336293.97183,63331.45
Meigs,47,121,2019,0.0,268882.85813,63331.45
Meigs,47,121,2020,0.0,290606.62209,63331.45
Muskingum,39,119,2010,177.30268999999998,0.0,69586.23
Muskingum,39,119,2011,229.6483,0.0,69586.23
Muskingum,39,119,2012,243.31156,0.0,69586.23
Muskingum,39,119,2013,124.99016,0.0,69586.23
Muskingum,39,119,2014,324.93755,0.0,69586.23
Muskingum,39,119,2015,116.99852,0.0,69586.23
Muskingum,39,119,2016,110.73438,0.0,69586.23
Muskingum,39,119,2017,120.95858000000001,0.0,69586.23
Muskingum,39,119,2018,115.02434,0.0,69586.23
Muskingum,39,119,2019,47.97556,0.0,69586.23
Muskingum,39,119,2020,75.98428,0.0,69586.23
Morrow,41,049,2010,823.03922,0.0,228698.83
Morrow,41,049,2011,1226.2329,0.0,228698.83
Morrow,41,049,2012,818.7867799999999,0.0,228698.83
Morrow,41,049,2013,334.13829000000004,0.0,228698.83
Morrow,41,049,2014,361.29506,0.0,228698.83
Morrow,41,049,2015,592.7095800000001,0.0,228698.83
Morrow,41,049,2016,496.96443,0.0,228698.83
Morrow,41,049,2017,494.80922999999996,0.0,228698.83
Morrow,41,049,2018,359.32955,0.0,228698.83
Morrow,41,049,2019,1376.63451,0.0,228698.83
Morrow,41,049,2020,398.82451000000003,0.0,228698.83
Pickaway,39,129,2010,9.74587,0.0,57720.97
Pickaway,39,129,2011,6.09865,0.0,57720.97
Pickaway,39,129,2012,41.43492,0.0,57720.97
Pickaway,39,129,2013,40.77722,0.0,57720.97
Pickaway,39,129,2014,16.92075,0.0,57720.97
Pickaway,39,129,2015,31.68904,0.0,57720.97
Pickaway,39,129,2016,37.84748,0.0,57720.97
Pickaway,39,129,2017,26.90579,0.0,57720.97
Pickaway,39,129,2018,14.58892,0.0,57720.97
Pickaway,39,129,2019,6.45739,0.0,57720.97
Pickaway,39,129,2020,12.91478,0.0,57720.97
Portage,55,097,2010,240.77609,0.0,79896.08
Portage,55,097,2011,264.18949,0.0,79896.08
Portage,55,097,2012,458.19414,0.0,79896.08
Portage,55,097,2013,238.39601,0.0,79896.08
Portage,55,097,2014,277.41834,0.0,79896.08
Portage,55,097,2015,306.14542,0.0,79896.08
Portage,55,097,2016,781.66437,0.0,79896.08
Portage,55,097,2017,876.97849,0.0,79896.08
Portage,55,097,2018,321.03479,0.0,79896.08
Portage,55,097,2019,428.02794,0.0,79896.08
Portage,55,097,2020,841.72001,0.0,79896.08
Alfalfa,40,003,2010,20.40684,0.0,76967.52
Alfalfa,40,003,2011,25.4158,0.0,76967.52
Alfalfa,40,003,2012,17.50042,0.0,76967.52
Alfalfa,40,003,2013,12.61514,0.0,76967.52
Alfalfa,40,003,2014,7.97722,0.0,76967.52
Alfalfa,40,003,2015,3.77217,0.0,76967.52
Alfalfa,40,003,2016,9.52319,0.0,76967.52
Alfalfa,40,003,2017,6.92596,0.0,76967.52
Alfalfa,40,003,2018,2.59723,0.0,76967.52
Alfalfa,40,003,2019,11.19285,0.0,76967.52
Alfalfa,40,003,2020,6.49309,0.0,76967.52
Ross,39,141,2010,550.01414,0.0,71598.18
Ross,39,141,2011,334.70803,0.0,71598.18
Ross,39,141,2012,278.56461,0.0,71598.18
Ross,39,141,2013,268.87853,0.0,71598.18
Ross,39,141,2014,218.11627,0.0,71598.18
Ross,39,141,2015,345.47034,0.0,71598.18
Ross,39,141,2016,287.53321,0.0,71598.18
Ross,39,141,2017,351.15045,0.0,71598.18
Ross,39,141,2018,331.35975,0.0,71598.18
Ross,39,141,2019,247.41369,0.0,71598.18
Ross,39,141,2020,156.89065,0.0,71598.18
Cimarron,40,025,2011,0.0,57.08741,158683.62
Beaver,49,001,2010,2297.89366,0.0,233399.2
Beaver,49,001,2011,7578.864,0.0,233399.2
Beaver,49,001,2012,60.038669999999996,0.0,233399.2
Beaver,49,001,2013,282.30953,0.0,233399.2
Beaver,49,001,2014,435.84308,0.0,233399.2
Beaver,49,001,2015,508.71675999999997,0.0,233399.2
Beaver,49,001,2016,262.53995,0.0,233399.2
Beaver,49,001,2017,1243.77995,0.0,233399.2
Beaver,49,001,2018,267.16298,0.0,233399.2
Beaver,49,001,2019,765.6604,0.0,233399.2
Beaver,49,001,2020,401.65692,0.0,233399.2
Wood,55,141,2010,364.42984,0.0,75402.26
Wood,55,141,2011,394.09788000000003,0.0,75402.26
Wood,55,141,2012,468.71079,0.0,75402.26
Wood,55,141,2013,218.41436,0.0,75402.26
Wood,55,141,2014,310.24138,0.0,75402.26
Wood,55,141,2015,324.79864,0.0,75402.26
Wood,55,141,2016,809.39513,0.0,75402.26
Wood,55,141,2017,951.4807099999999,0.0,75402.26
Wood,55,141,2018,507.95453,0.0,75402.26
Wood,55,141,2019,397.19753000000003,0.0,75402.26
Wood,55,141,2020,477.12411999999995,0.0,75402.26
Wyandot,39,175,2010,0.46978,0.0,38160.29
Wyandot,39,175,2011,0.29361,0.0,38160.29
Wyandot,39,175,2012,1.40935,0.0,38160.29
Wyandot,39,175,2013,6.75314,0.0,38160.29
Wyandot,39,175,2014,2.70125,0.0,38160.29
Wyandot,39,175,2015,1.5268,0.0,38160.29
Wyandot,39,175,2016,4.81528,0.0,38160.29
Wyandot,39,175,2017,4.63911,0.0,38160.29
Wyandot,39,175,2018,1.05701,0.0,38160.29
Wyandot,39,175,2019,0.64595,0.0,38160.29
Wyandot,39,175,2020,1.40935,0.0,38160.29
Canadian,40,017,2010,82.73211,14097.20184,85491.02
Canadian,40,017,2011,100.5726,19993.71357,85491.02
Canadian,40,017,2012,131.35372,18754.94753,85491.02
Canadian,40,017,2013,63.00707,3832.16642,85491.02
Canadian,40,017,2014,92.97155,7692.94422,85491.02
Canadian,40,017,2015,34.11051,3426.79957,85491.02
Canadian,40,017,2016,150.26212,11578.28723,85491.02
Canadian,40,017,2017,97.93422,10255.8439,85491.02
Canadian,40,017,2018,87.44351,7886.2915,85491.02
Canadian,40,017,2019,37.1258,3312.28277,85491.02
Canadian,40,017,2020,123.31294,9759.56873,85491.02
Creek,40,037,2010,0.0,12239.95356,102584.33
Creek,40,037,2011,0.0,25556.98854,102584.33
Creek,40,037,2012,0.0,155514.59838,102584.33
Creek,40,037,2013,0.0,83081.80403,102584.33
Creek,40,037,2014,0.0,67445.17844,102584.33
Creek,40,037,2015,0.0,34555.11985,102584.33
Creek,40,037,2016,0.0,45678.538669999994,102584.33
Creek,40,037,2017,0.0,67017.96707,102584.33
Creek,40,037,2018,0.0,33704.05096,102584.33
Creek,40,037,2019,0.0,12868.200369999999,102584.33
Creek,40,037,2020,0.0,26909.291989999998,102584.33
Dewey,46,041,2010,2.6132299999999997,42.20684,267337.05
Dewey,46,041,2011,1.74528,96.73894,267337.05
Dewey,46,041,2012,2.5637600000000003,165.14039,267337.05
Dewey,46,041,2013,2.19635,3.75182,267337.05
Dewey,46,041,2014,0.60061,12.12849,267337.05
Dewey,46,041,2018,1.4885799999999998,0.0,267337.05
Dewey,46,041,2020,0.87029,0.0,267337.05
Trumbull,39,155,2010,255.8641,89708.45399000001,54537.74
Trumbull,39,155,2011,152.43022,55544.859280000004,54537.74
Trumbull,39,155,2012,189.19841,65890.55109000001,54537.74
Trumbull,39,155,2013,80.51331,23312.365149999998,54537.74
Trumbull,39,155,2014,103.18081,33218.31159,54537.74
Trumbull,39,155,2015,116.50089,39272.48982,54537.74
Trumbull,39,155,2016,321.63764,106057.21102999999,54537.74
Trumbull,39,155,2017,473.74843,160633.14979,54537.74
Trumbull,39,155,2018,247.64490999999998,73035.27471,54537.74
Trumbull,39,155,2019,355.87118,127102.72435,54537.74
Trumbull,39,155,2020,447.67934,160067.76366,54537.74
Harmon,40,057,2010,5.6116,548.93999,58434.12
Harmon,40,057,2011,0.57391,4.27235,58434.12
Harmon,40,057,2012,2.23094,30.70001,58434.12
Harmon,40,057,2013,2.10245,0.0,58434.12
Harmon,40,057,2014,2.7410799999999997,59.90097,58434.12
Harmon,40,057,2016,0.06377,0.0,58434.12
Harmon,40,057,2020,5.96777,0.0,58434.12
Hughes,46,065,2010,1.9372800000000001,200.29523,128706.41
Hughes,46,065,2011,3.3764000000000003,384.29893,128706.41
Hughes,46,065,2012,3.3764,366.42543,128706.41
Hughes,46,065,2013,3.3764,80.24962,128706.41
Hughes,46,065,2014,1.88193,104.21204,128706.41
Hughes,46,065,2018,0.3321,0.0,128706.41
Hughes,46,065,2019,15.110780000000002,2288.54889,128706.41
Hughes,46,065,2020,3.09965,0.0,128706.41
Kay,40,071,2010,6.9878,1121.12387,94118.59
Kay,40,071,2011,12.05859,2065.00019,94118.59
Kay,40,071,2012,35.31002,5801.82784,94118.59
Kay,40,071,2013,77.48417,8556.89455,94118.59
Kay,40,071,2014,39.0822,3871.38181,94118.59
Kay,40,071,2015,12.67698,1357.26961,94118.59
Kay,40,071,2016,24.48821,2330.50542,94118.59
Kay,40,071,2017,23.37511,2482.37804,94118.59
Kay,40,071,2018,11.62572,1066.0589,94118.59
Kay,40,071,2019,5.5655,903.27465,94118.59
Kay,40,071,2020,14.96502,1596.88799,94118.59
Le Flore,40,079,2010,0.0,894247.96496,184363.38
Le Flore,40,079,2011,0.0,811587.84531,184363.38
Le Flore,40,079,2012,0.0,787469.01504,184363.38
Le Flore,40,079,2013,0.0,522882.27611,184363.38
Le Flore,40,079,2014,0.0,659246.3625,184363.38
Le Flore,40,079,2015,0.0,553306.23805,184363.38
Le Flore,40,079,2016,0.0,918475.7728500001,184363.38
Le Flore,40,079,2017,0.0,811346.04515,184363.38
Le Flore,40,079,2018,0.0,510607.01149999996,184363.38
Le Flore,40,079,2019,0.0,698208.83467,184363.38
Le Flore,40,079,2020,0.0,497254.40871999995,184363.38
Coal,40,029,2010,35.58262,7031.31473,49333.99
Coal,40,029,2011,56.49856,12755.91016,49333.99
Coal,40,029,2012,131.80872,28897.77386,49333.99
Coal,40,029,2013,80.47538,14545.90949,49333.99
Coal,40,029,2014,103.17683,20423.40012,49333.99
Coal,40,029,2015,84.55654,15416.71601,49333.99
Coal,40,029,2016,227.77975,35438.6465,49333.99
Coal,40,029,2017,162.6725,29899.71563,49333.99
Coal,40,029,2018,166.30727000000002,33889.45531,49333.99
Coal,40,029,2019,239.64063,48514.7264,49333.99
Coal,40,029,2020,106.04639,21477.69432,49333.99
Beckham,40,009,2010,23.43134,2124.02511,101825.68
Beckham,40,009,2011,5.15113,402.94331,101825.68
Beckham,40,009,2012,18.15458,1673.9814,101825.68
Beckham,40,009,2013,31.28367,779.84604,101825.68
Beckham,40,009,2014,39.26163,1545.50378,101825.68
Beckham,40,009,2015,5.59086,96.60279,101825.68
Beckham,40,009,2016,17.96612,897.88149,101825.68
Beckham,40,009,2017,29.83884,272.63797,101825.68
Beckham,40,009,2018,6.21904,219.23192,101825.68
Beckham,40,009,2019,10.93044,248.47064,101825.68
Beckham,40,009,2020,12.56372,83.10234,101825.68
Cotton,40,033,2010,2.93333,428.29833,78170.75
Cotton,40,033,2011,4.71884,719.23045,78170.75
Cotton,40,033,2012,7.97102,1213.82352,78170.75
Cotton,40,033,2013,6.82319,344.3781,78170.75
Cotton,40,033,2014,5.42029,150.53434,78170.75
Cotton,40,033,2015,3.63478,102.93002,78170.75
Cotton,40,033,2016,5.8029,261.60509,78170.75
Cotton,40,033,2017,0.25507,13.66318,78170.75
Cotton,40,033,2018,1.53044,0.0,78170.75
Cotton,40,033,2019,3.50725,30.7037,78170.75
Cotton,40,033,2020,0.70145,0.0,78170.75
Garvin,40,049,2010,105.40871,0.0,85869.16
Garvin,40,049,2011,134.48698,0.0,85869.16
Garvin,40,049,2012,125.4319,0.0,85869.16
Garvin,40,049,2013,81.68697,0.0,85869.16
Garvin,40,049,2014,139.71596,0.0,85869.16
Garvin,40,049,2015,142.13915,0.0,85869.16
Garvin,40,049,2016,131.10727,0.0,85869.16
Garvin,40,049,2017,125.17684,0.0,85869.16
Garvin,40,049,2018,98.39422,0.0,85869.16
Garvin,40,049,2019,127.98263,0.0,85869.16
Garvin,40,049,2020,171.60003,0.0,85869.16
Greer,40,055,2010,39.468819999999994,5887.88747,84002.29
Greer,40,055,2011,1.9063999999999999,228.31975,84002.29
Greer,40,055,2012,14.05668,1415.86521,84002.29
Greer,40,055,2013,16.58097,804.3141400000001,84002.29
Greer,40,055,2014,13.252679999999998,788.32229,84002.29
Greer,40,055,2016,1.5780699999999999,108.60724,84002.29
Greer,40,055,2017,6.95073,63.49578,84002.29
Greer,40,055,2018,2.61449,50.50327,84002.29
Greer,40,055,2019,6.95073,364.07445,84002.29
Greer,40,055,2020,10.81415,350.28287,84002.29
Craig,51,045,2010,155.26736,54801.81694,55888.59
Craig,51,045,2011,134.79431,50343.74018,55888.59
Craig,51,045,2012,530.3133300000001,151299.57244,55888.59
Craig,51,045,2013,217.40815,77137.12325,55888.59
Craig,51,045,2014,315.3861,106949.39186,55888.59
Craig,51,045,2015,266.40596,103606.64475,55888.59
Craig,51,045,2016,362.47554,139090.80870999998,55888.59
Craig,51,045,2017,283.29323,104793.12859,55888.59
Craig,51,045,2018,190.50545,76136.11185,55888.59
Craig,51,045,2019,198.99081,76343.38741000001,55888.59
Craig,51,045,2020,319.78551,130028.34644,55888.59
Mayes,40,097,2010,227.89803,67635.01236,62106.57
Mayes,40,097,2011,87.78829,25467.47406,62106.57
Mayes,40,097,2012,59.08595,14962.316310000002,62106.57
Mayes,40,097,2013,182.17699,48128.12813,62106.57
Mayes,40,097,2014,182.54583,48266.45059,62106.57
Mayes,40,097,2015,104.83663,27523.1502,62106.57
Mayes,40,097,2016,198.1927,32477.94275,62106.57
Mayes,40,097,2017,189.22563,47956.08672,62106.57
Mayes,40,097,2018,57.22882,15749.25431,62106.57
Mayes,40,097,2019,352.70098,104019.16357,62106.57
Mayes,40,097,2020,148.36824000000001,38937.586619999995,62106.57
Kingfisher,40,073,2010,2.95247,588.96221,77698.69
Kingfisher,40,073,2011,22.92879,5163.42828,77698.69
Kingfisher,40,073,2012,6.59595,1274.79885,77698.69
Kingfisher,40,073,2013,12.68936,1191.72464,77698.69
Kingfisher,40,073,2014,21.79806,1574.65573,77698.69
Kingfisher,40,073,2015,34.23614,3405.66877,77698.69
Kingfisher,40,073,2016,15.2021,619.85035,77698.69
Kingfisher,40,073,2017,40.20391,3246.10371,77698.69
Kingfisher,40,073,2018,23.68262,2594.08343,77698.69
Kingfisher,40,073,2019,6.91005,335.94313,77698.69
Kingfisher,40,073,2020,14.5111,505.8702,77698.69
Muskogee,40,101,2010,134.18056,33563.41821,140996.18
Muskogee,40,101,2011,163.51685,43401.34008,140996.18
Muskogee,40,101,2012,245.6836,61119.08418,140996.18
Muskogee,40,101,2013,222.18944,48083.87499,140996.18
Muskogee,40,101,2014,205.66814,37586.33723,140996.18
Muskogee,40,101,2015,162.76303,31452.4588,140996.18
Muskogee,40,101,2016,280.92484,45072.01063,140996.18
Muskogee,40,101,2017,365.4787,75792.88451,140996.18
Muskogee,40,101,2018,172.68837,38277.24641,140996.18
Muskogee,40,101,2019,158.74264,29415.30036,140996.18
Muskogee,40,101,2020,125.76286,23550.76299,140996.18
McClain,40,087,2010,310.94038,61725.302630000006,119055.11
McClain,40,087,2011,219.45703,47942.59926,119055.11
McClain,40,087,2012,675.6614400000001,131234.59946,119055.11
McClain,40,087,2013,351.65026,58252.02933,119055.11
McClain,40,087,2014,250.07674,32332.028870000002,119055.11
McClain,40,087,2015,189.50315,20334.322799999998,119055.11
McClain,40,087,2016,491.09267,67035.55132,119055.11
McClain,40,087,2017,380.7602,47776.43009,119055.11
McClain,40,087,2018,154.24376999999998,17740.90081,119055.11
McClain,40,087,2019,191.52326,27076.80274,119055.11
McClain,40,087,2020,300.8965,38958.3488,119055.11
Nowata,40,105,2010,17.06754,4470.6322,52635.34
Nowata,40,105,2011,22.69488,5402.05783,52635.34
Nowata,40,105,2012,45.14241,11136.08568,52635.34
Nowata,40,105,2013,35.31002,6724.48704,52635.34
Nowata,40,105,2014,45.63712,9878.58322,52635.34
Nowata,40,105,2015,51.9447,13994.21072,52635.34
Nowata,40,105,2016,38.52565,9382.97922,52635.34
Nowata,40,105,2017,40.25714,5642.78457,52635.34
Nowata,40,105,2018,16.69651,3498.68178,52635.34
Nowata,40,105,2019,3.6485,758.84699,52635.34
Nowata,40,105,2020,6.18389,405.18598,52635.34
Okfuskee,40,107,2010,111.56586000000001,26169.83406,74478.03
Okfuskee,40,107,2011,83.48594,18111.50043,74478.03
Okfuskee,40,107,2012,94.41637,22114.52175,74478.03
Okfuskee,40,107,2013,317.61091,64328.958199999994,74478.03
Okfuskee,40,107,2014,336.26804,72520.93518,74478.03
Okfuskee,40,107,2015,135.31128999999999,24774.90571,74478.03
Okfuskee,40,107,2016,192.03651000000002,25520.69438,74478.03
Okfuskee,40,107,2017,255.04357,43008.6475,74478.03
Okfuskee,40,107,2018,108.92748,21178.68322,74478.03
Okfuskee,40,107,2019,135.87667,23044.31381,74478.03
Okfuskee,40,107,2020,128.90379000000001,23558.76765,74478.03
McCurtain,40,089,2010,7585.868849999999,3007122.3924700003,208917.25
McCurtain,40,089,2011,10189.97768,4031392.04291,208917.25
McCurtain,40,089,2012,11649.75855,4438004.19766,208917.25
McCurtain,40,089,2013,11079.966459999998,3850783.7793699997,208917.25
McCurtain,40,089,2014,9505.82136,3412203.09067,208917.25
McCurtain,40,089,2015,7443.06605,2725185.0349000003,208917.25
McCurtain,40,089,2016,10473.89587,3936378.5411099996,208917.25
McCurtain,40,089,2017,10334.80061,3978735.29105,208917.25
McCurtain,40,089,2018,8049.03681,3298458.78662,208917.25
McCurtain,40,089,2019,7650.42784,3105771.00785,208917.25
McCurtain,40,089,2020,6304.54235,2580682.48987,208917.25
Oklahoma,40,109,2010,113.76451,21223.77582,61590.19
Oklahoma,40,109,2011,148.25193,29883.71756,61590.19
Oklahoma,40,109,2012,162.44893,25085.22064,61590.19
Oklahoma,40,109,2013,235.13007,30708.252660000002,61590.19
Oklahoma,40,109,2014,222.94326,27874.44334,61590.19
Oklahoma,40,109,2015,160.43874,20567.1114,61590.19
Oklahoma,40,109,2016,362.33776,38643.71168,61590.19
Oklahoma,40,109,2017,288.27461999999997,34875.14167,61590.19
Oklahoma,40,109,2018,360.89293,50380.561779999996,61590.19
Oklahoma,40,109,2019,368.43117,48802.946710000004,61590.19
Oklahoma,40,109,2020,181.98553,22477.73798,61590.19
Latimer,40,077,2010,1031.90737,311177.36234,74010.88
Latimer,40,077,2011,686.53027,198163.45708999998,74010.88
Latimer,40,077,2012,941.86055,268709.69566,74010.88
Latimer,40,077,2013,558.46255,156132.87946999999,74010.88
Latimer,40,077,2014,721.46186,207828.82272,74010.88
Latimer,40,077,2015,742.67777,199789.7273,74010.88
Latimer,40,077,2016,1046.60826,296278.70806,74010.88
Latimer,40,077,2017,1048.79805,312383.14242,74010.88
Latimer,40,077,2018,854.74509,272997.51506,74010.88
Latimer,40,077,2019,506.26891,172400.02411,74010.88
Latimer,40,077,2020,712.70572,205592.66434000002,74010.88
Okmulgee,40,111,2010,67.1531,17002.02068,76211.14
Okmulgee,40,111,2011,72.61832,19242.04654,76211.14
Okmulgee,40,111,2012,68.47229,16164.6673,76211.14
Okmulgee,40,111,2013,153.46587,30820.16857,76211.14
Okmulgee,40,111,2014,210.69363,46629.133,76211.14
Okmulgee,40,111,2015,169.54744,37806.16286,76211.14
Okmulgee,40,111,2016,103.52508,16374.24171,76211.14
Okmulgee,40,111,2017,254.7923,45497.1513,76211.14
Okmulgee,40,111,2018,108.42493,20293.74382,76211.14
Okmulgee,40,111,2019,99.00214,19402.54687,76211.14
Okmulgee,40,111,2020,79.52837,13151.64671,76211.14
Payne,40,119,2010,110.6864,0.0,73806.31
Payne,40,119,2011,160.87847,0.0,73806.31
Payne,40,119,2012,196.55944,0.0,73806.31
Payne,40,119,2013,322.76204,0.0,73806.31
Payne,40,119,2014,312.64824,0.0,73806.31
Payne,40,119,2015,236.88899,0.0,73806.31
Payne,40,119,2016,348.64331,0.0,73806.31
Payne,40,119,2017,261.95362,0.0,73806.31
Payne,40,119,2018,230.10458,0.0,73806.31
Payne,40,119,2019,179.09587,0.0,73806.31
Payne,40,119,2020,174.44729,0.0,73806.31
Major,40,093,2010,68.29152,11559.88986,97075.04
Major,40,093,2011,65.09291,13073.11335,97075.04
Major,40,093,2012,31.04266,5994.73888,97075.04
Major,40,093,2013,86.08006,8806.79712,97075.04
Major,40,093,2014,134.40775,11561.21554,97075.04
Major,40,093,2015,159.11833000000001,12937.078039999999,97075.04
Major,40,093,2016,115.91167999999999,4282.04648,97075.04
Major,40,093,2017,84.574,5246.945739999999,97075.04
Major,40,093,2018,93.38808,3743.0442399999997,97075.04
Major,40,093,2019,33.06046,1745.3007,97075.04
Major,40,093,2020,79.35297,5043.24618,97075.04
Pushmataha,40,127,2010,5382.41255,0.0,148149.28
Pushmataha,40,127,2011,4959.94871,0.0,148149.28
Pushmataha,40,127,2012,6888.99833,0.0,148149.28
Pushmataha,40,127,2013,4206.4645199999995,0.0,148149.28
Pushmataha,40,127,2014,5743.08508,0.0,148149.28
Pushmataha,40,127,2015,6056.25036,0.0,148149.28
Pushmataha,40,127,2016,7674.04775,0.0,148149.28
Pushmataha,40,127,2017,6927.13167,0.0,148149.28
Pushmataha,40,127,2018,5594.441580000001,0.0,148149.28
Pushmataha,40,127,2019,5267.50239,0.0,148149.28
Pushmataha,40,127,2020,4397.96021,0.0,148149.28
Pittsburg,40,121,2010,569.3278300000001,147621.34331,175206.73
Pittsburg,40,121,2011,807.6736599999999,220611.31049,175206.73
Pittsburg,40,121,2012,1248.13656,324293.88067,175206.73
Pittsburg,40,121,2013,672.39004,166016.51869,175206.73
Pittsburg,40,121,2014,698.32857,172904.86855,175206.73
Pittsburg,40,121,2015,458.00708,108997.70248,175206.73
Pittsburg,40,121,2016,1084.12739,256345.82643000002,175206.73
Pittsburg,40,121,2017,1686.12495,442408.31279,175206.73
Pittsburg,40,121,2018,635.13734,151080.61128,175206.73
Pittsburg,40,121,2019,830.85121,215752.92712,175206.73
Pittsburg,40,121,2020,464.49152,114444.51073000001,175206.73
Rogers,40,131,2010,0.0,14915.81166,83383.94
Rogers,40,131,2011,0.0,9990.57069,83383.94
Rogers,40,131,2012,0.0,13688.32158,83383.94
Rogers,40,131,2013,0.0,15663.71043,83383.94
Rogers,40,131,2014,0.0,20894.97414,83383.94
Rogers,40,131,2015,0.0,13630.893759999999,83383.94
Rogers,40,131,2016,0.0,16845.895230000002,83383.94
Rogers,40,131,2017,0.0,12246.52349,83383.94
Rogers,40,131,2018,0.0,13298.59504,83383.94
Rogers,40,131,2019,0.0,35801.59727,83383.94
Rogers,40,131,2020,0.0,9653.95847,83383.94
Love,40,085,2010,49.99937,0.0,74850.8
Love,40,085,2011,64.73624,0.0,74850.8
Love,40,085,2012,60.84602,0.0,74850.8
Love,40,085,2013,84.12577999999999,0.0,74850.8
Love,40,085,2014,113.60211,0.0,74850.8
Love,40,085,2015,156.04669,0.0,74850.8
Love,40,085,2016,145.47218999999998,0.0,74850.8
Love,40,085,2017,129.02865,0.0,74850.8
Love,40,085,2018,56.47247,0.0,74850.8
Love,40,085,2019,56.32654,0.0,74850.8
Love,40,085,2020,122.08455000000001,0.0,74850.8
Roger Mills,40,129,2010,6.53314,536.29863,124390.88
Roger Mills,40,129,2011,7.4126,553.1028,124390.88
Roger Mills,40,129,2012,16.58411,977.52192,124390.88
Roger Mills,40,129,2013,31.91186,363.14831,124390.88
Roger Mills,40,129,2014,107.48265,2475.02277,124390.88
Roger Mills,40,129,2015,7.91515,87.66518,124390.88
Roger Mills,40,129,2016,9.67407,112.50368,124390.88
Roger Mills,40,129,2017,25.50436,103.58279,124390.88
Roger Mills,40,129,2018,9.42279,71.18026,124390.88
Roger Mills,40,129,2019,14.13419,25.22274,124390.88
Roger Mills,40,129,2020,4.83703,133.32055,124390.88
Tillman,40,141,2010,11.86088,0.0,108378.35
Tillman,40,141,2011,13.13624,0.0,108378.35
Tillman,40,141,2012,41.64059,0.0,108378.35
Tillman,40,141,2013,11.79711,0.0,108378.35
Tillman,40,141,2014,6.63189,0.0,108378.35
Tillman,40,141,2015,0.31884,0.0,108378.35
Tillman,40,141,2016,4.5913,0.0,108378.35
Tillman,40,141,2017,0.51015,0.0,108378.35
Tillman,40,141,2019,3.8898599999999997,0.0,108378.35
Woods,40,151,2010,92.88206,0.0,183317.39
Woods,40,151,2011,69.2596,0.0,183317.39
Woods,40,151,2012,87.37839000000001,0.0,183317.39
Woods,40,151,2013,61.22053,0.0,183317.39
Woods,40,151,2014,679.54792,0.0,183317.39
Woods,40,151,2015,524.4559,0.0,183317.39
Woods,40,151,2016,1440.5377,0.0,183317.39
Woods,40,151,2017,583.51207,0.0,183317.39
Woods,40,151,2018,192.75192,0.0,183317.39
Woods,40,151,2019,31.66153,0.0,183317.39
Woods,40,151,2020,44.15299,0.0,183317.39
Clatsop,41,007,2010,0.0,2399639.89174,118885.76
Clatsop,41,007,2011,0.0,1646829.4956500002,118885.76
Clatsop,41,007,2012,0.0,3803274.96802,118885.76
Clatsop,41,007,2013,0.0,2710225.66803,118885.76
Clatsop,41,007,2014,0.0,2714910.8903099997,118885.76
Clatsop,41,007,2015,0.0,2976433.61281,118885.76
Clatsop,41,007,2016,0.0,3238246.22098,118885.76
Clatsop,41,007,2017,0.0,3288827.8835,118885.76
Clatsop,41,007,2018,0.0,3290989.35648,118885.76
Clatsop,41,007,2019,0.0,2262860.63559,118885.76
Clatsop,41,007,2020,0.0,2616058.45824,118885.76
Gilliam,41,021,2010,15.70991,0.0,190544.65
Gilliam,41,021,2011,11.48448,0.0,190544.65
Gilliam,41,021,2012,4.60463,0.0,190544.65
Gilliam,41,021,2013,0.92092,0.0,190544.65
Gilliam,41,021,2014,0.32503,0.0,190544.65
Gilliam,41,021,2015,8.55919,0.0,190544.65
Gilliam,41,021,2016,5.14635,0.0,190544.65
Gilliam,41,021,2017,8.83005,0.0,190544.65
Gilliam,41,021,2018,12.29707,0.0,190544.65
Gilliam,41,021,2019,98.64741,0.0,190544.65
Gilliam,41,021,2020,1.9502,0.0,190544.65
Washita,40,149,2010,25.315900000000003,0.0,91247.81
Washita,40,149,2011,9.108699999999999,0.0,91247.81
Washita,40,149,2012,9.92535,0.0,91247.81
Washita,40,149,2013,7.91515,0.0,91247.81
Washita,40,149,2014,3.7063,0.0,91247.81
Washita,40,149,2015,3.32939,0.0,91247.81
Washita,40,149,2016,14.63674,0.0,91247.81
Washita,40,149,2017,1.88456,0.0,91247.81
Washita,40,149,2018,0.56537,0.0,91247.81
Washita,40,149,2019,2.3871100000000003,0.0,91247.81
Washita,40,149,2020,2.9524800000000004,0.0,91247.81
Harney,41,025,2010,2864.46797,962646.96076,1068515.58
Harney,41,025,2011,2613.92418,768094.8565,1068515.58
Harney,41,025,2012,440.70739,145199.91611999998,1068515.58
Harney,41,025,2013,403.34682,76458.83727,1068515.58
Harney,41,025,2014,1115.93178,252197.4613,1068515.58
Harney,41,025,2015,747.07443,214305.98772,1068515.58
Harney,41,025,2016,1026.55342,263159.48407,1068515.58
Harney,41,025,2017,899.4450099999999,175349.55555,1068515.58
Harney,41,025,2018,676.82602,181130.5857,1068515.58
Harney,41,025,2019,1643.57722,505454.73038,1068515.58
Harney,41,025,2020,532.74636,135142.2698,1068515.58
Hood River,41,027,2010,539.87925,731737.7352,64396.28
Hood River,41,027,2011,924.71792,945725.43533,64396.28
Hood River,41,027,2012,2016.55679,2185580.08802,64396.28
Hood River,41,027,2013,1205.11276,1488318.77585,64396.28
Hood River,41,027,2014,862.58251,1207445.39455,64396.28
Hood River,41,027,2015,749.03776,1162566.74461,64396.28
Hood River,41,027,2016,1164.86288,1776438.05983,64396.28
Hood River,41,027,2017,4004.83574,3943484.50653,64396.28
Hood River,41,027,2018,4551.54067,4747782.26044,64396.28
Hood River,41,027,2019,1046.11761,1706730.20523,64396.28
Hood River,41,027,2020,701.25796,1138293.98668,64396.28
Josephine,41,033,2010,0.0,1730788.75736,192578.3
Josephine,41,033,2011,0.0,2177476.7396400003,192578.3
Josephine,41,033,2012,0.0,1594629.2725799999,192578.3
Josephine,41,033,2013,0.0,3452359.70398,192578.3
Josephine,41,033,2014,0.0,5113309.95571,192578.3
Josephine,41,033,2015,0.0,2209177.4430099996,192578.3
Josephine,41,033,2016,0.0,2379995.44757,192578.3
Josephine,41,033,2017,0.0,5377001.8698,192578.3
Josephine,41,033,2018,0.0,11529953.72931,192578.3
Josephine,41,033,2019,0.0,11971666.73767,192578.3
Josephine,41,033,2020,0.0,4536228.58486,192578.3
Wallowa,41,063,2010,3264.41134,0.0,397849.2
Wallowa,41,063,2011,1536.64607,0.0,397849.2
Wallowa,41,063,2012,3670.43131,0.0,397849.2
Wallowa,41,063,2013,3557.2116,0.0,397849.2
Wallowa,41,063,2014,2867.11308,0.0,397849.2
Wallowa,41,063,2015,3499.5182999999997,0.0,397849.2
Wallowa,41,063,2016,9948.59964,0.0,397849.2
Wallowa,41,063,2017,3515.22821,0.0,397849.2
Wallowa,41,063,2018,3177.1942500000005,0.0,397849.2
Wallowa,41,063,2019,3202.16759,0.0,397849.2
Wallowa,41,063,2020,2461.03895,0.0,397849.2
Woodward,40,153,2010,77.93139,7657.89562,139774.28
Woodward,40,153,2011,35.71817,3615.8199799999998,139774.28
Woodward,40,153,2012,391.87608,10031.166029999998,139774.28
Woodward,40,153,2013,94.33265,2692.02554,139774.28
Woodward,40,153,2014,765.02636,20401.39088,139774.28
Woodward,40,153,2015,520.9172500000001,3073.73569,139774.28
Woodward,40,153,2016,794.73891,5163.35861,139774.28
Woodward,40,153,2017,620.93309,4509.401339999999,139774.28
Woodward,40,153,2018,242.23838,3298.70327,139774.28
Woodward,40,153,2019,37.88351,682.3140900000001,139774.28
Woodward,40,153,2020,29.38133,270.42494,139774.28
Multnomah,41,051,2010,430.18072,637453.35038,93470.05
Multnomah,41,051,2011,1069.73665,1669180.86054,93470.05
Multnomah,41,051,2012,891.23956,1228957.04778,93470.05
Multnomah,41,051,2013,1089.50947,1528365.03459,93470.05
Multnomah,41,051,2014,1083.82141,1496719.95151,93470.05
Multnomah,41,051,2015,1245.47098,1794155.96651,93470.05
Multnomah,41,051,2016,1619.09602,2242742.40734,93470.05
Multnomah,41,051,2017,6349.78386,5949689.53665,93470.05
Multnomah,41,051,2018,6047.070110000001,5647787.8537,93470.05
Multnomah,41,051,2019,1277.54087,1764093.7692099998,93470.05
Multnomah,41,051,2020,778.1281899999999,937196.75122,93470.05
Allegheny,42,003,2010,275.41046,0.0,99949.19
Allegheny,42,003,2011,177.87170999999998,0.0,99949.19
Allegheny,42,003,2012,348.69666,0.0,99949.19
Allegheny,42,003,2013,176.11002000000002,0.0,99949.19
Allegheny,42,003,2014,237.71035,0.0,99949.19
Allegheny,42,003,2015,306.7685,0.0,99949.19
Allegheny,42,003,2016,406.24512,0.0,99949.19
Allegheny,42,003,2017,862.46343,0.0,99949.19
Allegheny,42,003,2018,403.72003,0.0,99949.19
Allegheny,42,003,2019,541.0142,0.0,99949.19
Allegheny,42,003,2020,303.53874,0.0,99949.19
Bedford,51,019,2010,1876.43059,0.0,133276.81
Bedford,51,019,2011,1585.66371,0.0,133276.81
Bedford,51,019,2012,2216.90305,0.0,133276.81
Bedford,51,019,2013,1813.78746,0.0,133276.81
Bedford,51,019,2014,1829.1424299999999,0.0,133276.81
Bedford,51,019,2015,2323.28978,0.0,133276.81
Bedford,51,019,2016,2058.68653,0.0,133276.81
Bedford,51,019,2017,2434.4647999999997,0.0,133276.81
Bedford,51,019,2018,1519.8125400000001,0.0,133276.81
Bedford,51,019,2019,1888.1578100000002,0.0,133276.81
Bedford,51,019,2020,1683.9566,0.0,133276.81
Blair,42,013,2010,264.78162,0.0,78041.37
Blair,42,013,2011,326.02962,0.0,78041.37
Blair,42,013,2012,246.16645,0.0,78041.37
Blair,42,013,2013,157.90591,0.0,78041.37
Blair,42,013,2014,223.85175,0.0,78041.37
Blair,42,013,2015,280.6368,0.0,78041.37
Blair,42,013,2016,302.59917,0.0,78041.37
Blair,42,013,2017,441.65503,0.0,78041.37
Blair,42,013,2018,265.07523,0.0,78041.37
Blair,42,013,2019,267.77649,0.0,78041.37
Blair,42,013,2020,331.43212,0.0,78041.37
Armstrong,48,011,2012,0.0,160.99394,78869.71
Armstrong,48,011,2013,0.0,191.36524999999997,78869.71
Armstrong,48,011,2014,0.0,477.28945,78869.71
Armstrong,48,011,2017,0.0,2.19072,78869.71
Armstrong,48,011,2018,0.0,1245.83554,78869.71
Armstrong,48,011,2019,0.0,100.7473,78869.71
Malheur,41,045,2010,93.29439,31492.65049,971671.75
Malheur,41,045,2011,38.03382,8990.93715,971671.75
Malheur,41,045,2012,43.15437,11186.669010000001,971671.75
Malheur,41,045,2013,84.5344,25225.35261,971671.75
Malheur,41,045,2014,60.84599,6623.80152,971671.75
Malheur,41,045,2015,282.61278,43300.00764,971671.75
Malheur,41,045,2016,352.40724,38250.66816,971671.75
Malheur,41,045,2017,66.13383999999999,6963.19923,971671.75
Malheur,41,045,2018,66.58461,14694.17716,971671.75
Malheur,41,045,2019,394.00498,112639.65938000001,971671.75
Malheur,41,045,2020,146.54773,21120.16794,971671.75
Cambria,42,021,2010,349.22517,0.0,105790.34
Cambria,42,021,2011,516.35058,0.0,105790.34
Cambria,42,021,2012,533.1453300000001,0.0,105790.34
Cambria,42,021,2013,414.58376999999996,0.0,105790.34
Cambria,42,021,2014,488.69209,0.0,105790.34
Cambria,42,021,2015,447.76221,0.0,105790.34
Cambria,42,021,2016,468.84374,0.0,105790.34
Cambria,42,021,2017,740.67211,0.0,105790.34
Cambria,42,021,2018,375.23942,0.0,105790.34
Cambria,42,021,2019,712.30894,0.0,105790.34
Cambria,42,021,2020,514.06038,0.0,105790.34
Bucks,42,017,2010,95.01368,35598.23915,132357.83
Bucks,42,017,2011,23.72406,9533.70697,132357.83
Bucks,42,017,2012,75.92872,27679.22031,132357.83
Bucks,42,017,2013,97.1277,31940.69636,132357.83
Bucks,42,017,2014,56.256550000000004,17695.76557,132357.83
Bucks,42,017,2015,105.05529,30013.82568,132357.83
Bucks,42,017,2016,97.83237,30429.06726,132357.83
Bucks,42,017,2017,167.06669,58615.75482,132357.83
Bucks,42,017,2018,120.91047999999999,39814.75776,132357.83
Bucks,42,017,2019,127.48745,40247.93948,132357.83
Bucks,42,017,2020,118.09178,44904.163160000004,132357.83
Centre,42,027,2010,1427.19839,0.0,212454.82
Centre,42,027,2011,1685.75868,0.0,212454.82
Centre,42,027,2012,1289.1353500000002,0.0,212454.82
Centre,42,027,2013,1464.2372100000002,0.0,212454.82
Centre,42,027,2014,2016.32325,0.0,212454.82
Centre,42,027,2015,1588.0800800000002,0.0,212454.82
Centre,42,027,2016,1241.51984,0.0,212454.82
Centre,42,027,2017,1671.6636,0.0,212454.82
Centre,42,027,2018,1638.89402,0.0,212454.82
Centre,42,027,2019,2334.05964,0.0,212454.82
Centre,42,027,2020,1290.88451,0.0,212454.82
Clarion,42,031,2010,297.02813000000003,0.0,70655.35
Clarion,42,031,2011,296.95123,0.0,70655.35
Clarion,42,031,2012,368.04353,0.0,70655.35
Clarion,42,031,2013,264.78188,0.0,70655.35
Clarion,42,031,2014,350.57567,0.0,70655.35
Clarion,42,031,2015,197.56091,0.0,70655.35
Clarion,42,031,2016,211.61133,0.0,70655.35
Clarion,42,031,2017,306.13466,0.0,70655.35
Clarion,42,031,2018,130.11021,0.0,70655.35
Clarion,42,031,2019,220.93811,0.0,70655.35
Clarion,42,031,2020,100.23764,0.0,70655.35
Clearfield,42,033,2010,1006.03328,0.0,125158.25
Clearfield,42,033,2011,968.82235,0.0,125158.25
Clearfield,42,033,2012,1120.40797,0.0,125158.25
Clearfield,42,033,2013,828.85935,0.0,125158.25
Clearfield,42,033,2014,742.5716100000001,0.0,125158.25
Clearfield,42,033,2015,1096.35131,0.0,125158.25
Clearfield,42,033,2016,801.38502,0.0,125158.25
Clearfield,42,033,2017,933.17083,0.0,125158.25
Clearfield,42,033,2018,630.60015,0.0,125158.25
Clearfield,42,033,2019,973.56389,0.0,125158.25
Clearfield,42,033,2020,586.6683700000001,0.0,125158.25
Juniata,42,067,2010,0.0,68368.54172,108078.14
Juniata,42,067,2011,0.0,107635.24723,108078.14
Juniata,42,067,2012,0.0,98496.08619999999,108078.14
Juniata,42,067,2013,0.0,34845.752590000004,108078.14
Juniata,42,067,2014,0.0,41778.10249999999,108078.14
Juniata,42,067,2015,0.0,100582.19836000001,108078.14
Juniata,42,067,2016,0.0,90469.87416,108078.14
Juniata,42,067,2017,0.0,171397.91184999997,108078.14
Juniata,42,067,2018,0.0,170191.16621999998,108078.14
Juniata,42,067,2019,0.0,81354.97277,108078.14
Juniata,42,067,2020,0.0,87313.07217,108078.14
Lebanon,42,075,2010,72.22918999999999,25950.685189999997,58682.19
Lebanon,42,075,2011,93.89793,33241.39467,58682.19
Lebanon,42,075,2012,60.89566,22476.71195,58682.19
Lebanon,42,075,2013,63.06841,19616.83944,58682.19
Lebanon,42,075,2014,84.91333,31518.826970000002,58682.19
Lebanon,42,075,2015,61.95267,24710.3301,58682.19
Lebanon,42,075,2016,102.88255000000001,37206.34329,58682.19
Lebanon,42,075,2017,443.88649999999996,151704.51314,58682.19
Lebanon,42,075,2018,290.26736,112860.13861,58682.19
Lebanon,42,075,2019,190.6733,75826.86471,58682.19
Lebanon,42,075,2020,180.27935,69419.69862,58682.19
Luzerne,42,079,2010,330.40754999999996,0.0,115523.89
Luzerne,42,079,2011,246.44135,0.0,115523.89
Luzerne,42,079,2012,266.75022,0.0,115523.89
Luzerne,42,079,2013,295.25138,0.0,115523.89
Luzerne,42,079,2014,216.0876,0.0,115523.89
Luzerne,42,079,2015,619.56659,0.0,115523.89
Luzerne,42,079,2016,426.55978,0.0,115523.89
Luzerne,42,079,2017,477.01211000000006,0.0,115523.89
Luzerne,42,079,2018,441.26658000000003,0.0,115523.89
Luzerne,42,079,2019,258.22481999999997,0.0,115523.89
Luzerne,42,079,2020,619.80524,0.0,115523.89
McKean,42,083,2010,633.4328899999999,0.0,90800.24
McKean,42,083,2011,434.27495999999996,0.0,90800.24
McKean,42,083,2012,488.04068,0.0,90800.24
McKean,42,083,2013,289.57426,0.0,90800.24
McKean,42,083,2014,314.06562,0.0,90800.24
McKean,42,083,2015,345.12642,0.0,90800.24
McKean,42,083,2016,491.21015,0.0,90800.24
McKean,42,083,2017,833.5128599999999,0.0,90800.24
McKean,42,083,2018,779.9200099999999,0.0,90800.24
McKean,42,083,2019,644.20909,0.0,90800.24
McKean,42,083,2020,598.22297,0.0,90800.24
Mifflin,42,087,2010,191.02564,0.0,93991.31
Mifflin,42,087,2011,275.7628,0.0,93991.31
Mifflin,42,087,2012,226.84661,0.0,93991.31
Mifflin,42,087,2013,102.2366,0.0,93991.31
Mifflin,42,087,2014,167.30158,0.0,93991.31
Mifflin,42,087,2015,274.00112,0.0,93991.31
Mifflin,42,087,2016,235.18526,0.0,93991.31
Mifflin,42,087,2017,347.11114,0.0,93991.31
Mifflin,42,087,2018,508.42298,0.0,93991.31
Mifflin,42,087,2019,418.28331,0.0,93991.31
Mifflin,42,087,2020,253.62426,0.0,93991.31
Lycoming,42,081,2010,481.15713999999997,0.0,185757.97
Lycoming,42,081,2011,676.0336699999999,0.0,185757.97
Lycoming,42,081,2012,791.9319700000001,0.0,185757.97
Lycoming,42,081,2013,689.63178,0.0,185757.97
Lycoming,42,081,2014,526.73647,0.0,185757.97
Lycoming,42,081,2015,558.2397,0.0,185757.97
Lycoming,42,081,2016,503.92856,0.0,185757.97
Lycoming,42,081,2017,934.78619,0.0,185757.97
Lycoming,42,081,2018,700.31902,0.0,185757.97
Lycoming,42,081,2019,592.48301,0.0,185757.97
Lycoming,42,081,2020,512.45427,0.0,185757.97
Northumberland,51,133,2010,363.27353,0.0,53816.22
Northumberland,51,133,2011,642.90656,0.0,53816.22
Northumberland,51,133,2012,526.72229,0.0,53816.22
Northumberland,51,133,2013,779.16454,0.0,53816.22
Northumberland,51,133,2014,846.07695,0.0,53816.22
Northumberland,51,133,2015,974.42711,0.0,53816.22
Northumberland,51,133,2016,1333.44258,0.0,53816.22
Northumberland,51,133,2017,1074.7957199999998,0.0,53816.22
Northumberland,51,133,2018,1050.09896,0.0,53816.22
Northumberland,51,133,2019,805.92951,0.0,53816.22
Northumberland,51,133,2020,817.36545,0.0,53816.22
Montour,42,093,2010,15.44413,5467.61601,25027.96
Montour,42,093,2011,18.32155,6758.22118,25027.96
Montour,42,093,2012,59.07525,21073.07533,25027.96
Montour,42,093,2013,17.91049,5106.73611,25027.96
Montour,42,093,2014,14.15222,2734.94601,25027.96
Montour,42,093,2015,19.26112,4785.31788,25027.96
Montour,42,093,2016,34.29418,6801.47328,25027.96
Montour,42,093,2017,49.38597,15006.35049,25027.96
Montour,42,093,2018,72.46408,26769.18762,25027.96
Montour,42,093,2019,55.02337,18169.6714,25027.96
Montour,42,093,2020,46.27366,14668.50277,25027.96
Potter,48,375,2010,0.62819,0.0,78977.6
Potter,48,375,2011,0.87946,0.0,78977.6
Potter,48,375,2012,0.56537,0.0,78977.6
Potter,48,375,2013,3.83194,0.0,78977.6
Potter,48,375,2014,4.3973,0.0,78977.6
Potter,48,375,2016,0.06282,0.0,78977.6
Schuylkill,42,107,2010,623.69606,0.0,132128.05
Schuylkill,42,107,2011,993.0044600000001,0.0,132128.05
Schuylkill,42,107,2012,388.45208,0.0,132128.05
Schuylkill,42,107,2013,496.38478,0.0,132128.05
Schuylkill,42,107,2014,415.81695,0.0,132128.05
Schuylkill,42,107,2015,499.84943999999996,0.0,132128.05
Schuylkill,42,107,2016,632.73939,0.0,132128.05
Schuylkill,42,107,2017,1113.15155,0.0,132128.05
Schuylkill,42,107,2018,887.8904499999999,0.0,132128.05
Schuylkill,42,107,2019,1104.93034,0.0,132128.05
Schuylkill,42,107,2020,1371.3562,0.0,132128.05
Westmoreland,51,193,2010,0.0,276700.09024,54830.88
Westmoreland,51,193,2011,0.0,281292.09431,54830.88
Westmoreland,51,193,2012,0.0,412284.68099,54830.88
Westmoreland,51,193,2013,0.0,255570.28924,54830.88
Westmoreland,51,193,2014,0.0,267836.84036,54830.88
Westmoreland,51,193,2015,0.0,423618.73964,54830.88
Westmoreland,51,193,2016,0.0,390274.48712,54830.88
Westmoreland,51,193,2017,0.0,275672.23029,54830.88
Westmoreland,51,193,2018,0.0,274947.10568,54830.88
Westmoreland,51,193,2019,0.0,357040.90907,54830.88
Westmoreland,51,193,2020,0.0,400014.17149,54830.88
Venango,42,121,2010,247.72247,0.0,72109.9
Venango,42,121,2011,143.48349,0.0,72109.9
Venango,42,121,2012,235.31341,0.0,72109.9
Venango,42,121,2013,251.75504,0.0,72109.9
Venango,42,121,2014,178.73461,0.0,72109.9
Venango,42,121,2015,97.67964,0.0,72109.9
Venango,42,121,2016,132.12649,0.0,72109.9
Venango,42,121,2017,200.2621,0.0,72109.9
Venango,42,121,2018,117.97160000000001,0.0,72109.9
Venango,42,121,2019,169.59888,0.0,72109.9
Venango,42,121,2020,104.63135,0.0,72109.9
Arroyo,72,015,2010,4.61218,0.0,6093.39
Arroyo,72,015,2011,41.43637,0.0,6093.39
Arroyo,72,015,2012,2.4159,0.0,6093.39
Arroyo,72,015,2013,7.83338,0.0,6093.39
Arroyo,72,015,2014,6.29599,0.0,6093.39
Arroyo,72,015,2015,16.39885,0.0,6093.39
Arroyo,72,015,2016,4.8318,0.0,6093.39
Arroyo,72,015,2017,407.77487,0.0,6093.39
Arroyo,72,015,2018,3.14799,0.0,6093.39
Arroyo,72,015,2019,27.38022,0.0,6093.39
Arroyo,72,015,2020,23.64655,0.0,6093.39
Caguas,72,025,2010,13.76332,0.0,9262.3
Caguas,72,025,2011,20.71818,0.0,9262.3
Caguas,72,025,2012,23.50013,0.0,9262.3
Caguas,72,025,2013,18.66833,0.0,9262.3
Caguas,72,025,2014,29.72291,0.0,9262.3
Caguas,72,025,2015,17.05773,0.0,9262.3
Caguas,72,025,2016,13.17764,0.0,9262.3
Caguas,72,025,2017,1772.1735,0.0,9262.3
Caguas,72,025,2018,14.27578,0.0,9262.3
Caguas,72,025,2019,17.6434,0.0,9262.3
Caguas,72,025,2020,15.15429,0.0,9262.3
Barranquitas,72,019,2010,7.7601700000000005,3889.03996,5034.98
Barranquitas,72,019,2011,17.27736,8227.30315,5034.98
Barranquitas,72,019,2012,3.51403,1741.39219,5034.98
Barranquitas,72,019,2013,3.51404,1161.97793,5034.98
Barranquitas,72,019,2014,7.83338,2740.82584,5034.98
Barranquitas,72,019,2015,17.05773,6916.618890000001,5034.98
Barranquitas,72,019,2016,25.54999,8282.130290000001,5034.98
Barranquitas,72,019,2017,958.38077,521937.51526,5034.98
Barranquitas,72,019,2018,27.01417,11088.30645,5034.98
Barranquitas,72,019,2019,10.24928,4003.93312,5034.98
Barranquitas,72,019,2020,11.64026,3909.18247,5034.98
Bayamï¿½n,72,021,2010,12.07951,5611.42684,6323.64
Bayamï¿½n,72,021,2011,11.201,6064.80692,6323.64
Bayamï¿½n,72,021,2012,6.58882,3470.75778,6323.64
Bayamï¿½n,72,021,2013,6.4424,2360.79216,6323.64
Bayamï¿½n,72,021,2014,21.59669,9022.00935,6323.64
Bayamï¿½n,72,021,2015,3.44083,1325.68491,6323.64
Bayamï¿½n,72,021,2016,23.13409,9281.56467,6323.64
Bayamï¿½n,72,021,2017,413.70481,244711.92744,6323.64
Bayamï¿½n,72,021,2018,5.05143,1907.4202,6323.64
Bayamï¿½n,72,021,2019,7.61375,2647.01881,6323.64
Bayamï¿½n,72,021,2020,10.17607,4284.52442,6323.64
Canï¿½vanas,72,029,2010,0.0,5870.06379,5898.51
Canï¿½vanas,72,029,2011,0.0,6863.56686,5898.51
Canï¿½vanas,72,029,2012,0.0,6187.30262,5898.51
Canï¿½vanas,72,029,2013,0.0,7907.25138,5898.51
Canï¿½vanas,72,029,2014,0.0,5796.69202,5898.51
Canï¿½vanas,72,029,2015,0.0,8623.46337,5898.51
Canï¿½vanas,72,029,2016,0.0,982.20883,5898.51
Canï¿½vanas,72,029,2017,0.0,887234.00839,5898.51
Canï¿½vanas,72,029,2018,0.0,13240.761,5898.51
Canï¿½vanas,72,029,2019,0.0,10957.43398,5898.51
Canï¿½vanas,72,029,2020,0.0,9029.01699,5898.51
Cataï¿½o,72,033,2010,0.14642,0.0,1054.34
Cataï¿½o,72,033,2011,0.14642,0.0,1054.34
Cataï¿½o,72,033,2013,0.43925,0.0,1054.34
Cataï¿½o,72,033,2014,0.51246,0.0,1054.34
Cataï¿½o,72,033,2017,29.94254,0.0,1054.34
Cataï¿½o,72,033,2018,1.17135,0.0,1054.34
Cataï¿½o,72,033,2019,0.21963,0.0,1054.34
Cataï¿½o,72,033,2020,2.19627,0.0,1054.34
Cayey,72,035,2010,0.0,8350.21484,8984.01
Cayey,72,035,2011,0.0,12750.98027,8984.01
Cayey,72,035,2012,0.0,9156.35989,8984.01
Cayey,72,035,2013,0.0,2310.91602,8984.01
Cayey,72,035,2014,0.0,5305.47499,8984.01
Cayey,72,035,2015,0.0,5042.28451,8984.01
Cayey,72,035,2016,0.0,2812.77792,8984.01
Cayey,72,035,2017,0.0,2685063.39846,8984.01
Cayey,72,035,2018,0.0,10362.77224,8984.01
Cayey,72,035,2019,0.0,2513.63539,8984.01
Cayey,72,035,2020,0.0,3771.08363,8984.01
Ciales,72,039,2010,21.88953,0.0,13168.56
Ciales,72,039,2011,50.07505,0.0,13168.56
Ciales,72,039,2012,21.96274,0.0,13168.56
Ciales,72,039,2013,19.76647,0.0,13168.56
Ciales,72,039,2014,27.45343,0.0,13168.56
Ciales,72,039,2015,24.0126,0.0,13168.56
Ciales,72,039,2016,59.81186,0.0,13168.56
Ciales,72,039,2017,8990.08162,0.0,13168.56
Ciales,72,039,2018,29.57649,0.0,13168.56
Ciales,72,039,2019,17.27736,0.0,13168.56
Ciales,72,039,2020,30.52821,0.0,13168.56
Cidra,72,041,2010,9.22435,0.0,5621.09
Cidra,72,041,2011,13.03123,0.0,5621.09
Cidra,72,041,2012,10.10286,0.0,5621.09
Cidra,72,041,2013,3.2212,0.0,5621.09
Cidra,72,041,2014,14.78825,0.0,5621.09
Cidra,72,041,2015,8.71189,0.0,5621.09
Cidra,72,041,2016,9.44398,0.0,5621.09
Cidra,72,041,2017,393.27947,0.0,5621.09
Cidra,72,041,2018,18.96117,0.0,5621.09
Cidra,72,041,2019,16.25243,0.0,5621.09
Cidra,72,041,2020,11.93309,0.0,5621.09
Corozal,72,047,2010,10.10286,0.0,5345.74
Corozal,72,047,2011,19.18079,0.0,5345.74
Corozal,72,047,2012,15.73996,0.0,5345.74
Corozal,72,047,2013,10.10286,0.0,5345.74
Corozal,72,047,2014,33.60299,0.0,5345.74
Corozal,72,047,2015,18.22907,0.0,5345.74
Corozal,72,047,2016,46.4878,0.0,5345.74
Corozal,72,047,2017,961.8216,0.0,5345.74
Corozal,72,047,2018,20.64498,0.0,5345.74
Corozal,72,047,2019,11.85988,0.0,5345.74
Corozal,72,047,2020,16.54526,0.0,5345.74
Guï¿½nica,72,055,2010,0.29284,0.0,9788.45
Guï¿½nica,72,055,2011,2.63553,0.0,9788.45
Guï¿½nica,72,055,2012,6.36919,0.0,9788.45
Guï¿½nica,72,055,2013,42.90055,0.0,9788.45
Guï¿½nica,72,055,2014,38.65442,0.0,9788.45
Guï¿½nica,72,055,2015,12.73839,0.0,9788.45
Guï¿½nica,72,055,2016,32.72448,0.0,9788.45
Guï¿½nica,72,055,2017,23.06088,0.0,9788.45
Guï¿½nica,72,055,2018,2.48911,0.0,9788.45
Guï¿½nica,72,055,2019,30.23537,0.0,9788.45
Guï¿½nica,72,055,2020,3.58725,0.0,9788.45
Florida,72,054,2010,4.17292,0.0,1792.6
Florida,72,054,2011,2.12306,0.0,1792.6
Florida,72,054,2012,1.83023,0.0,1792.6
Florida,72,054,2013,8.49226,0.0,1792.6
Florida,72,054,2014,8.93151,0.0,1792.6
Florida,72,054,2015,2.34269,0.0,1792.6
Florida,72,054,2016,18.30228,0.0,1792.6
Florida,72,054,2017,341.74024,0.0,1792.6
Florida,72,054,2018,4.09971,0.0,1792.6
Florida,72,054,2019,6.14957,0.0,1792.6
Florida,72,054,2020,9.95644,0.0,1792.6
Guayama,72,057,2010,11.56704,5768.56194,15354.88
Guayama,72,057,2011,68.45054,27390.21978,15354.88
Guayama,72,057,2012,28.0391,10224.66315,15354.88
Guayama,72,057,2013,33.31016,6445.95535,15354.88
Guayama,72,057,2014,26.13566,6766.5057,15354.88
Guayama,72,057,2015,23.57334,4871.14482,15354.88
Guayama,72,057,2016,2.48911,366.64462,15354.88
Guayama,72,057,2017,3626.70728,2137274.65046,15354.88
Guayama,72,057,2018,22.76804,12399.7853,15354.88
Guayama,72,057,2019,14.34899,4005.27601,15354.88
Guayama,72,057,2020,44.95041,13251.36785,15354.88
Hatillo,72,065,2010,8.19942,0.0,6383.84
Hatillo,72,065,2011,12.29913,0.0,6383.84
Hatillo,72,065,2012,14.12936,0.0,6383.84
Hatillo,72,065,2013,5.92994,0.0,6383.84
Hatillo,72,065,2014,23.71976,0.0,6383.84
Hatillo,72,065,2015,34.04225,0.0,6383.84
Hatillo,72,065,2016,15.00787,0.0,6383.84
Hatillo,72,065,2017,190.34375,0.0,6383.84
Hatillo,72,065,2018,13.17764,0.0,6383.84
Hatillo,72,065,2019,25.6232,0.0,6383.84
Hatillo,72,065,2020,21.45028,0.0,6383.84
Gurabo,72,063,2010,6.66203,0.0,4514.32
Gurabo,72,063,2011,32.94411,0.0,4514.32
Gurabo,72,063,2012,15.2275,0.0,4514.32
Gurabo,72,063,2013,14.4222,0.0,4514.32
Gurabo,72,063,2014,32.21202,0.0,4514.32
Gurabo,72,063,2015,13.54369,0.0,4514.32
Gurabo,72,063,2016,7.61375,0.0,4514.32
Gurabo,72,063,2017,100.29651,0.0,4514.32
Gurabo,72,063,2018,9.07793,0.0,4514.32
Gurabo,72,063,2019,47.43952,0.0,4514.32
Gurabo,72,063,2020,10.90816,0.0,4514.32
Guayanilla,72,059,2010,19.40042,8776.22761,11607.07
Guayanilla,72,059,2011,51.53923,22796.68,11607.07
Guayanilla,72,059,2012,25.76962,11685.81587,11607.07
Guayanilla,72,059,2013,22.98767,4800.74807,11607.07
Guayanilla,72,059,2014,77.67489,17658.97224,11607.07
Guayanilla,72,059,2015,31.33351,9762.39161,11607.07
Guayanilla,72,059,2016,12.22593,3791.71261,11607.07
Guayanilla,72,059,2017,1790.25616,990365.10769,11607.07
Guayanilla,72,059,2018,11.71346,4846.63401,11607.07
Guayanilla,72,059,2019,25.84282,9420.21464,11607.07
Guayanilla,72,059,2020,21.30386,8340.34442,11607.07
Guaynabo,72,061,2010,4.0265,2054.25342,4002.37
Guaynabo,72,061,2011,9.37077,5411.92925,4002.37
Guaynabo,72,061,2012,4.8318,2555.44606,4002.37
Guaynabo,72,061,2013,4.68538,1852.68999,4002.37
Guaynabo,72,061,2014,15.95959,6071.39794,4002.37
Guaynabo,72,061,2015,4.90501,1707.65331,4002.37
Guaynabo,72,061,2016,8.7851,3647.13514,4002.37
Guaynabo,72,061,2017,219.77382,127699.24185,4002.37
Guaynabo,72,061,2018,5.19785,1774.09043,4002.37
Guaynabo,72,061,2019,7.54054,2763.27682,4002.37
Guaynabo,72,061,2020,8.41905,3152.48346,4002.37
Humacao,72,069,2010,18.96117,0.0,9468.51
Humacao,72,069,2011,43.63264,0.0,9468.51
Humacao,72,069,2012,28.99082,0.0,9468.51
Humacao,72,069,2013,24.0126,0.0,9468.51
Humacao,72,069,2014,36.8974,0.0,9468.51
Humacao,72,069,2015,20.8646,0.0,9468.51
Humacao,72,069,2016,9.88323,0.0,9468.51
Humacao,72,069,2017,1045.57285,0.0,9468.51
Humacao,72,069,2018,27.81947,0.0,9468.51
Humacao,72,069,2019,15.88638,0.0,9468.51
Humacao,72,069,2020,30.74784,0.0,9468.51
Hormigueros,72,067,2010,0.36605,92.66578,1785.04
Hormigueros,72,067,2011,7.39412,2968.55016,1785.04
Hormigueros,72,067,2012,0.65888,127.52261,1785.04
Hormigueros,72,067,2013,3.29441,939.57024,1785.04
Hormigueros,72,067,2014,4.90501,737.75141,1785.04
Hormigueros,72,067,2015,3.29441,511.52792,1785.04
Hormigueros,72,067,2016,2.85516,1014.07089,1785.04
Hormigueros,72,067,2017,14.4222,4908.5271,1785.04
Hormigueros,72,067,2018,2.12306,527.51495,1785.04
Hormigueros,72,067,2019,1.90344,223.14171,1785.04
Hormigueros,72,067,2020,1.17135,822.47229,1785.04
Ceiba,72,037,2010,33.01732,0.0,34954.62
Ceiba,72,037,2011,43.99869,0.0,34954.62
Ceiba,72,037,2012,47.51273,0.0,34954.62
Ceiba,72,037,2013,65.22934,0.0,34954.62
Ceiba,72,037,2014,75.62504,0.0,34954.62
Ceiba,72,037,2015,25.25715,0.0,34954.62
Ceiba,72,037,2016,6.00315,0.0,34954.62
Ceiba,72,037,2017,4468.09985,0.0,34954.62
Ceiba,72,037,2018,77.60168,0.0,34954.62
Ceiba,72,037,2019,52.71058,0.0,34954.62
Ceiba,72,037,2020,55.63894,0.0,34954.62
Comerï¿½o,72,045,2010,4.68539,0.0,4114.96
Comerï¿½o,72,045,2011,9.44397,0.0,4114.96
Comerï¿½o,72,045,2012,6.808450000000001,0.0,4114.96
Comerï¿½o,72,045,2013,2.12307,0.0,4114.96
Comerï¿½o,72,045,2014,14.56862,0.0,4114.96
Comerï¿½o,72,045,2015,6.95487,0.0,4114.96
Comerï¿½o,72,045,2016,10.90816,0.0,4114.96
Comerï¿½o,72,045,2017,432.51956,0.0,4114.96
Comerï¿½o,72,045,2018,16.69169,0.0,4114.96
Comerï¿½o,72,045,2019,8.56547,0.0,4114.96
Comerï¿½o,72,045,2020,8.19942,0.0,4114.96
Culebra,72,049,2010,0.07321,0.0,19311.24
Culebra,72,049,2011,0.29284,0.0,19311.24
Culebra,72,049,2012,0.07321,0.0,19311.24
Culebra,72,049,2013,3.36762,0.0,19311.24
Culebra,72,049,2014,2.04986,0.0,19311.24
Culebra,72,049,2015,8.93151,0.0,19311.24
Culebra,72,049,2016,0.21963,0.0,19311.24
Culebra,72,049,2018,3.36762,0.0,19311.24
Culebra,72,049,2019,8.93151,0.0,19311.24
Culebra,72,049,2020,0.21963,0.0,19311.24
Juncos,72,077,2010,0.0,7061.44894,4916.82
Juncos,72,077,2011,0.0,16309.42993,4916.82
Juncos,72,077,2012,0.0,7661.96336,4916.82
Juncos,72,077,2013,0.0,3965.87362,4916.82
Juncos,72,077,2014,0.0,7241.14574,4916.82
Juncos,72,077,2015,0.0,14396.81487,4916.82
Juncos,72,077,2016,0.0,2238.55813,4916.82
Juncos,72,077,2017,0.0,427592.85755,4916.82
Juncos,72,077,2018,0.0,1980.25044,4916.82
Juncos,72,077,2019,0.0,9695.07773,4916.82
Juncos,72,077,2020,0.0,7307.55872,4916.82
Jayuya,72,073,2010,0.0,10096.97602,7191.78
Jayuya,72,073,2011,0.0,18738.1965,7191.78
Jayuya,72,073,2012,0.0,8323.06981,7191.78
Jayuya,72,073,2013,0.0,9562.05064,7191.78
Jayuya,72,073,2014,0.0,11174.63834,7191.78
Jayuya,72,073,2015,0.0,7102.57307,7191.78
Jayuya,72,073,2016,0.0,22477.60093,7191.78
Jayuya,72,073,2017,0.0,2997531.97576,7191.78
Jayuya,72,073,2018,0.0,8012.87605,7191.78
Jayuya,72,073,2019,0.0,5401.95793,7191.78
Jayuya,72,073,2020,0.0,6951.15535,7191.78
Lajas,72,079,2010,0.0,717.28968,11098.84
Lajas,72,079,2011,0.0,3044.30283,11098.84
Lajas,72,079,2012,0.0,1927.9946,11098.84
Lajas,72,079,2013,0.0,6781.06392,11098.84
Lajas,72,079,2014,0.0,4071.93189,11098.84
Lajas,72,079,2015,0.0,2483.05837,11098.84
Lajas,72,079,2016,0.0,2951.74782,11098.84
Lajas,72,079,2017,0.0,1838.52917,11098.84
Lajas,72,079,2018,0.0,4593.55869,11098.84
Lajas,72,079,2019,0.0,17398.28008,11098.84
Lajas,72,079,2020,0.0,3933.04681,11098.84
Luquillo,72,089,2010,6.88166,0.0,7492.65
Luquillo,72,089,2011,24.08581,0.0,7492.65
Luquillo,72,089,2012,20.71818,0.0,7492.65
Luquillo,72,089,2013,23.79297,0.0,7492.65
Luquillo,72,089,2014,35.14038,0.0,7492.65
Luquillo,72,089,2015,3.88008,0.0,7492.65
Luquillo,72,089,2016,0.21963,0.0,7492.65
Luquillo,72,089,2017,2484.49837,0.0,7492.65
Luquillo,72,089,2018,14.93466,0.0,7492.65
Luquillo,72,089,2019,6.22278,0.0,7492.65
Luquillo,72,089,2020,21.88953,0.0,7492.65
Loï¿½za,72,087,2010,0.21963,0.0,10040.3
Loï¿½za,72,087,2011,1.24456,0.0,10040.3
Loï¿½za,72,087,2012,2.04986,0.0,10040.3
Loï¿½za,72,087,2013,8.56547,0.0,10040.3
Loï¿½za,72,087,2014,12.37234,0.0,10040.3
Loï¿½za,72,087,2015,4.90501,0.0,10040.3
Loï¿½za,72,087,2016,0.07321,0.0,10040.3
Loï¿½za,72,087,2017,1524.58021,0.0,10040.3
Loï¿½za,72,087,2018,66.18106,0.0,10040.3
Loï¿½za,72,087,2019,14.93466,0.0,10040.3
Loï¿½za,72,087,2020,7.32091,0.0,10040.3
Maricao,72,093,2010,25.47678,15438.83022,5800.52
Maricao,72,093,2011,38.72763,23543.2621,5800.52
Maricao,72,093,2012,23.42692,14452.78482,5800.52
Maricao,72,093,2013,2.48911,1404.62893,5800.52
Maricao,72,093,2014,4.68538,2139.28557,5800.52
Maricao,72,093,2015,6.88166,2807.19153,5800.52
Maricao,72,093,2016,10.61532,5013.81341,5800.52
Maricao,72,093,2017,522.05433,317489.95209,5800.52
Maricao,72,093,2018,20.79139,11837.3556,5800.52
Maricao,72,093,2019,6.88166,3222.40106,5800.52
Maricao,72,093,2020,19.69326,10448.66683,5800.52
Manatï¿½,72,091,2010,3.66046,1450.92794,7866.49
Manatï¿½,72,091,2011,6.66203,3116.07085,7866.49
Manatï¿½,72,091,2012,6.07636,2378.46538,7866.49
Manatï¿½,72,091,2013,21.88953,5387.28015,7866.49
Manatï¿½,72,091,2014,56.0782,14108.73196,7866.49
Manatï¿½,72,091,2015,34.40829,8817.19803,7866.49
Manatï¿½,72,091,2016,34.33508,6013.19025,7866.49
Manatï¿½,72,091,2017,407.04278,201445.59361,7866.49
Manatï¿½,72,091,2018,50.14826,15390.56855,7866.49
Manatï¿½,72,091,2019,51.90528,11466.95071,7866.49
Manatï¿½,72,091,2020,35.87248,10005.8561,7866.49
Maunabo,72,095,2010,18.4487,0.0,8238.65
Maunabo,72,095,2011,80.82288,0.0,8238.65
Maunabo,72,095,2012,31.62635,0.0,8238.65
Maunabo,72,095,2013,26.06245,0.0,8238.65
Maunabo,72,095,2014,15.73996,0.0,8238.65
Maunabo,72,095,2015,4.0265,0.0,8238.65
Maunabo,72,095,2016,3.2212,0.0,8238.65
Maunabo,72,095,2017,1580.80482,0.0,8238.65
Maunabo,72,095,2018,37.7027,0.0,8238.65
Maunabo,72,095,2019,26.72133,0.0,8238.65
Maunabo,72,095,2020,34.4815,0.0,8238.65
Morovis,72,101,2010,0.0,4456.62432,4713.04
Morovis,72,101,2011,0.0,8366.55028,4713.04
Morovis,72,101,2012,0.0,7107.44793,4713.04
Morovis,72,101,2013,0.0,5712.90333,4713.04
Morovis,72,101,2014,0.0,12264.50203,4713.04
Morovis,72,101,2015,0.0,3471.73468,4713.04
Morovis,72,101,2016,0.0,8221.53547,4713.04
Morovis,72,101,2017,0.0,359527.26577,4713.04
Morovis,72,101,2018,0.0,4135.17688,4713.04
Morovis,72,101,2019,0.0,7916.67868,4713.04
Morovis,72,101,2020,0.0,20976.10865,4713.04
Moca,72,099,2010,26.79454,13904.44855,6390.62
Moca,72,099,2011,19.76647,10064.68151,6390.62
Moca,72,099,2012,10.90816,5693.01176,6390.62
Moca,72,099,2013,17.49698,7372.19788,6390.62
Moca,72,099,2014,16.47206,4439.96976,6390.62
Moca,72,099,2015,24.67148,6374.97228,6390.62
Moca,72,099,2016,36.75099,12900.63765,6390.62
Moca,72,099,2017,476.15221,275930.87315,6390.62
Moca,72,099,2018,11.56704,4071.03666,6390.62
Moca,72,099,2019,8.71189,2960.67688,6390.62
Moca,72,099,2020,29.94254,8049.55207,6390.62
Orocovis,72,107,2010,20.49856,0.0,11151.26
Orocovis,72,107,2011,38.72763,0.0,11151.26
Orocovis,72,107,2012,16.61847,0.0,11151.26
Orocovis,72,107,2013,8.34584,0.0,11151.26
Orocovis,72,107,2014,21.81632,0.0,11151.26
Orocovis,72,107,2015,7.32091,0.0,11151.26
Orocovis,72,107,2016,25.33036,0.0,11151.26
Orocovis,72,107,2017,6253.5242,0.0,11151.26
Orocovis,72,107,2018,24.52506,0.0,11151.26
Orocovis,72,107,2019,3.80687,0.0,11151.26
Orocovis,72,107,2020,17.35056,0.0,11151.26
Patillas,72,109,2010,32.21202,0.0,16791.78
Patillas,72,109,2011,167.79533,0.0,16791.78
Patillas,72,109,2012,58.27447,0.0,16791.78
Patillas,72,109,2013,39.53293,0.0,16791.78
Patillas,72,109,2014,25.54999,0.0,16791.78
Patillas,72,109,2015,23.42692,0.0,16791.78
Patillas,72,109,2016,6.29599,0.0,16791.78
Patillas,72,109,2017,6218.82307,0.0,16791.78
Patillas,72,109,2018,51.68565,0.0,16791.78
Patillas,72,109,2019,55.93178,0.0,16791.78
Patillas,72,109,2020,59.81186,0.0,16791.78
Peï¿½uelas,72,111,2010,17.13094,0.0,8504.05
Peï¿½uelas,72,111,2011,45.60929,0.0,8504.05
Peï¿½uelas,72,111,2012,12.51876,0.0,8504.05
Peï¿½uelas,72,111,2013,29.35686,0.0,8504.05
Peï¿½uelas,72,111,2014,22.25558,0.0,8504.05
Peï¿½uelas,72,111,2015,129.36054,0.0,8504.05
Peï¿½uelas,72,111,2016,8.34584,0.0,8504.05
Peï¿½uelas,72,111,2017,2279.65922,0.0,8504.05
Peï¿½uelas,72,111,2018,4.53897,0.0,8504.05
Peï¿½uelas,72,111,2019,13.32406,0.0,8504.05
Peï¿½uelas,72,111,2020,22.76804,0.0,8504.05
Ponce,72,113,2010,43.2666,0.0,28432.36
Ponce,72,113,2011,77.60168,0.0,28432.36
Ponce,72,113,2012,42.31488,0.0,28432.36
Ponce,72,113,2013,92.90239,0.0,28432.36
Ponce,72,113,2014,42.02204,0.0,28432.36
Ponce,72,113,2015,166.40436,0.0,28432.36
Ponce,72,113,2016,27.08738,0.0,28432.36
Ponce,72,113,2017,6293.64281,0.0,28432.36
Ponce,72,113,2018,30.30858,0.0,28432.36
Ponce,72,113,2019,105.86041,0.0,28432.36
Ponce,72,113,2020,85.43506,0.0,28432.36
Quebradillas,72,115,2010,0.0,1186.69502,4697.72
Quebradillas,72,115,2011,0.0,1843.81378,4697.72
Quebradillas,72,115,2012,0.0,2036.08637,4697.72
Quebradillas,72,115,2013,0.0,2198.47854,4697.72
Quebradillas,72,115,2014,0.0,3446.13352,4697.72
Quebradillas,72,115,2015,0.0,2194.04521,4697.72
Quebradillas,72,115,2016,0.0,2206.37696,4697.72
Quebradillas,72,115,2017,0.0,119533.58225,4697.72
Quebradillas,72,115,2018,0.0,2258.30932,4697.72
Quebradillas,72,115,2019,0.0,3317.51488,4697.72
Quebradillas,72,115,2020,0.0,3875.42357,4697.72
Rï¿½o Grande,72,119,2010,17.42377,9798.04412,12994.12
Rï¿½o Grande,72,119,2011,31.69955,17127.68187,12994.12
Rï¿½o Grande,72,119,2012,30.23537,16837.27121,12994.12
Rï¿½o Grande,72,119,2013,13.17764,5624.0405,12994.12
Rï¿½o Grande,72,119,2014,24.15901,8075.71207,12994.12
Rï¿½o Grande,72,119,2015,3.58725,1388.7071,12994.12
Rï¿½o Grande,72,119,2016,1.09814,483.01782,12994.12
Rï¿½o Grande,72,119,2017,6525.13009,3739793.22418,12994.12
Rï¿½o Grande,72,119,2018,398.62373,208623.69687,12994.12
Rï¿½o Grande,72,119,2019,24.59827,8060.71097,12994.12
Rï¿½o Grande,72,119,2020,27.52663,9748.75718,12994.12
Sabana Grande,72,121,2010,3.51404,0.0,4978.91
Sabana Grande,72,121,2011,15.15429,0.0,4978.91
Sabana Grande,72,121,2012,9.81002,0.0,4978.91
Sabana Grande,72,121,2013,19.254,0.0,4978.91
Sabana Grande,72,121,2014,14.34899,0.0,4978.91
Sabana Grande,72,121,2015,6.51561,0.0,4978.91
Sabana Grande,72,121,2016,4.90501,0.0,4978.91
Sabana Grande,72,121,2017,138.95094,0.0,4978.91
Sabana Grande,72,121,2018,8.41905,0.0,4978.91
Sabana Grande,72,121,2019,6.22278,0.0,4978.91
Sabana Grande,72,121,2020,9.44398,0.0,4978.91
San Lorenzo,72,129,2010,18.96117,0.0,7858.39
San Lorenzo,72,129,2011,51.46602,0.0,7858.39
San Lorenzo,72,129,2012,25.69641,0.0,7858.39
San Lorenzo,72,129,2013,20.71818,0.0,7858.39
San Lorenzo,72,129,2014,27.30701,0.0,7858.39
San Lorenzo,72,129,2015,16.17922,0.0,7858.39
San Lorenzo,72,129,2016,5.92994,0.0,7858.39
San Lorenzo,72,129,2017,2661.81089,0.0,7858.39
San Lorenzo,72,129,2018,23.79297,0.0,7858.39
San Lorenzo,72,129,2019,10.61532,0.0,7858.39
San Lorenzo,72,129,2020,17.42377,0.0,7858.39
Trujillo Alto,72,139,2010,0.0,3549.30334,3461.67
Trujillo Alto,72,139,2011,0.0,2682.95712,3461.67
Trujillo Alto,72,139,2012,0.0,1659.17642,3461.67
Trujillo Alto,72,139,2013,0.0,2409.03448,3461.67
Trujillo Alto,72,139,2014,0.0,7352.18239,3461.67
Trujillo Alto,72,139,2015,0.0,1350.70143,3461.67
Trujillo Alto,72,139,2016,0.0,930.68716,3461.67
Trujillo Alto,72,139,2017,0.0,26238.97487,3461.67
Trujillo Alto,72,139,2018,0.0,2562.96002,3461.67
Trujillo Alto,72,139,2019,0.0,2790.15592,3461.67
Trujillo Alto,72,139,2020,0.0,2383.39836,3461.67
Vega Baja,72,145,2010,10.90816,0.0,7870.93
Vega Baja,72,145,2011,16.54526,0.0,7870.93
Vega Baja,72,145,2012,14.4222,0.0,7870.93
Vega Baja,72,145,2013,57.32275,0.0,7870.93
Vega Baja,72,145,2014,85.06901,0.0,7870.93
Vega Baja,72,145,2015,12.66518,0.0,7870.93
Vega Baja,72,145,2016,32.72448,0.0,7870.93
Vega Baja,72,145,2017,647.82762,0.0,7870.93
Vega Baja,72,145,2018,74.67332,0.0,7870.93
Vega Baja,72,145,2019,55.05327,0.0,7870.93
Vega Baja,72,145,2020,33.96904,0.0,7870.93
Vieques,72,147,2010,4.68538,0.0,31279.25
Vieques,72,147,2011,12.73839,0.0,31279.25
Vieques,72,147,2012,31.11388,0.0,31279.25
Vieques,72,147,2013,90.70612,0.0,31279.25
Vieques,72,147,2014,90.70612,0.0,31279.25
Vieques,72,147,2015,47.21989,0.0,31279.25
Vieques,72,147,2016,8.34584,0.0,31279.25
Vieques,72,147,2017,153.15351,0.0,31279.25
Vieques,72,147,2018,82.94595,0.0,31279.25
Vieques,72,147,2019,65.00971,0.0,31279.25
Vieques,72,147,2020,27.74626,0.0,31279.25
Newport,44,005,2010,0.0,8891.655139999999,49118.62
Newport,44,005,2011,0.0,1773.3559400000001,49118.62
Newport,44,005,2012,0.0,16930.80182,49118.62
Newport,44,005,2013,0.0,4534.125840000001,49118.62
Newport,44,005,2014,0.0,6745.008449999999,49118.62
Newport,44,005,2015,0.0,7713.76725,49118.62
Newport,44,005,2016,0.0,12573.77935,49118.62
Newport,44,005,2017,0.0,25231.76072,49118.62
Newport,44,005,2018,0.0,15836.342680000002,49118.62
Newport,44,005,2019,0.0,8440.83929,49118.62
Newport,44,005,2020,0.0,5454.92395,49118.62
Utuado,72,141,2010,0.0,32723.57693,20340.71
Utuado,72,141,2011,0.0,69302.73879,20340.71
Utuado,72,141,2012,0.0,27369.4417,20340.71
Utuado,72,141,2013,0.0,15158.76797,20340.71
Utuado,72,141,2014,0.0,24487.25297,20340.71
Utuado,72,141,2015,0.0,20038.62762,20340.71
Utuado,72,141,2016,0.0,49239.31991,20340.71
Utuado,72,141,2017,0.0,4258685.80946,20340.71
Utuado,72,141,2018,0.0,21556.82929,20340.71
Utuado,72,141,2019,0.0,13740.31061,20340.71
Utuado,72,141,2020,0.0,21653.5993,20340.71
Providence,44,007,2010,0.0,41134.53011,42785.66
Providence,44,007,2011,0.0,16838.37192,42785.66
Providence,44,007,2012,0.0,33125.48811,42785.66
Providence,44,007,2013,0.0,17095.37934,42785.66
Providence,44,007,2014,0.0,29746.29253,42785.66
Providence,44,007,2015,0.0,44752.30879,42785.66
Providence,44,007,2016,0.0,437130.6376,42785.66
Providence,44,007,2017,0.0,141305.04343,42785.66
Providence,44,007,2018,0.0,53738.32927,42785.66
Providence,44,007,2019,0.0,54511.59276,42785.66
Providence,44,007,2020,0.0,112183.08074,42785.66
Aiken,45,003,2010,7304.47643,0.0,189946.63
Aiken,45,003,2011,5171.90399,0.0,189946.63
Aiken,45,003,2012,5444.83072,0.0,189946.63
Aiken,45,003,2013,7791.448829999999,0.0,189946.63
Aiken,45,003,2014,9916.37341,0.0,189946.63
Aiken,45,003,2015,9502.06848,0.0,189946.63
Aiken,45,003,2016,11286.85232,0.0,189946.63
Aiken,45,003,2017,8664.73426,0.0,189946.63
Aiken,45,003,2018,8232.01427,0.0,189946.63
Aiken,45,003,2019,7388.8935,0.0,189946.63
Aiken,45,003,2020,8293.744770000001,0.0,189946.63
Abbeville,45,001,2010,0.0,779191.55262,79380.42
Abbeville,45,001,2011,0.0,622762.09508,79380.42
Abbeville,45,001,2012,0.0,811990.76567,79380.42
Abbeville,45,001,2013,0.0,802023.81137,79380.42
Abbeville,45,001,2014,0.0,846463.5215800001,79380.42
Abbeville,45,001,2015,0.0,827623.82527,79380.42
Abbeville,45,001,2016,0.0,1120162.29602,79380.42
Abbeville,45,001,2017,0.0,1438830.51538,79380.42
Abbeville,45,001,2018,0.0,1182739.81318,79380.42
Abbeville,45,001,2019,0.0,1352155.3888,79380.42
Abbeville,45,001,2020,0.0,1367366.03168,79380.42
Bamberg,45,009,2010,2893.0,0.0,60436.18
Bamberg,45,009,2011,1574.41869,0.0,60436.18
Bamberg,45,009,2012,2969.39544,0.0,60436.18
Bamberg,45,009,2013,3471.10838,0.0,60436.18
Bamberg,45,009,2014,4909.87828,0.0,60436.18
Bamberg,45,009,2015,3062.6742,0.0,60436.18
Bamberg,45,009,2016,3906.12895,0.0,60436.18
Bamberg,45,009,2017,3631.20889,0.0,60436.18
Bamberg,45,009,2018,3155.95296,0.0,60436.18
Bamberg,45,009,2019,3104.00924,0.0,60436.18
Bamberg,45,009,2020,3426.08618,0.0,60436.18
Yabucoa,72,151,2010,46.04855,0.0,16877.93
Yabucoa,72,151,2011,167.35608,0.0,16877.93
Yabucoa,72,151,2012,70.28077,0.0,16877.93
Yabucoa,72,151,2013,50.66072,0.0,16877.93
Yabucoa,72,151,2014,50.29467,0.0,16877.93
Yabucoa,72,151,2015,25.11073,0.0,16877.93
Yabucoa,72,151,2016,5.71031,0.0,16877.93
Yabucoa,72,151,2017,3106.19034,0.0,16877.93
Yabucoa,72,151,2018,55.71215,0.0,16877.93
Yabucoa,72,151,2019,52.34453,0.0,16877.93
Yabucoa,72,151,2020,67.42561,0.0,16877.93
Allendale,45,005,2010,4459.59155,1813881.47492,75002.11
Allendale,45,005,2011,3065.77918,1278011.87291,75002.11
Allendale,45,005,2012,4721.76826,1982354.48287,75002.11
Allendale,45,005,2013,4423.10805,1551908.2901899999,75002.11
Allendale,45,005,2014,6283.4436,2175189.47419,75002.11
Allendale,45,005,2015,4521.43239,1491156.30609,75002.11
Allendale,45,005,2016,5057.752930000001,1757334.35555,75002.11
Allendale,45,005,2017,3981.10127,1533058.5749300001,75002.11
Allendale,45,005,2018,3634.57262,1380956.42301,75002.11
Allendale,45,005,2019,4702.81495,1921144.0022999998,75002.11
Allendale,45,005,2020,4343.86638,1946565.81231,75002.11
Barnwell,45,011,2010,4128.78186,0.0,78320.84
Barnwell,45,011,2011,2981.88004,0.0,78320.84
Barnwell,45,011,2012,2993.78246,0.0,78320.84
Barnwell,45,011,2013,4490.12385,0.0,78320.84
Barnwell,45,011,2014,6437.20477,0.0,78320.84
Barnwell,45,011,2015,4056.4617099999996,0.0,78320.84
Barnwell,45,011,2016,5872.486620000001,0.0,78320.84
Barnwell,45,011,2017,3369.9378,0.0,78320.84
Barnwell,45,011,2018,2807.48369,0.0,78320.84
Barnwell,45,011,2019,3304.40979,0.0,78320.84
Barnwell,45,011,2020,3923.33571,0.0,78320.84
Dillon,45,033,2010,0.0,1084243.45522,73561.66
Dillon,45,033,2011,0.0,963401.70271,73561.66
Dillon,45,033,2012,0.0,1399701.25766,73561.66
Dillon,45,033,2013,0.0,994998.43198,73561.66
Dillon,45,033,2014,0.0,916694.93219,73561.66
Dillon,45,033,2015,0.0,1211035.63125,73561.66
Dillon,45,033,2016,0.0,1228086.36236,73561.66
Dillon,45,033,2017,0.0,1695853.34319,73561.66
Dillon,45,033,2018,0.0,1466414.75808,73561.66
Dillon,45,033,2019,0.0,1082666.17446,73561.66
Dillon,45,033,2020,0.0,1175051.20033,73561.66
Georgetown,45,043,2010,5187.967710000001,2386059.04666,187031.64
Georgetown,45,043,2011,5707.057510000001,2622790.8257,187031.64
Georgetown,45,043,2012,6535.91291,3087510.61144,187031.64
Georgetown,45,043,2013,6607.61615,3010008.9767899998,187031.64
Georgetown,45,043,2014,8182.55188,3480787.01579,187031.64
Georgetown,45,043,2015,5446.80805,2388272.39712,187031.64
Georgetown,45,043,2016,7836.181689999999,3584676.1589900004,187031.64
Georgetown,45,043,2017,6993.9688400000005,3162423.14651,187031.64
Georgetown,45,043,2018,6369.895259999999,2879362.73358,187031.64
Georgetown,45,043,2019,6292.7279,2940336.7065500002,187031.64
Georgetown,45,043,2020,5652.44764,2734033.85883,187031.64
Horry,45,051,2010,4900.17957,2067071.05589,207016.23
Horry,45,051,2011,4062.30156,1732818.74727,207016.23
Horry,45,051,2012,4329.27989,1973272.62409,207016.23
Horry,45,051,2013,5321.89261,2183709.33708,207016.23
Horry,45,051,2014,6089.06792,2508159.55096,207016.23
Horry,45,051,2015,4960.62055,1952991.2016500002,207016.23
Horry,45,051,2016,6847.86452,2656063.38997,207016.23
Horry,45,051,2017,7114.14047,2815015.25649,207016.23
Horry,45,051,2018,5659.28313,2269706.8197,207016.23
Horry,45,051,2019,7178.88057,3021630.25565,207016.23
Horry,45,051,2020,5366.5666599999995,2213266.90193,207016.23
Hampton,51,650,2010,31.90888,13382.91717,20252.26
Hampton,51,650,2011,5.81286,2283.98252,20252.26
Hampton,51,650,2012,37.28887,17510.594859999997,20252.26
Hampton,51,650,2013,7.17332,2721.95698,20252.26
Hampton,51,650,2014,14.16111,6515.39244,20252.26
Hampton,51,650,2015,16.32548,5467.77656,20252.26
Hampton,51,650,2016,18.05697,6120.53056,20252.26
Hampton,51,650,2017,4.63792,1243.22405,20252.26
Hampton,51,650,2018,9.89423,3460.77395,20252.26
Hampton,51,650,2019,8.9048,2759.82328,20252.26
Hampton,51,650,2020,15.33605,4853.89594,20252.26
Marlboro,45,069,2010,3323.84987,0.0,82560.86
Marlboro,45,069,2011,2729.9773,0.0,82560.86
Marlboro,45,069,2012,4005.14854,0.0,82560.86
Marlboro,45,069,2013,4071.40363,0.0,82560.86
Marlboro,45,069,2014,3638.86442,0.0,82560.86
Marlboro,45,069,2015,5428.83575,0.0,82560.86
Marlboro,45,069,2016,4768.13419,0.0,82560.86
Marlboro,45,069,2017,4638.17474,0.0,82560.86
Marlboro,45,069,2018,3904.33113,0.0,82560.86
Marlboro,45,069,2019,3807.91372,0.0,82560.86
Marlboro,45,069,2020,3374.8006,0.0,82560.86
Kershaw,45,055,2010,0.0,2459140.08408,109071.45
Kershaw,45,055,2011,0.0,1776411.37909,109071.45
Kershaw,45,055,2012,0.0,1783632.79639,109071.45
Kershaw,45,055,2013,0.0,2197772.74805,109071.45
Kershaw,45,055,2014,0.0,2213151.26677,109071.45
Kershaw,45,055,2015,0.0,2061458.84128,109071.45
Kershaw,45,055,2016,0.0,2977069.46339,109071.45
Kershaw,45,055,2017,0.0,2278612.01309,109071.45
Kershaw,45,055,2018,0.0,2908869.4012,109071.45
Kershaw,45,055,2019,0.0,2179965.86108,109071.45
Kershaw,45,055,2020,0.0,2637803.9942,109071.45
Greenville,45,045,2010,0.0,556768.8933,150908.65
Greenville,45,045,2011,0.0,406494.49453,150908.65
Greenville,45,045,2012,0.0,703306.86891,150908.65
Greenville,45,045,2013,0.0,524743.13431,150908.65
Greenville,45,045,2014,0.0,515737.29776,150908.65
Greenville,45,045,2015,0.0,715205.18009,150908.65
Greenville,45,045,2016,0.0,871183.5657800001,150908.65
Greenville,45,045,2017,0.0,991739.59958,150908.65
Greenville,45,045,2018,0.0,760927.06222,150908.65
Greenville,45,045,2019,0.0,659612.53257,150908.65
Greenville,45,045,2020,0.0,737691.50804,150908.65
Lexington,51,678,2010,1.39908,379.15639,443.07
Lexington,51,678,2011,0.24332,73.18203,443.07
Lexington,51,678,2012,1.58157,652.59065,443.07
Lexington,51,678,2013,0.30415,47.66427,443.07
Lexington,51,678,2014,0.12166,22.86529,443.07
Lexington,51,678,2015,1.15576,186.91028,443.07
Lexington,51,678,2016,0.06083,0.0,443.07
Lexington,51,678,2017,2.73733,978.47719,443.07
Lexington,51,678,2018,0.36498,124.57214,443.07
Lexington,51,678,2019,0.24332,85.53009,443.07
Lexington,51,678,2020,0.12166,41.98582,443.07
McCormick,45,065,2010,3614.2477200000003,0.0,91177.07
McCormick,45,065,2011,3758.17544,0.0,91177.07
McCormick,45,065,2012,4435.87991,0.0,91177.07
McCormick,45,065,2013,4139.13685,0.0,91177.07
McCormick,45,065,2014,3459.76161,0.0,91177.07
McCormick,45,065,2015,4425.38977,0.0,91177.07
McCormick,45,065,2016,6003.67545,0.0,91177.07
McCormick,45,065,2017,7188.36008,0.0,91177.07
McCormick,45,065,2018,5085.69809,0.0,91177.07
McCormick,45,065,2019,4613.9728,0.0,91177.07
McCormick,45,065,2020,4041.87407,0.0,91177.07
Aurora,46,003,2010,0.0,99.81635,62882.85
Aurora,46,003,2011,0.0,36.25975,62882.85
Aurora,46,003,2012,0.0,74.15201,62882.85
Aurora,46,003,2013,0.0,22.63168,62882.85
Aurora,46,003,2014,0.0,249.62377999999998,62882.85
Aurora,46,003,2019,0.0,42.09422,62882.85
Corson,46,031,2010,0.0,42.30918,227163.4
Corson,46,031,2011,0.0,168.53401,227163.4
Corson,46,031,2012,0.0,275.39952,227163.4
Corson,46,031,2014,0.0,24.72506,227163.4
Corson,46,031,2019,0.0,1292.24835,227163.4
Codington,46,029,2010,3.50474,243.53683999999998,61424.3
Codington,46,029,2011,0.55115,26.52428,61424.3
Codington,46,029,2012,4.02529,238.82345,61424.3
Codington,46,029,2013,19.69183,171.94971,61424.3
Codington,46,029,2014,3.36108,322.94873,61424.3
Codington,46,029,2015,0.2214,0.0,61424.3
Codington,46,029,2016,0.21669,0.0,61424.3
Codington,46,029,2017,0.27086,20.19638,61424.3
Fall River,46,047,2010,10.735479999999999,777.62661,149463.65
Fall River,46,047,2011,10.84849,526.42319,149463.65
Fall River,46,047,2012,23.78757,695.47222,149463.65
Fall River,46,047,2013,153.79989,4081.88682,149463.65
Fall River,46,047,2014,0.96054,7.33589,149463.65
Fall River,46,047,2015,0.11301,0.0,149463.65
Fall River,46,047,2016,0.11301,0.0,149463.65
Fall River,46,047,2017,0.6215299999999999,0.0,149463.65
Fall River,46,047,2018,22.99653,2505.02013,149463.65
Fall River,46,047,2019,12.82608,1176.4296,149463.65
Fall River,46,047,2020,16.10322,2346.44776,149463.65
Edmunds,46,045,2010,9.04675,1064.68536,98473.32
Edmunds,46,045,2011,1.2459500000000001,90.09661,98473.32
Edmunds,46,045,2012,3.79205,533.0026700000001,98473.32
Edmunds,46,045,2013,46.0463,92.20065,98473.32
Edmunds,46,045,2014,0.21669,18.10926,98473.32
Edmunds,46,045,2018,0.32503,0.0,98473.32
Gregory,46,053,2010,3.9551799999999995,0.0,153988.15
Gregory,46,053,2011,6.21528,0.0,153988.15
Gregory,46,053,2012,86.22285,0.0,153988.15
Gregory,46,053,2013,33.16698,0.0,153988.15
Gregory,46,053,2014,64.01737,0.0,153988.15
Gregory,46,053,2015,109.78441,0.0,153988.15
Gregory,46,053,2016,39.551770000000005,0.0,153988.15
Gregory,46,053,2017,42.941919999999996,0.0,153988.15
Gregory,46,053,2018,50.17425,0.0,153988.15
Gregory,46,053,2019,36.105109999999996,0.0,153988.15
Gregory,46,053,2020,50.17425,0.0,153988.15
Hand,46,059,2010,0.0,605.22201,124630.86
Hand,46,059,2011,0.0,437.91208,124630.86
Hand,46,059,2012,0.0,222.30641,124630.86
Hand,46,059,2019,0.0,257.65131,124630.86
Brookings,46,011,2010,0.0,129.7669,68687.99
Brookings,46,011,2011,0.0,222.7557,68687.99
Brookings,46,011,2012,0.0,461.56948,68687.99
Brookings,46,011,2013,0.0,622.56984,68687.99
Brookings,46,011,2014,0.0,336.34615,68687.99
Brookings,46,011,2015,0.0,71.12009,68687.99
Brookings,46,011,2017,0.0,56.02368,68687.99
Haakon,46,055,2010,2.49079,289.04133,210275.83
Haakon,46,055,2011,7.47236,186.54706,210275.83
Haakon,46,055,2012,1.8265799999999999,113.23085,210275.83
Haakon,46,055,2013,18.54252,35.18284,210275.83
Haakon,46,055,2014,3.21035,81.74197,210275.83
Haakon,46,055,2018,0.44281,59.45479,210275.83
Haakon,46,055,2019,14.83402,1357.24773,210275.83
Bon Homme,46,009,2010,0.0,12061.58713,63996.95
Bon Homme,46,009,2011,0.0,5573.09245,63996.95
Bon Homme,46,009,2012,0.0,19097.69161,63996.95
Bon Homme,46,009,2013,0.0,9726.52449,63996.95
Bon Homme,46,009,2014,0.0,8870.49956,63996.95
Bon Homme,46,009,2015,0.0,3466.64749,63996.95
Bon Homme,46,009,2016,0.0,3857.39602,63996.95
Bon Homme,46,009,2017,0.0,3181.35587,63996.95
Bon Homme,46,009,2018,0.0,5550.07202,63996.95
Bon Homme,46,009,2019,0.0,2420.46328,63996.95
Bon Homme,46,009,2020,0.0,4939.4608,63996.95
Hamlin,46,057,2010,2.71219,272.06992,45979.56
Hamlin,46,057,2011,0.83026,69.98544,45979.56
Hamlin,46,057,2012,2.38009,293.40337,45979.56
Hamlin,46,057,2013,24.74182,225.73948,45979.56
Hamlin,46,057,2014,6.14394,290.55272,45979.56
Hamlin,46,057,2015,0.2214,29.97687,45979.56
Hamlin,46,057,2016,0.27675,52.35287,45979.56
Hamlin,46,057,2017,0.60886,80.05814,45979.56
Hanson,46,061,2010,0.0,285.28037,37429.56
Hanson,46,061,2011,0.0,18.33834,37429.56
Hanson,46,061,2012,0.0,179.68688,37429.56
Hanson,46,061,2013,0.0,420.94689999999997,37429.56
Hanson,46,061,2014,0.0,212.7101,37429.56
Hanson,46,061,2016,0.0,36.78301,37429.56
Hanson,46,061,2017,0.0,226.99213,37429.56
Davison,46,035,2010,0.0,183.48519,37589.91
Davison,46,035,2011,0.0,23.45477,37589.91
Davison,46,035,2012,0.0,197.23686,37589.91
Davison,46,035,2013,0.0,497.52535,37589.91
Davison,46,035,2014,0.0,307.73004999999995,37589.91
Davison,46,035,2015,0.0,17.59862,37589.91
Davison,46,035,2016,0.0,16.9739,37589.91
Davison,46,035,2017,0.0,163.67698,37589.91
Davison,46,035,2018,0.0,42.16714,37589.91
Davison,46,035,2020,0.0,17.5005,37589.91
Hutchinson,48,233,2010,1.5076399999999999,69.58345,76453.27
Hutchinson,48,233,2011,0.691,0.0,76453.27
Hutchinson,48,233,2012,2.13583,9.40554,76453.27
Hutchinson,48,233,2013,12.75218,925.4471599999999,76453.27
Hutchinson,48,233,2014,2.13583,145.49446,76453.27
Hutchinson,48,233,2016,1.19355,0.0,76453.27
Hutchinson,48,233,2017,0.06282,0.0,76453.27
Jerauld,46,073,2010,3.0443,0.0,45597.61
Jerauld,46,073,2011,0.66421,0.0,45597.61
Jerauld,46,073,2012,0.3321,0.0,45597.61
Jerauld,46,073,2013,3.54246,0.0,45597.61
Jerauld,46,073,2014,1.4944799999999998,0.0,45597.61
Jerauld,46,073,2015,0.2214,0.0,45597.61
Jerauld,46,073,2020,0.55351,0.0,45597.61
Minnehaha,46,099,2010,0.0,239.65312,69614.98
Minnehaha,46,099,2011,0.0,158.48835,69614.98
Minnehaha,46,099,2012,0.0,379.63589,69614.98
Minnehaha,46,099,2013,0.0,2090.27473,69614.98
Minnehaha,46,099,2014,0.0,866.28881,69614.98
Minnehaha,46,099,2015,0.0,171.0439,69614.98
Minnehaha,46,099,2016,0.0,626.09849,69614.98
Minnehaha,46,099,2017,0.0,1351.1050300000002,69614.98
Minnehaha,46,099,2019,0.0,275.36459,69614.98
Minnehaha,46,099,2020,0.0,1451.5937000000001,69614.98
Miner,46,097,2010,0.05535,0.0,48886.66
Miner,46,097,2011,0.05535,0.0,48886.66
Miner,46,097,2012,0.16605,2.91874,48886.66
Miner,46,097,2013,7.58307,5.03749,48886.66
Miner,46,097,2014,1.05166,41.3187,48886.66
Miner,46,097,2015,0.38746,0.0,48886.66
Miner,46,097,2016,0.05535,0.0,48886.66
Oglala Lakota,46,102,2010,3.9551800000000004,190.26613,192259.56
Oglala Lakota,46,102,2011,1.7515800000000001,80.67129,192259.56
Oglala Lakota,46,102,2012,1.24305,42.10813,192259.56
Oglala Lakota,46,102,2013,186.17583000000002,4787.91034,192259.56
Oglala Lakota,46,102,2014,47.292609999999996,8845.66892,192259.56
Oglala Lakota,46,102,2015,0.16951,0.0,192259.56
Oglala Lakota,46,102,2018,1.41256,75.38124,192259.56
Oglala Lakota,46,102,2019,0.33902,4.83169,192259.56
Oglala Lakota,46,102,2020,0.84754,0.0,192259.56
Spink,46,115,2010,16.18224,0.0,130537.52
Spink,46,115,2011,0.9833500000000001,0.0,130537.52
Spink,46,115,2012,4.96738,0.0,130537.52
Spink,46,115,2013,14.18258,0.0,130537.52
Spink,46,115,2014,2.35061,0.0,130537.52
Spink,46,115,2018,0.55351,0.0,130537.52
Sanborn,46,111,2010,1.99263,0.0,48953.42
Sanborn,46,111,2011,0.3321,0.0,48953.42
Sanborn,46,111,2012,1.32842,0.0,48953.42
Sanborn,46,111,2013,8.74543,0.0,48953.42
Sanborn,46,111,2014,1.49447,0.0,48953.42
Sanborn,46,111,2016,0.1107,0.0,48953.42
Sanborn,46,111,2020,4.64947,0.0,48953.42
Walworth,55,127,2010,0.0,1892.96626,49771.63
Walworth,55,127,2011,0.0,384.80381,49771.63
Walworth,55,127,2012,0.0,1910.7434899999998,49771.63
Walworth,55,127,2013,0.0,2246.92775,49771.63
Walworth,55,127,2014,0.0,1099.46277,49771.63
Walworth,55,127,2015,0.0,380.96353,49771.63
Walworth,55,127,2016,0.0,888.46103,49771.63
Walworth,55,127,2017,0.0,1949.77277,49771.63
Walworth,55,127,2018,0.0,4185.12988,49771.63
Walworth,55,127,2019,0.0,3538.26267,49771.63
Walworth,55,127,2020,0.0,2173.45597,49771.63
Bledsoe,47,007,2010,1347.01954,0.0,71826.6
Bledsoe,47,007,2011,1498.66367,0.0,71826.6
Bledsoe,47,007,2012,1330.87515,0.0,71826.6
Bledsoe,47,007,2013,887.37574,0.0,71826.6
Bledsoe,47,007,2014,901.38429,0.0,71826.6
Bledsoe,47,007,2015,1172.06969,0.0,71826.6
Bledsoe,47,007,2016,1660.2959600000002,0.0,71826.6
Bledsoe,47,007,2017,1727.63751,0.0,71826.6
Bledsoe,47,007,2018,1147.06789,0.0,71826.6
Bledsoe,47,007,2019,1142.98467,0.0,71826.6
Bledsoe,47,007,2020,984.61895,0.0,71826.6
Cannon,47,015,2010,112.13123,0.0,35376.03
Cannon,47,015,2011,96.04966,0.0,35376.03
Cannon,47,015,2012,115.90034,0.0,35376.03
Cannon,47,015,2013,60.49433,0.0,35376.03
Cannon,47,015,2014,55.3432,0.0,35376.03
Cannon,47,015,2015,90.83572,0.0,35376.03
Cannon,47,015,2016,118.72718,0.0,35376.03
Cannon,47,015,2017,143.03798,0.0,35376.03
Cannon,47,015,2018,127.20769,0.0,35376.03
Cannon,47,015,2019,124.8834,0.0,35376.03
Cannon,47,015,2020,170.55254,0.0,35376.03
Ziebach,46,137,2010,0.0,39.08829,239015.15
Ziebach,46,137,2011,0.0,85.38201000000001,239015.15
Ziebach,46,137,2012,0.0,117.58211,239015.15
Ziebach,46,137,2013,0.0,30.85926,239015.15
Ziebach,46,137,2014,0.0,43.57998,239015.15
Ziebach,46,137,2019,0.0,42.40181,239015.15
Giles,51,071,2010,121.82268,46006.98574,63062.32
Giles,51,071,2011,155.95776,59267.94636,63062.32
Giles,51,071,2012,214.33371,80063.54029,63062.32
Giles,51,071,2013,230.28815,81867.35703,63062.32
Giles,51,071,2014,286.49973,81337.24978,63062.32
Giles,51,071,2015,270.17425,102594.96724,63062.32
Giles,51,071,2016,308.01967,113182.46567,63062.32
Giles,51,071,2017,286.37605,104780.9231,63062.32
Giles,51,071,2018,373.87813,142231.07429,63062.32
Giles,51,071,2019,268.00989,102348.72079,63062.32
Giles,51,071,2020,420.25732,172295.36309,63062.32
Hardeman,48,197,2010,0.0,86.03069,91910.72
Hardeman,48,197,2011,0.0,42.22922,91910.72
Hardeman,48,197,2012,0.0,2054.81795,91910.72
Hardeman,48,197,2013,0.0,23.09882,91910.72
Hardeman,48,197,2014,0.0,116.43505,91910.72
Hamblen,47,063,2010,142.16116,51968.30352,33513.19
Hamblen,47,063,2011,59.13481,22064.51136,33513.19
Hamblen,47,063,2012,89.02041,28392.79294,33513.19
Hamblen,47,063,2013,80.07423,23155.72197,33513.19
Hamblen,47,063,2014,138.75379,31538.97174,33513.19
Hamblen,47,063,2015,141.47859,37554.57495,33513.19
Hamblen,47,063,2016,185.63392,50780.19444000001,33513.19
Hamblen,47,063,2017,199.78121,58073.24573,33513.19
Hamblen,47,063,2018,102.01333,30772.35601,33513.19
Hamblen,47,063,2019,118.10472,34821.84702,33513.19
Hamblen,47,063,2020,124.16614999999999,33948.701740000004,33513.19
Grainger,47,057,2010,265.49383,0.0,53238.96
Grainger,47,057,2011,120.20340999999999,0.0,53238.96
Grainger,47,057,2012,185.79115000000002,0.0,53238.96
Grainger,47,057,2013,87.68092,0.0,53238.96
Grainger,47,057,2014,166.93125,0.0,53238.96
Grainger,47,057,2015,240.31336000000002,0.0,53238.96
Grainger,47,057,2016,326.79749000000004,0.0,53238.96
Grainger,47,057,2017,417.35779,0.0,53238.96
Grainger,47,057,2018,304.47269,0.0,53238.96
Grainger,47,057,2019,249.22883000000002,0.0,53238.96
Grainger,47,057,2020,219.56182,0.0,53238.96
Cheatham,47,021,2010,217.22741,0.0,51668.66
Cheatham,47,021,2011,195.86422,0.0,51668.66
Cheatham,47,021,2012,131.05572,0.0,51668.66
Cheatham,47,021,2013,247.66787,0.0,51668.66
Cheatham,47,021,2014,284.80857,0.0,51668.66
Cheatham,47,021,2015,280.75926000000004,0.0,51668.66
Cheatham,47,021,2016,385.70171,0.0,51668.66
Cheatham,47,021,2017,296.73473,0.0,51668.66
Cheatham,47,021,2018,206.98700000000002,0.0,51668.66
Cheatham,47,021,2019,179.0692,0.0,51668.66
Cheatham,47,021,2020,333.81442000000004,0.0,51668.66
Dyer,47,045,2010,113.32478,0.0,63122.85
Dyer,47,045,2011,59.0495,0.0,63122.85
Dyer,47,045,2012,88.13452,0.0,63122.85
Dyer,47,045,2013,163.39121,0.0,63122.85
Dyer,47,045,2014,118.41309,0.0,63122.85
Dyer,47,045,2015,35.74379,0.0,63122.85
Dyer,47,045,2016,57.60467,0.0,63122.85
Dyer,47,045,2017,154.40815,0.0,63122.85
Dyer,47,045,2018,61.18533,0.0,63122.85
Dyer,47,045,2019,51.88817,0.0,63122.85
Dyer,47,045,2020,15.70465,0.0,63122.85
Loudon,47,105,2010,320.81466,0.0,43968.13
Loudon,47,105,2011,351.59578,0.0,43968.13
Loudon,47,105,2012,302.15753,0.0,43968.13
Loudon,47,105,2013,177.5254,0.0,43968.13
Loudon,47,105,2014,298.51405,0.0,43968.13
Loudon,47,105,2015,205.60532,0.0,43968.13
Loudon,47,105,2016,467.43331,0.0,43968.13
Loudon,47,105,2017,454.9324,0.0,43968.13
Loudon,47,105,2018,342.17299,0.0,43968.13
Loudon,47,105,2019,308.56503,0.0,43968.13
Loudon,47,105,2020,360.20193,0.0,43968.13
McNairy,47,109,2010,1476.38679,0.0,55006.29
McNairy,47,109,2011,988.0776199999999,0.0,55006.29
McNairy,47,109,2012,1194.0630499999997,0.0,55006.29
McNairy,47,109,2013,1302.7703999999999,0.0,55006.29
McNairy,47,109,2014,1210.67705,0.0,55006.29
McNairy,47,109,2015,1313.4635,0.0,55006.29
McNairy,47,109,2016,1898.2847,0.0,55006.29
McNairy,47,109,2017,2474.6885700000003,0.0,55006.29
McNairy,47,109,2018,1206.0591100000001,0.0,55006.29
McNairy,47,109,2019,1506.2565200000001,0.0,55006.29
McNairy,47,109,2020,1021.62196,0.0,55006.29
Maury,47,119,2010,393.24452,0.0,83694.61
Maury,47,119,2011,321.50567,0.0,83694.61
Maury,47,119,2012,348.07794,0.0,83694.61
Maury,47,119,2013,264.52918,0.0,83694.61
Maury,47,119,2014,198.56964,0.0,83694.61
Maury,47,119,2015,352.53806,0.0,83694.61
Maury,47,119,2016,444.75579,0.0,83694.61
Maury,47,119,2017,824.43149,0.0,83694.61
Maury,47,119,2018,268.86367,0.0,83694.61
Maury,47,119,2019,422.07827,0.0,83694.61
Maury,47,119,2020,273.07251,0.0,83694.61
McMinn,47,107,2010,0.0,416758.69814,61441.87
McMinn,47,107,2011,0.0,247397.24852,61441.87
McMinn,47,107,2012,0.0,230846.37575,61441.87
McMinn,47,107,2013,0.0,156076.61344,61441.87
McMinn,47,107,2014,0.0,162329.02232,61441.87
McMinn,47,107,2015,0.0,138553.46109,61441.87
McMinn,47,107,2016,0.0,276132.39863,61441.87
McMinn,47,107,2017,0.0,359811.78073,61441.87
McMinn,47,107,2018,0.0,182772.5941,61441.87
McMinn,47,107,2019,0.0,229759.20534,61441.87
McMinn,47,107,2020,0.0,232922.61405,61441.87
Rhea,47,143,2010,0.0,305887.838,59809.09
Rhea,47,143,2011,0.0,389980.37174,59809.09
Rhea,47,143,2012,0.0,315196.39624000003,59809.09
Rhea,47,143,2013,0.0,244671.68482999998,59809.09
Rhea,47,143,2014,0.0,168720.2571,59809.09
Rhea,47,143,2015,0.0,171363.89739,59809.09
Rhea,47,143,2016,0.0,344787.79613000003,59809.09
Rhea,47,143,2017,0.0,570681.32058,59809.09
Rhea,47,143,2018,0.0,393397.61065,59809.09
Rhea,47,143,2019,0.0,253029.49183,59809.09
Rhea,47,143,2020,0.0,233760.66035,59809.09
Roane,54,087,2010,97.51621,40962.54732,61783.63
Roane,54,087,2011,63.85005,28160.66993,61783.63
Roane,54,087,2012,118.07069,43930.220610000004,61783.63
Roane,54,087,2013,91.67232,22200.47787,61783.63
Roane,54,087,2014,113.73991000000001,29278.86729,61783.63
Roane,54,087,2015,117.79759,43907.38898,61783.63
Roane,54,087,2016,212.47570000000002,86444.84286,61783.63
Roane,54,087,2017,181.3009,75351.15486000001,61783.63
Roane,54,087,2018,166.71846,61133.406149999995,61783.63
Roane,54,087,2019,54.95163,23571.07716,61783.63
Roane,54,087,2020,56.35452,24118.465369999998,61783.63
Sequatchie,47,153,2010,724.48707,0.0,53157.28
Sequatchie,47,153,2011,971.05013,0.0,53157.28
Sequatchie,47,153,2012,978.08582,0.0,53157.28
Sequatchie,47,153,2013,725.80626,0.0,53157.28
Sequatchie,47,153,2014,901.19583,0.0,53157.28
Sequatchie,47,153,2015,1024.69723,0.0,53157.28
Sequatchie,47,153,2016,1362.66137,0.0,53157.28
Sequatchie,47,153,2017,1329.87005,0.0,53157.28
Sequatchie,47,153,2018,686.04208,0.0,53157.28
Sequatchie,47,153,2019,686.98436,0.0,53157.28
Sequatchie,47,153,2020,625.92467,0.0,53157.28
Trousdale,47,169,2010,21.27259,0.0,20067.78
Trousdale,47,169,2011,20.777880000000003,0.0,20067.78
Trousdale,47,169,2012,19.97397,0.0,20067.78
Trousdale,47,169,2013,24.11718,0.0,20067.78
Trousdale,47,169,2014,23.56063,0.0,20067.78
Trousdale,47,169,2015,40.38082,0.0,20067.78
Trousdale,47,169,2016,58.99433,0.0,20067.78
Trousdale,47,169,2017,86.32713,0.0,20067.78
Trousdale,47,169,2018,52.439409999999995,0.0,20067.78
Trousdale,47,169,2019,29.8682,0.0,20067.78
Trousdale,47,169,2020,33.14566,0.0,20067.78
Unicoi,47,171,2010,86.49338999999999,0.0,39585.44
Unicoi,47,171,2011,86.81446,0.0,39585.44
Unicoi,47,171,2012,171.28187,0.0,39585.44
Unicoi,47,171,2013,218.706,0.0,39585.44
Unicoi,47,171,2014,159.94709,0.0,39585.44
Unicoi,47,171,2015,118.9127,0.0,39585.44
Unicoi,47,171,2016,153.01928,0.0,39585.44
Unicoi,47,171,2017,218.04647,0.0,39585.44
Unicoi,47,171,2018,120.90831,0.0,39585.44
Unicoi,47,171,2019,123.85134,0.0,39585.44
Unicoi,47,171,2020,110.03823,0.0,39585.44
Andrews,48,003,2010,0.78691,0.0,128414.06
Andrews,48,003,2011,2.16398,0.0,128414.06
Andrews,48,003,2012,0.59018,0.0,128414.06
Angelina,48,005,2010,7292.87762,0.0,152447.14
Angelina,48,005,2011,10602.711889999999,0.0,152447.14
Angelina,48,005,2012,6149.33224,0.0,152447.14
Angelina,48,005,2013,7077.12043,0.0,152447.14
Angelina,48,005,2014,5307.06057,0.0,152447.14
Angelina,48,005,2015,4625.83767,0.0,152447.14
Angelina,48,005,2016,7914.80984,0.0,152447.14
Angelina,48,005,2017,7463.05452,0.0,152447.14
Angelina,48,005,2018,5585.9019,0.0,152447.14
Angelina,48,005,2019,2776.12474,0.0,152447.14
Angelina,48,005,2020,6098.93754,0.0,152447.14
Archer,48,009,2010,5.7492399999999995,0.0,79567.54
Archer,48,009,2011,4.88037,0.0,79567.54
Archer,48,009,2012,4.13446,0.0,79567.54
Archer,48,009,2013,2.6292,0.0,79567.54
Archer,48,009,2014,6.23513,0.0,79567.54
Archer,48,009,2015,3.8509,0.0,79567.54
Archer,48,009,2016,7.38296,0.0,79567.54
Archer,48,009,2017,16.94359,0.0,79567.54
Archer,48,009,2018,1.15794,0.0,79567.54
Archer,48,009,2019,0.97031,0.0,79567.54
Archer,48,009,2020,2.11354,0.0,79567.54
Bandera,48,019,2010,0.0,62793.95381,103635.8
Bandera,48,019,2011,0.0,16804.27411,103635.8
Bandera,48,019,2012,0.0,147520.07535,103635.8
Bandera,48,019,2013,0.0,9022.12905,103635.8
Bandera,48,019,2014,0.0,41691.51829,103635.8
Bandera,48,019,2015,0.0,38730.98359,103635.8
Bandera,48,019,2016,0.0,47991.32941,103635.8
Bandera,48,019,2017,0.0,54301.3964,103635.8
Bandera,48,019,2018,0.0,35147.36962,103635.8
Bandera,48,019,2019,0.0,35653.48603,103635.8
Bandera,48,019,2020,0.0,38917.149,103635.8
Bastrop,48,021,2010,604.12797,0.0,139164.42
Bastrop,48,021,2011,421.64123,0.0,139164.42
Bastrop,48,021,2012,8722.70406,0.0,139164.42
Bastrop,48,021,2013,383.19337999999993,0.0,139164.42
Bastrop,48,021,2014,477.84536,0.0,139164.42
Bastrop,48,021,2015,249.15248,0.0,139164.42
Bastrop,48,021,2016,768.75694,0.0,139164.42
Bastrop,48,021,2017,375.42145,0.0,139164.42
Bastrop,48,021,2018,208.51227,0.0,139164.42
Bastrop,48,021,2019,526.68112,0.0,139164.42
Bastrop,48,021,2020,489.61414,0.0,139164.42
Bee,48,025,2010,64.30719,0.0,150662.42
Bee,48,025,2011,75.60346999999999,0.0,150662.42
Bee,48,025,2012,401.90292,0.0,150662.42
Bee,48,025,2013,398.97677,0.0,150662.42
Bee,48,025,2014,389.17758,0.0,150662.42
Bee,48,025,2015,157.6717,0.0,150662.42
Bee,48,025,2016,191.35641999999999,0.0,150662.42
Bee,48,025,2017,182.37382000000002,0.0,150662.42
Bee,48,025,2018,70.70388,0.0,150662.42
Bee,48,025,2019,268.66114,0.0,150662.42
Bee,48,025,2020,192.64937,0.0,150662.42
Baylor,48,023,2010,6.078749999999999,0.0,77287.51
Baylor,48,023,2011,1.61442,0.0,77287.51
Baylor,48,023,2012,8.32442,0.0,77287.51
Baylor,48,023,2013,1.94061,0.0,77287.51
Baylor,48,023,2014,3.48576,0.0,77287.51
Baylor,48,023,2015,1.55249,0.0,77287.51
Baylor,48,023,2016,0.77073,0.0,77287.51
Baylor,48,023,2017,0.38812,0.0,77287.51
Baylor,48,023,2018,2.19936,0.0,77287.51
Baylor,48,023,2019,59.43455,0.0,77287.51
Baylor,48,023,2020,14.87803,0.0,77287.51
Blanco,48,031,2010,373.67415,0.0,92450.57
Blanco,48,031,2011,246.62514,0.0,92450.57
Blanco,48,031,2012,786.28688,0.0,92450.57
Blanco,48,031,2013,278.52571,0.0,92450.57
Blanco,48,031,2014,685.22095,0.0,92450.57
Blanco,48,031,2015,299.8527,0.0,92450.57
Blanco,48,031,2016,253.21848,0.0,92450.57
Blanco,48,031,2017,192.53700999999998,0.0,92450.57
Blanco,48,031,2018,172.52579,0.0,92450.57
Blanco,48,031,2019,181.33354,0.0,92450.57
Blanco,48,031,2020,312.12079,0.0,92450.57
Borden,48,033,2010,15.84833,0.0,77872.5
Borden,48,033,2011,5.43371,0.0,77872.5
Borden,48,033,2012,2.84623,0.0,77872.5
Borden,48,033,2013,4.78684,0.0,77872.5
Borden,48,033,2014,0.71155,0.0,77872.5
Bexar,48,029,2010,482.8369,0.0,157823.68
Bexar,48,029,2011,401.99417,0.0,157823.68
Bexar,48,029,2012,1104.15564,0.0,157823.68
Bexar,48,029,2013,664.49764,0.0,157823.68
Bexar,48,029,2014,1166.30097,0.0,157823.68
Bexar,48,029,2015,989.81901,0.0,157823.68
Bexar,48,029,2016,987.86855,0.0,157823.68
Bexar,48,029,2017,1042.48111,0.0,157823.68
Bexar,48,029,2018,825.0397300000001,0.0,157823.68
Bexar,48,029,2019,899.08952,0.0,157823.68
Bexar,48,029,2020,672.50121,0.0,157823.68
Brazoria,48,039,2010,0.0,91432.39665,242117.5
Brazoria,48,039,2011,0.0,93764.65342,242117.5
Brazoria,48,039,2012,0.0,158145.87339,242117.5
Brazoria,48,039,2013,0.0,65595.04074,242117.5
Brazoria,48,039,2014,0.0,228465.15062,242117.5
Brazoria,48,039,2015,0.0,111347.54512,242117.5
Brazoria,48,039,2016,0.0,135580.94742,242117.5
Brazoria,48,039,2017,0.0,81536.08924,242117.5
Brazoria,48,039,2018,0.0,86189.01786,242117.5
Brazoria,48,039,2019,0.0,123724.55223,242117.5
Brazoria,48,039,2020,0.0,153957.20996,242117.5
Bowie,48,037,2010,0.0,840235.9516,114392.48
Bowie,48,037,2011,0.0,1018858.42176,114392.48
Bowie,48,037,2012,0.0,1387823.829,114392.48
Bowie,48,037,2013,0.0,1199983.46172,114392.48
Bowie,48,037,2014,0.0,1093368.86961,114392.48
Bowie,48,037,2015,0.0,980730.05656,114392.48
Bowie,48,037,2016,0.0,1147901.42855,114392.48
Bowie,48,037,2017,0.0,1119536.47924,114392.48
Bowie,48,037,2018,0.0,972932.35831,114392.48
Bowie,48,037,2019,0.0,565180.79296,114392.48
Bowie,48,037,2020,0.0,864737.69846,114392.48
Brazos,48,041,2010,270.2445,0.0,117459.58
Brazos,48,041,2011,302.39748,0.0,117459.58
Brazos,48,041,2012,530.5906600000001,0.0,117459.58
Brazos,48,041,2013,181.75736,0.0,117459.58
Brazos,48,041,2014,474.58867,0.0,117459.58
Brazos,48,041,2015,313.89018,0.0,117459.58
Brazos,48,041,2016,321.39697,0.0,117459.58
Brazos,48,041,2017,238.29081000000002,0.0,117459.58
Brazos,48,041,2018,205.93853000000001,0.0,117459.58
Brazos,48,041,2019,247.2591,0.0,117459.58
Brazos,48,041,2020,336.54341999999997,0.0,117459.58
Brewster,48,043,2010,70.35497,0.0,884536.33
Brewster,48,043,2011,38.260979999999996,0.0,884536.33
Brewster,48,043,2012,6.23673,0.0,884536.33
Brewster,48,043,2013,4.69642,0.0,884536.33
Brewster,48,043,2014,0.33628,0.0,884536.33
Brewster,48,043,2018,2.82479,0.0,884536.33
Brewster,48,043,2019,18.36112,0.0,884536.33
Brewster,48,043,2020,0.33546,0.0,884536.33
Briscoe,48,045,2010,27.8029,0.0,77018.0
Briscoe,48,045,2011,2.04058,0.0,77018.0
Briscoe,48,045,2012,20.5971,0.0,77018.0
Briscoe,48,045,2013,19.89565,0.0,77018.0
Briscoe,48,045,2014,5.61159,0.0,77018.0
Briscoe,48,045,2015,2.23188,0.0,77018.0
Briscoe,48,045,2016,32.96812,0.0,77018.0
Briscoe,48,045,2017,22.76523,0.0,77018.0
Briscoe,48,045,2018,16.32464,0.0,77018.0
Briscoe,48,045,2019,15.36812,0.0,77018.0
Briscoe,48,045,2020,15.11305,0.0,77018.0
Burnet,48,053,2010,0.0,86398.87771,134329.05
Burnet,48,053,2011,0.0,28582.63283,134329.05
Burnet,48,053,2012,0.0,142672.45791,134329.05
Burnet,48,053,2013,0.0,20759.97589,134329.05
Burnet,48,053,2014,0.0,74838.29217,134329.05
Burnet,48,053,2015,0.0,39760.56125,134329.05
Burnet,48,053,2016,0.0,63768.09494,134329.05
Burnet,48,053,2017,0.0,51668.22137,134329.05
Burnet,48,053,2018,0.0,56977.48158,134329.05
Burnet,48,053,2019,0.0,55374.01939,134329.05
Burnet,48,053,2020,0.0,67964.74917,134329.05
Camp,48,063,2010,405.65264,0.0,25820.03
Camp,48,063,2011,502.16575,0.0,25820.03
Camp,48,063,2012,478.74903000000006,0.0,25820.03
Camp,48,063,2013,802.8312699999999,0.0,25820.03
Camp,48,063,2014,1028.9126,0.0,25820.03
Camp,48,063,2015,745.90665,0.0,25820.03
Camp,48,063,2016,497.83172,0.0,25820.03
Camp,48,063,2017,742.1548,0.0,25820.03
Camp,48,063,2018,412.25072,0.0,25820.03
Camp,48,063,2019,370.01006,0.0,25820.03
Camp,48,063,2020,518.59627,0.0,25820.03
Callahan,48,059,2010,27.73293,0.0,77574.31
Callahan,48,059,2011,18.09872,0.0,77574.31
Callahan,48,059,2012,162.75113,0.0,77574.31
Callahan,48,059,2013,47.14848,0.0,77574.31
Callahan,48,059,2014,59.14872,0.0,77574.31
Callahan,48,059,2015,215.86783,0.0,77574.31
Callahan,48,059,2016,296.26821,0.0,77574.31
Callahan,48,059,2017,71.87029,0.0,77574.31
Callahan,48,059,2018,24.06605,0.0,77574.31
Callahan,48,059,2019,72.33526,0.0,77574.31
Callahan,48,059,2020,62.82093,0.0,77574.31
Coke,48,081,2010,0.0,11484.08584,80325.05
Coke,48,081,2011,0.0,91750.61922,80325.05
Coke,48,081,2012,0.0,12320.37312,80325.05
Coke,48,081,2013,0.0,117.47559,80325.05
Coke,48,081,2014,0.0,108.25701,80325.05
Coke,48,081,2015,0.0,32.06296,80325.05
Coke,48,081,2016,0.0,108.13449,80325.05
Coke,48,081,2017,0.0,6.79951,80325.05
Coke,48,081,2019,0.0,8.53504,80325.05
Coke,48,081,2020,0.0,68.23059,80325.05
Collin,48,085,2010,27.10388,0.0,79213.51
Collin,48,085,2011,46.25126,0.0,79213.51
Collin,48,085,2012,46.25126,0.0,79213.51
Collin,48,085,2013,102.72307,0.0,79213.51
Collin,48,085,2014,121.93513,0.0,79213.51
Collin,48,085,2015,132.47913,0.0,79213.51
Collin,48,085,2016,239.85967,0.0,79213.51
Collin,48,085,2017,152.66149,0.0,79213.51
Collin,48,085,2018,104.46962,0.0,79213.51
Collin,48,085,2019,165.98703,0.0,79213.51
Collin,48,085,2020,133.77287,0.0,79213.51
Colorado,48,089,2010,0.0,258828.45558,176312.37
Colorado,48,089,2011,0.0,122789.70829,176312.37
Colorado,48,089,2012,0.0,217425.36327,176312.37
Colorado,48,089,2013,0.0,49641.54115,176312.37
Colorado,48,089,2014,0.0,52466.648069999996,176312.37
Colorado,48,089,2015,0.0,16504.220009999997,176312.37
Colorado,48,089,2016,0.0,52021.54504,176312.37
Colorado,48,089,2017,0.0,31286.70427,176312.37
Colorado,48,089,2018,0.0,23318.872600000002,176312.37
Colorado,48,089,2019,0.0,45112.42017,176312.37
Colorado,48,089,2020,0.0,45129.89177,176312.37
Collingsworth,48,087,2010,1.59231,0.0,78680.98
Collingsworth,48,087,2011,0.12754,0.0,78680.98
Collingsworth,48,087,2012,1.0193400000000001,0.0,78680.98
Collingsworth,48,087,2013,0.95463,0.0,78680.98
Collingsworth,48,087,2014,7.01069,0.0,78680.98
Collingsworth,48,087,2015,0.25507,0.0,78680.98
Collingsworth,48,087,2016,0.1913,0.0,78680.98
Concho,48,095,2010,14.424339999999999,507.80096,88006.25
Concho,48,095,2011,4.47452,65.53134,88006.25
Concho,48,095,2012,8.07173,536.23354,88006.25
Concho,48,095,2013,0.26231,0.0,88006.25
Concho,48,095,2014,2.42628,0.0,88006.25
Concho,48,095,2015,2.3667,0.0,88006.25
Concho,48,095,2016,4.338229999999999,0.0,88006.25
Concho,48,095,2017,11.60679,0.0,88006.25
Concho,48,095,2018,0.66004,0.0,88006.25
Concho,48,095,2019,8.26246,0.0,88006.25
Concho,48,095,2020,13.0623,0.0,88006.25
Cooke,48,097,2010,63.86945,11248.24004,99332.14
Cooke,48,097,2011,87.8266,17417.2387,99332.14
Cooke,48,097,2012,42.601020000000005,7836.009900000001,99332.14
Cooke,48,097,2013,96.77143000000001,11051.28232,99332.14
Cooke,48,097,2014,79.52607,9455.924289999999,99332.14
Cooke,48,097,2015,142.82062,15171.794679999999,99332.14
Cooke,48,097,2016,138.25931,18668.915419999998,99332.14
Cooke,48,097,2017,153.9557,13627.81669,99332.14
Cooke,48,097,2018,66.8162,8632.49003,99332.14
Cooke,48,097,2019,69.97758999999999,9249.42022,99332.14
Cooke,48,097,2020,112.89778,13836.50923,99332.14
Coryell,48,099,2010,422.32717,0.0,169567.38
Coryell,48,099,2011,364.65756,0.0,169567.38
Coryell,48,099,2012,616.9337700000001,0.0,169567.38
Coryell,48,099,2013,458.03761,0.0,169567.38
Coryell,48,099,2014,1313.77389,0.0,169567.38
Coryell,48,099,2015,369.83935,0.0,169567.38
Coryell,48,099,2016,527.70974,0.0,169567.38
Coryell,48,099,2017,384.93765,0.0,169567.38
Coryell,48,099,2018,341.03273,0.0,169567.38
Coryell,48,099,2019,715.27451,0.0,169567.38
Coryell,48,099,2020,516.4200099999999,0.0,169567.38
Crosby,48,107,2010,4.46157,0.0,77987.27
Crosby,48,107,2011,41.07445,170.90726,77987.27
Crosby,48,107,2012,1.8094099999999997,25.21069,77987.27
Crosby,48,107,2013,12.80804,20.37393,77987.27
Crosby,48,107,2014,0.12937,0.0,77987.27
Crosby,48,107,2015,1.22905,0.0,77987.27
Crosby,48,107,2016,0.32344,0.0,77987.27
Crosby,48,107,2017,2.32873,0.0,77987.27
Crosby,48,107,2018,1.03499,34.53171,77987.27
Crosby,48,107,2019,4.722160000000001,0.0,77987.27
Dallam,48,111,2010,2.05929,0.0,128466.55
Dallam,48,111,2011,0.87946,104.6845,128466.55
Dallam,48,111,2012,0.25127,0.0,128466.55
Dallam,48,111,2013,2.3871100000000003,0.0,128466.55
Dallam,48,111,2014,0.56536,0.0,128466.55
Dallam,48,111,2016,0.18846,0.0,128466.55
Denton,48,121,2010,0.0,3775.66968,85052.07
Denton,48,121,2011,0.0,8820.79688,85052.07
Denton,48,121,2012,0.0,7705.02008,85052.07
Denton,48,121,2013,0.0,9501.40693,85052.07
Denton,48,121,2014,0.0,12089.3572,85052.07
Denton,48,121,2015,0.0,12399.1025,85052.07
Denton,48,121,2016,0.0,11902.7209,85052.07
Denton,48,121,2017,0.0,17058.58774,85052.07
Denton,48,121,2018,0.0,10365.75873,85052.07
Denton,48,121,2019,0.0,11161.5761,85052.07
Denton,48,121,2020,0.0,6779.72128,85052.07
DeWitt,48,123,2010,643.64801,0.0,158026.49
DeWitt,48,123,2011,277.63626,0.0,158026.49
DeWitt,48,123,2012,932.1798900000001,0.0,158026.49
DeWitt,48,123,2013,1190.8497200000002,0.0,158026.49
DeWitt,48,123,2014,994.72875,0.0,158026.49
DeWitt,48,123,2015,413.76411,0.0,158026.49
DeWitt,48,123,2016,272.18846,0.0,158026.49
DeWitt,48,123,2017,323.90897,0.0,158026.49
DeWitt,48,123,2018,335.74618,0.0,158026.49
DeWitt,48,123,2019,352.02233,0.0,158026.49
DeWitt,48,123,2020,402.12868,0.0,158026.49
Dimmit,48,127,2010,0.0,2558.01786,115961.43
Dimmit,48,127,2011,0.0,1646.08011,115961.43
Dimmit,48,127,2012,0.0,970.62046,115961.43
Dimmit,48,127,2013,0.0,21.55226,115961.43
Dimmit,48,127,2014,0.0,439.2286,115961.43
Dimmit,48,127,2015,0.0,1102.43997,115961.43
Dimmit,48,127,2016,0.0,123.25374,115961.43
Dimmit,48,127,2017,0.0,374.40893,115961.43
Dimmit,48,127,2018,0.0,227.7349,115961.43
Dimmit,48,127,2019,0.0,9.69145,115961.43
Falls,48,145,2010,117.80962000000001,0.0,126977.54
Falls,48,145,2011,79.22336,0.0,126977.54
Falls,48,145,2012,138.57754,0.0,126977.54
Falls,48,145,2013,162.17764,0.0,126977.54
Falls,48,145,2014,150.10318999999998,0.0,126977.54
Falls,48,145,2015,85.27722,0.0,126977.54
Falls,48,145,2016,116.71502000000001,0.0,126977.54
Falls,48,145,2017,109.15808000000001,0.0,126977.54
Falls,48,145,2018,88.5101,0.0,126977.54
Falls,48,145,2019,148.80686,0.0,126977.54
Falls,48,145,2020,131.44479,0.0,126977.54
Fort Bend,48,157,2010,139.82698,0.0,123689.08
Fort Bend,48,157,2011,286.71593,0.0,123689.08
Fort Bend,48,157,2012,263.91586,0.0,123689.08
Fort Bend,48,157,2013,283.35309,0.0,123689.08
Fort Bend,48,157,2014,484.31655,0.0,123689.08
Fort Bend,48,157,2015,460.10408,0.0,123689.08
Fort Bend,48,157,2016,503.82103,0.0,123689.08
Fort Bend,48,157,2017,386.72686,0.0,123689.08
Fort Bend,48,157,2018,430.10753,0.0,123689.08
Fort Bend,48,157,2019,630.2639,0.0,123689.08
Fort Bend,48,157,2020,415.31102,0.0,123689.08
Galveston,48,167,2010,0.0,20473.117909999997,163958.44
Galveston,48,167,2011,0.0,24088.94396,163958.44
Galveston,48,167,2012,0.0,30171.861670000002,163958.44
Galveston,48,167,2013,0.0,28871.457130000003,163958.44
Galveston,48,167,2014,0.0,52130.070949999994,163958.44
Galveston,48,167,2015,0.0,33548.96385,163958.44
Galveston,48,167,2016,0.0,34844.79716,163958.44
Galveston,48,167,2017,0.0,24736.71417,163958.44
Galveston,48,167,2018,0.0,25210.83843,163958.44
Galveston,48,167,2019,0.0,36195.72168,163958.44
Galveston,48,167,2020,0.0,78585.32319,163958.44
Gonzales,48,177,2010,0.0,73312.0084,174023.21
Gonzales,48,177,2011,0.0,44318.85773,174023.21
Gonzales,48,177,2012,0.0,112726.66315,174023.21
Gonzales,48,177,2013,0.0,53144.63155,174023.21
Gonzales,48,177,2014,0.0,159187.71003,174023.21
Gonzales,48,177,2015,0.0,48522.98207,174023.21
Gonzales,48,177,2016,0.0,25713.229910000002,174023.21
Gonzales,48,177,2017,0.0,28464.977590000002,174023.21
Gonzales,48,177,2018,0.0,16895.74753,174023.21
Gonzales,48,177,2019,0.0,31417.21197,174023.21
Gonzales,48,177,2020,0.0,56887.574380000005,174023.21
Grimes,48,185,2010,1120.77063,0.0,85941.51
Grimes,48,185,2011,1248.05393,0.0,85941.51
Grimes,48,185,2012,2650.96035,0.0,85941.51
Grimes,48,185,2013,498.30481,0.0,85941.51
Grimes,48,185,2014,709.95648,0.0,85941.51
Grimes,48,185,2015,411.5449,0.0,85941.51
Grimes,48,185,2016,570.51616,0.0,85941.51
Grimes,48,185,2017,337.40703,0.0,85941.51
Grimes,48,185,2018,246.59478,0.0,85941.51
Grimes,48,185,2019,552.11456,0.0,85941.51
Grimes,48,185,2020,513.51769,0.0,85941.51
Hays,48,209,2010,556.55422,0.0,125132.32
Hays,48,209,2011,234.95747,0.0,125132.32
Hays,48,209,2012,1096.08725,0.0,125132.32
Hays,48,209,2013,386.6055,0.0,125132.32
Hays,48,209,2014,1465.22094,0.0,125132.32
Hays,48,209,2015,722.3316,0.0,125132.32
Hays,48,209,2016,889.11289,0.0,125132.32
Hays,48,209,2017,712.82334,0.0,125132.32
Hays,48,209,2018,451.15233,0.0,125132.32
Hays,48,209,2019,604.47813,0.0,125132.32
Hays,48,209,2020,565.8601,0.0,125132.32
Hunt,48,231,2010,41.01161,0.0,85495.42
Hunt,48,231,2011,74.19608000000001,0.0,85495.42
Hunt,48,231,2012,78.40074,0.0,85495.42
Hunt,48,231,2013,46.44532,0.0,85495.42
Hunt,48,231,2014,105.37523999999999,0.0,85495.42
Hunt,48,231,2015,34.86633,0.0,85495.42
Hunt,48,231,2016,124.91074,0.0,85495.42
Hunt,48,231,2017,97.41873,0.0,85495.42
Hunt,48,231,2018,62.42303,0.0,85495.42
Hunt,48,231,2019,108.41554,0.0,85495.42
Hunt,48,231,2020,72.64359,0.0,85495.42
Hood,48,221,2010,128.50796,0.0,50629.5
Hood,48,221,2011,123.4317,0.0,50629.5
Hood,48,221,2012,204.52765,0.0,50629.5
Hood,48,221,2013,110.98903,0.0,50629.5
Hood,48,221,2014,182.14646,0.0,50629.5
Hood,48,221,2015,203.10432,0.0,50629.5
Hood,48,221,2016,289.69184,0.0,50629.5
Hood,48,221,2017,288.62796,0.0,50629.5
Hood,48,221,2018,111.97116,0.0,50629.5
Hood,48,221,2019,263.31461,0.0,50629.5
Hood,48,221,2020,166.6066,0.0,50629.5
Glasscock,48,173,2010,10.29529,57.17048,77182.62
Glasscock,48,173,2011,1.77053,0.0,77182.62
Glasscock,48,173,2012,6.09848,8.74517,77182.62
Glasscock,48,173,2013,0.39345,0.0,77182.62
Glasscock,48,173,2014,0.06558,0.0,77182.62
Hockley,48,219,2010,3.2871,0.0,79801.78
Hockley,48,219,2011,1.15426,0.0,79801.78
Hockley,48,219,2012,0.51658,0.0,79801.78
Jack,48,237,2010,57.5715,0.0,80549.27
Jack,48,237,2011,362.3123,0.0,80549.27
Jack,48,237,2012,145.54592,0.0,80549.27
Jack,48,237,2013,37.45382,0.0,80549.27
Jack,48,237,2014,81.31165,0.0,80549.27
Jack,48,237,2015,50.58529,0.0,80549.27
Jack,48,237,2016,46.18657,0.0,80549.27
Jack,48,237,2017,39.65318,0.0,80549.27
Jack,48,237,2018,42.17597,0.0,80549.27
Jack,48,237,2019,63.26396,0.0,80549.27
Jack,48,237,2020,53.69027,0.0,80549.27
Hartley,48,205,2010,0.18846,0.0,125503.06
Hartley,48,205,2012,0.25127,0.0,125503.06
Hartley,48,205,2014,0.37691,0.0,125503.06
Hansford,48,195,2010,0.80391,0.0,78553.19
Hansford,48,195,2011,0.49863,0.0,78553.19
Hansford,48,195,2012,0.6223099999999999,0.0,78553.19
Hansford,48,195,2013,0.24931999999999999,0.0,78553.19
Kenedy,48,261,2010,26.629759999999997,0.0,189136.9
Kenedy,48,261,2011,17.890790000000003,0.0,189136.9
Kenedy,48,261,2012,109.40908,0.0,189136.9
Kenedy,48,261,2013,531.90702,0.0,189136.9
Kenedy,48,261,2014,136.10765,0.0,189136.9
Kenedy,48,261,2015,17.9596,0.0,189136.9
Kenedy,48,261,2016,11.90426,0.0,189136.9
Kenedy,48,261,2017,89.66038999999999,0.0,189136.9
Kenedy,48,261,2018,48.580380000000005,0.0,189136.9
Kenedy,48,261,2019,18.92295,0.0,189136.9
Kenedy,48,261,2020,7.29394,0.0,189136.9
Jim Wells,48,249,2010,0.0,3671.0903999999996,128155.66
Jim Wells,48,249,2011,0.0,3267.6267,128155.66
Jim Wells,48,249,2012,0.0,4441.13313,128155.66
Jim Wells,48,249,2013,0.0,4236.47818,128155.66
Jim Wells,48,249,2014,0.0,8755.45675,128155.66
Jim Wells,48,249,2015,0.0,3352.6810299999997,128155.66
Jim Wells,48,249,2016,0.0,5268.34696,128155.66
Jim Wells,48,249,2017,0.0,3653.1427,128155.66
Jim Wells,48,249,2018,0.0,630.69358,128155.66
Jim Wells,48,249,2019,0.0,1965.80554,128155.66
Jim Wells,48,249,2020,0.0,672.5337800000001,128155.66
Karnes,48,255,2010,0.0,11141.02735,121431.19
Karnes,48,255,2011,0.0,10816.01527,121431.19
Karnes,48,255,2012,0.0,37757.00905,121431.19
Karnes,48,255,2013,0.0,17248.824699999997,121431.19
Karnes,48,255,2014,0.0,30644.04723,121431.19
Karnes,48,255,2015,0.0,12191.615459999999,121431.19
Karnes,48,255,2016,0.0,9386.42044,121431.19
Karnes,48,255,2017,0.0,11052.567930000001,121431.19
Karnes,48,255,2018,0.0,15672.857250000001,121431.19
Karnes,48,255,2019,0.0,8325.81405,121431.19
Karnes,48,255,2020,0.0,7525.37173,121431.19
Kerr,48,265,2010,674.06303,83690.09379000001,150567.71
Kerr,48,265,2011,300.85811,38583.358049999995,150567.71
Kerr,48,265,2012,1326.49262,172057.30019,150567.71
Kerr,48,265,2013,129.09414,6100.82485,150567.71
Kerr,48,265,2014,375.55125,45510.90478,150567.71
Kerr,48,265,2015,337.67023,38047.32261,150567.71
Kerr,48,265,2016,542.24973,69689.03787,150567.71
Kerr,48,265,2017,503.78502000000003,52048.418990000006,150567.71
Kerr,48,265,2018,348.40907,45392.12615,150567.71
Kerr,48,265,2019,375.84986,34016.91694,150567.71
Kerr,48,265,2020,511.64077999999995,55139.65693,150567.71
Irion,48,235,2010,500.94265,1655.8215999999998,91486.51
Irion,48,235,2011,33.47671,65.90311,91486.51
Irion,48,235,2012,53.334270000000004,3818.26401,91486.51
Irion,48,235,2013,26.842869999999998,7.34398,91486.51
Irion,48,235,2014,18.04553,56.450160000000004,91486.51
Irion,48,235,2015,1.32864,0.0,91486.51
Irion,48,235,2016,6.50136,12.01016,91486.51
Irion,48,235,2017,2.0345400000000002,0.0,91486.51
Irion,48,235,2019,1.0526300000000002,0.0,91486.51
Irion,48,235,2020,6.75423,0.0,91486.51
King,53,033,2010,0.0,2608245.16391,282588.36
King,53,033,2011,0.0,2610445.14737,282588.36
King,53,033,2012,0.0,2952350.34941,282588.36
King,53,033,2013,0.0,1997122.14724,282588.36
King,53,033,2014,0.0,2171333.66165,282588.36
King,53,033,2015,0.0,1871725.39268,282588.36
King,53,033,2016,0.0,2248476.18512,282588.36
King,53,033,2017,0.0,2154034.91583,282588.36
King,53,033,2018,0.0,2268635.7251,282588.36
King,53,033,2019,0.0,1944149.56911,282588.36
King,53,033,2020,0.0,2081815.32139,282588.36
Kleberg,48,273,2010,77.53965,0.0,137786.4
Kleberg,48,273,2011,64.11386,0.0,137786.4
Kleberg,48,273,2012,396.16262,0.0,137786.4
Kleberg,48,273,2013,475.78341,0.0,137786.4
Kleberg,48,273,2014,309.2899,0.0,137786.4
Kleberg,48,273,2015,108.9318,0.0,137786.4
Kleberg,48,273,2016,318.97727,0.0,137786.4
Kleberg,48,273,2017,492.80266,0.0,137786.4
Kleberg,48,273,2018,234.50278,0.0,137786.4
Kleberg,48,273,2019,160.58033999999998,0.0,137786.4
Kleberg,48,273,2020,717.67116,0.0,137786.4
Kimble,48,267,2010,411.27917,15949.948629999999,121189.85
Kimble,48,267,2011,676.74059,9401.93908,121189.85
Kimble,48,267,2012,449.14529,15367.00189,121189.85
Kimble,48,267,2013,208.72867000000002,1803.66291,121189.85
Kimble,48,267,2014,299.54091000000005,6313.18328,121189.85
Kimble,48,267,2015,163.95364999999998,2192.54958,121189.85
Kimble,48,267,2016,337.40703,5661.50227,121189.85
Kimble,48,267,2017,104.89579,2828.1447799999996,121189.85
Kimble,48,267,2018,184.41463,5897.86417,121189.85
Kimble,48,267,2019,209.85801,6793.82754,121189.85
Kimble,48,267,2020,173.0548,2393.60488,121189.85
Kinney,48,271,2010,150.18454,0.0,131161.26
Kinney,48,271,2011,91.26754,0.0,131161.26
Kinney,48,271,2012,55.4869,0.0,131161.26
Kinney,48,271,2013,55.15061,0.0,131161.26
Kinney,48,271,2014,77.21086,0.0,131161.26
Kinney,48,271,2015,48.1559,0.0,131161.26
Kinney,48,271,2016,14.25845,0.0,131161.26
Kinney,48,271,2017,129.53669,0.0,131161.26
Kinney,48,271,2018,40.89216,0.0,131161.26
Kinney,48,271,2019,112.78973,0.0,131161.26
Kinney,48,271,2020,28.58416,0.0,131161.26
La Salle,48,283,2010,168.96799,0.0,131749.09
La Salle,48,283,2011,116.97784,0.0,131749.09
La Salle,48,283,2012,365.7684,0.0,131749.09
La Salle,48,283,2013,391.15103,0.0,131749.09
La Salle,48,283,2014,624.42621,0.0,131749.09
La Salle,48,283,2015,263.8296,0.0,131749.09
La Salle,48,283,2016,213.8129,0.0,131749.09
La Salle,48,283,2017,291.73007,0.0,131749.09
La Salle,48,283,2018,137.12062,0.0,131749.09
La Salle,48,283,2019,119.01934,0.0,131749.09
La Salle,48,283,2020,27.28802,0.0,131749.09
Loving,48,301,2010,0.0,30.908,79464.37
Loving,48,301,2012,0.0,21.64386,79464.37
Maverick,48,323,2010,201.33186,0.0,176521.0
Maverick,48,323,2011,100.54576999999999,0.0,176521.0
Maverick,48,323,2012,86.46308,0.0,176521.0
Maverick,48,323,2013,53.803549999999994,0.0,176521.0
Maverick,48,323,2014,84.27296,0.0,176521.0
Maverick,48,323,2015,70.67931,0.0,176521.0
Maverick,48,323,2016,137.77895,0.0,176521.0
Maverick,48,323,2017,36.36961,0.0,176521.0
Maverick,48,323,2018,82.50336,0.0,176521.0
Maverick,48,323,2019,25.31078,0.0,176521.0
Maverick,48,323,2020,22.68887,0.0,176521.0
Lynn,48,305,2010,0.0,116.1442,76923.9
Lynn,48,305,2011,0.0,100.97947,76923.9
Lynn,48,305,2012,0.0,5.2471,76923.9
Lampasas,48,281,2010,122.51678000000001,0.0,99970.45
Lampasas,48,281,2011,101.24701,0.0,99970.45
Lampasas,48,281,2012,312.71033,0.0,99970.45
Lampasas,48,281,2013,348.41621,0.0,99970.45
Lampasas,48,281,2014,275.28214,0.0,99970.45
Lampasas,48,281,2015,267.00061,0.0,99970.45
Lampasas,48,281,2016,254.03737999999998,0.0,99970.45
Lampasas,48,281,2017,212.17796,0.0,99970.45
Lampasas,48,281,2018,125.53533999999999,0.0,99970.45
Lampasas,48,281,2019,381.65204,0.0,99970.45
Lampasas,48,281,2020,371.60991,0.0,99970.45
McCulloch,48,307,2010,16.25226,0.0,98695.31
McCulloch,48,307,2011,21.773880000000002,0.0,98695.31
McCulloch,48,307,2012,22.48314,0.0,98695.31
McCulloch,48,307,2013,33.05312,0.0,98695.31
McCulloch,48,307,2014,9.920209999999999,0.0,98695.31
McCulloch,48,307,2015,30.42108,0.0,98695.31
McCulloch,48,307,2016,49.991510000000005,0.0,98695.31
McCulloch,48,307,2017,60.908590000000004,0.0,98695.31
McCulloch,48,307,2018,6.42075,0.0,98695.31
McCulloch,48,307,2019,39.96881,0.0,98695.31
McCulloch,48,307,2020,102.52011,0.0,98695.31
Milam,48,331,2010,432.73664,0.0,160449.34
Milam,48,331,2011,243.93751,0.0,160449.34
Milam,48,331,2012,721.44918,0.0,160449.34
Milam,48,331,2013,229.12322,0.0,160449.34
Milam,48,331,2014,652.09439,0.0,160449.34
Milam,48,331,2015,160.23346,0.0,160449.34
Milam,48,331,2016,272.56961,0.0,160449.34
Milam,48,331,2017,132.53141,0.0,160449.34
Milam,48,331,2018,199.82681,0.0,160449.34
Milam,48,331,2019,360.06027,0.0,160449.34
Milam,48,331,2020,261.27621,0.0,160449.34
Montague,48,337,2010,0.0,12438.58345,93380.52
Montague,48,337,2011,0.0,10883.06237,93380.52
Montague,48,337,2012,0.0,17134.4125,93380.52
Montague,48,337,2013,0.0,2675.91995,93380.52
Montague,48,337,2014,0.0,5928.23758,93380.52
Montague,48,337,2015,0.0,3419.22626,93380.52
Montague,48,337,2016,0.0,7815.35777,93380.52
Montague,48,337,2017,0.0,7442.35712,93380.52
Montague,48,337,2018,0.0,8206.2385,93380.52
Montague,48,337,2019,0.0,5839.72959,93380.52
Montague,48,337,2020,0.0,5293.8762799999995,93380.52
Nacogdoches,48,347,2010,0.0,3387984.67846,146355.37
Nacogdoches,48,347,2011,0.0,2579255.98238,146355.37
Nacogdoches,48,347,2012,0.0,2779385.98099,146355.37
Nacogdoches,48,347,2013,0.0,2636833.60947,146355.37
Nacogdoches,48,347,2014,0.0,2388458.67299,146355.37
Nacogdoches,48,347,2015,0.0,2316937.12409,146355.37
Nacogdoches,48,347,2016,0.0,3355599.0879,146355.37
Nacogdoches,48,347,2017,0.0,2881211.61535,146355.37
Nacogdoches,48,347,2018,0.0,2499722.35996,146355.37
Nacogdoches,48,347,2019,0.0,1672113.1411799998,146355.37
Nacogdoches,48,347,2020,0.0,2166117.66175,146355.37
Nolan,48,353,2010,232.90847,0.0,79168.05
Nolan,48,353,2011,278.16859999999997,0.0,79168.05
Nolan,48,353,2012,176.92068,0.0,79168.05
Nolan,48,353,2013,222.75854,0.0,79168.05
Nolan,48,353,2014,229.18047,0.0,79168.05
Nolan,48,353,2015,274.69401,0.0,79168.05
Nolan,48,353,2016,117.29784000000001,0.0,79168.05
Nolan,48,353,2017,150.29542,0.0,79168.05
Nolan,48,353,2018,23.148,0.0,79168.05
Nolan,48,353,2019,380.52242,0.0,79168.05
Nolan,48,353,2020,247.80201,0.0,79168.05
Nueces,48,355,2010,0.0,7110.93205,150686.42
Nueces,48,355,2011,0.0,3387.1123,150686.42
Nueces,48,355,2012,0.0,5892.42294,150686.42
Nueces,48,355,2013,0.0,5676.3089199999995,150686.42
Nueces,48,355,2014,0.0,12678.610840000001,150686.42
Nueces,48,355,2015,0.0,4504.76571,150686.42
Nueces,48,355,2016,0.0,4192.10783,150686.42
Nueces,48,355,2017,0.0,5413.4156,150686.42
Nueces,48,355,2018,0.0,2751.45485,150686.42
Nueces,48,355,2019,0.0,13737.4438,150686.42
Nueces,48,355,2020,0.0,9023.45597,150686.42
Navarro,48,349,2010,207.21724999999998,52576.0654,155197.9
Navarro,48,349,2011,366.49912,93829.04238999999,155197.9
Navarro,48,349,2012,455.09105,104036.63965999999,155197.9
Navarro,48,349,2013,383.28634,60945.45178,155197.9
Navarro,48,349,2014,680.60374,144255.85171999998,155197.9
Navarro,48,349,2015,129.70751,27617.98678,155197.9
Navarro,48,349,2016,220.72571,45309.78344,155197.9
Navarro,48,349,2017,371.5484,84274.50775,155197.9
Navarro,48,349,2018,256.66086,54162.70353,155197.9
Navarro,48,349,2019,206.75823,39386.772039999996,155197.9
Navarro,48,349,2020,185.97092,32331.4125,155197.9
Palo Pinto,48,363,2010,257.45455,0.0,88267.99
Palo Pinto,48,363,2011,5032.46028,0.0,88267.99
Palo Pinto,48,363,2012,1403.90356,0.0,88267.99
Palo Pinto,48,363,2013,186.55752,0.0,88267.99
Palo Pinto,48,363,2014,264.57013,0.0,88267.99
Palo Pinto,48,363,2015,159.51832,0.0,88267.99
Palo Pinto,48,363,2016,192.70279,0.0,88267.99
Palo Pinto,48,363,2017,289.79809,0.0,88267.99
Palo Pinto,48,363,2018,363.99416,0.0,88267.99
Palo Pinto,48,363,2019,149.6212,0.0,88267.99
Palo Pinto,48,363,2020,306.87548,0.0,88267.99
Ochiltree,48,357,2012,0.56243,0.0,78448.12
Ochiltree,48,357,2013,0.25127,0.0,78448.12
Ochiltree,48,357,2014,0.37103,0.0,78448.12
Ochiltree,48,357,2017,0.691,0.0,78448.12
Parker,48,367,2010,114.88424,0.0,80051.15
Parker,48,367,2011,66.17488,0.0,80051.15
Parker,48,367,2012,133.57881,0.0,80051.15
Parker,48,367,2013,90.82065,0.0,80051.15
Parker,48,367,2014,121.80576,0.0,80051.15
Parker,48,367,2015,97.67748,0.0,80051.15
Parker,48,367,2016,238.82468,0.0,80051.15
Parker,48,367,2017,186.81627,0.0,80051.15
Parker,48,367,2018,118.37735,0.0,80051.15
Parker,48,367,2019,246.91056,0.0,80051.15
Parker,48,367,2020,246.97525,0.0,80051.15
Reeves,48,389,2010,3.61434,52.242599999999996,467590.15
Reeves,48,389,2011,11.94573,580.74057,467590.15
Reeves,48,389,2012,9.682369999999999,220.07648999999998,467590.15
Reeves,48,389,2013,0.33216,9.78954,467590.15
Reeves,48,389,2014,0.46502,0.0,467590.15
Rusk,55,107,2010,307.53507,0.0,85625.95
Rusk,55,107,2011,248.92085,0.0,85625.95
Rusk,55,107,2012,488.57826,0.0,85625.95
Rusk,55,107,2013,215.82168000000001,0.0,85625.95
Rusk,55,107,2014,161.43288,0.0,85625.95
Rusk,55,107,2015,214.73825000000002,0.0,85625.95
Rusk,55,107,2016,409.81201000000004,0.0,85625.95
Rusk,55,107,2017,621.62496,0.0,85625.95
Rusk,55,107,2018,508.24272999999994,0.0,85625.95
Rusk,55,107,2019,625.85039,0.0,85625.95
Rusk,55,107,2020,571.29907,0.0,85625.95
Runnels,48,399,2010,22.68898,0.0,91279.9
Runnels,48,399,2011,6.75423,0.0,91279.9
Runnels,48,399,2012,17.83643,0.0,91279.9
Runnels,48,399,2013,7.86901,0.0,91279.9
Runnels,48,399,2014,2.6229999999999998,0.0,91279.9
Runnels,48,399,2015,22.6234,0.0,91279.9
Runnels,48,399,2016,9.90184,0.0,91279.9
Runnels,48,399,2017,14.55767,0.0,91279.9
Runnels,48,399,2018,3.21318,0.0,91279.9
Runnels,48,399,2019,3.40991,0.0,91279.9
Runnels,48,399,2020,1.44265,0.0,91279.9
San Augustine,48,405,2010,4997.90344,0.0,80164.91
San Augustine,48,405,2011,2231.13198,0.0,80164.91
San Augustine,48,405,2012,2740.2672700000003,0.0,80164.91
San Augustine,48,405,2013,4271.28096,0.0,80164.91
San Augustine,48,405,2014,3044.15276,0.0,80164.91
San Augustine,48,405,2015,2985.49838,0.0,80164.91
San Augustine,48,405,2016,4065.76402,0.0,80164.91
San Augustine,48,405,2017,4619.67187,0.0,80164.91
San Augustine,48,405,2018,3111.50403,0.0,80164.91
San Augustine,48,405,2019,2302.41397,0.0,80164.91
San Augustine,48,405,2020,2312.8648599999997,0.0,80164.91
Schleicher,48,413,2010,933.76516,0.0,113101.0
Schleicher,48,413,2011,52.34825,0.0,113101.0
Schleicher,48,413,2012,22.38751,0.0,113101.0
Schleicher,48,413,2013,12.02415,0.0,113101.0
Schleicher,48,413,2014,0.13286,0.0,113101.0
Schleicher,48,413,2015,0.66432,0.0,113101.0
Schleicher,48,413,2016,2.7237,0.0,113101.0
Schleicher,48,413,2017,3.78661,0.0,113101.0
Schleicher,48,413,2018,2.19225,0.0,113101.0
Schleicher,48,413,2019,3.91948,0.0,113101.0
Schleicher,48,413,2020,0.93004,0.0,113101.0
San Patricio,48,409,2010,42.054860000000005,4646.35787,99528.46
San Patricio,48,409,2011,22.11623,2687.89862,99528.46
San Patricio,48,409,2012,47.49886,5276.7895,99528.46
San Patricio,48,409,2013,84.44997000000001,3949.94864,99528.46
San Patricio,48,409,2014,164.00034,13903.45895,99528.46
San Patricio,48,409,2015,93.16036,4337.43326,99528.46
San Patricio,48,409,2016,140.04676,5219.0826,99528.46
San Patricio,48,409,2017,54.6441,3605.47833,99528.46
San Patricio,48,409,2018,27.96852,1734.45354,99528.46
San Patricio,48,409,2019,166.45014,11435.246760000002,99528.46
San Patricio,48,409,2020,74.85493,4609.91627,99528.46
San Saba,48,411,2010,259.22904,25512.35374,134437.65
San Saba,48,411,2011,130.16836,11402.226760000001,134437.65
San Saba,48,411,2012,269.58405,13729.57122,134437.65
San Saba,48,411,2013,288.87933,8012.51259,134437.65
San Saba,48,411,2014,169.32121,7308.953219999999,134437.65
San Saba,48,411,2015,257.63343,13934.959770000001,134437.65
San Saba,48,411,2016,279.69485,22238.96309,134437.65
San Saba,48,411,2017,276.56982999999997,16565.46328,134437.65
San Saba,48,411,2018,89.04865000000001,5748.89487,134437.65
San Saba,48,411,2019,214.44403,13696.494480000001,134437.65
San Saba,48,411,2020,283.05544,11117.14291,134437.65
Scurry,48,415,2010,17.91832,0.0,78964.19
Scurry,48,415,2011,191.40905,0.0,78964.19
Scurry,48,415,2012,33.63728,0.0,78964.19
Scurry,48,415,2013,13.97241,0.0,78964.19
Scurry,48,415,2014,11.5143,0.0,78964.19
Scurry,48,415,2015,21.92892,0.0,78964.19
Scurry,48,415,2016,6.27465,0.0,78964.19
Scurry,48,415,2017,24.12828,0.0,78964.19
Scurry,48,415,2018,17.14207,0.0,78964.19
Scurry,48,415,2019,7.30964,0.0,78964.19
Scurry,48,415,2020,33.83134,0.0,78964.19
Somervell,48,425,2010,94.75599,0.0,26366.23
Somervell,48,425,2011,159.80647,0.0,26366.23
Somervell,48,425,2012,193.51206,0.0,26366.23
Somervell,48,425,2013,126.88778,0.0,26366.23
Somervell,48,425,2014,182.49545,0.0,26366.23
Somervell,48,425,2015,106.62508,0.0,26366.23
Somervell,48,425,2016,151.34728,0.0,26366.23
Somervell,48,425,2017,128.1337,0.0,26366.23
Somervell,48,425,2018,87.73946,0.0,26366.23
Somervell,48,425,2019,261.77572,0.0,26366.23
Somervell,48,425,2020,218.56174,0.0,26366.23
Tarrant,48,439,2010,0.0,13315.497510000001,79139.77
Tarrant,48,439,2011,0.0,11790.45741,79139.77
Tarrant,48,439,2012,0.0,18499.922720000002,79139.77
Tarrant,48,439,2013,0.0,6301.18332,79139.77
Tarrant,48,439,2014,0.0,11402.8192,79139.77
Tarrant,48,439,2015,0.0,14965.645760000001,79139.77
Tarrant,48,439,2016,0.0,17454.78624,79139.77
Tarrant,48,439,2017,0.0,11189.633119999999,79139.77
Tarrant,48,439,2018,0.0,5972.76082,79139.77
Tarrant,48,439,2019,0.0,19414.804360000002,79139.77
Tarrant,48,439,2020,0.0,14211.326239999999,79139.77
Sutton,48,435,2010,0.0,580.93623,125139.66
Sutton,48,435,2011,0.0,1095.54542,125139.66
Sutton,48,435,2012,0.0,337.68694,125139.66
Sutton,48,435,2014,0.0,55.73884,125139.66
Sutton,48,435,2015,0.0,13.01049,125139.66
Sutton,48,435,2016,0.0,61.99816,125139.66
Sutton,48,435,2017,0.0,190.09827,125139.66
Sutton,48,435,2019,0.0,21.20463,125139.66
Sutton,48,435,2020,0.0,16.90415,125139.66
Titus,48,449,2010,434.43839,0.0,44922.74
Titus,48,449,2011,425.70563000000004,0.0,44922.74
Titus,48,449,2012,640.72546,0.0,44922.74
Titus,48,449,2013,682.51331,0.0,44922.74
Titus,48,449,2014,484.76494,0.0,44922.74
Titus,48,449,2015,441.42458999999997,0.0,44922.74
Titus,48,449,2016,493.62706,0.0,44922.74
Titus,48,449,2017,459.53697999999997,0.0,44922.74
Titus,48,449,2018,291.7387,0.0,44922.74
Titus,48,449,2019,193.34967,0.0,44922.74
Titus,48,449,2020,252.79709000000003,0.0,44922.74
Throckmorton,48,447,2010,6.0159,0.0,78560.56
Throckmorton,48,447,2011,2.0053,0.0,78560.56
Throckmorton,48,447,2012,8.53869,0.0,78560.56
Throckmorton,48,447,2013,0.25875,0.0,78560.56
Throckmorton,48,447,2014,2.06999,0.0,78560.56
Throckmorton,48,447,2015,7.69776,0.0,78560.56
Throckmorton,48,447,2016,4.5281,0.0,78560.56
Throckmorton,48,447,2017,1.42312,0.0,78560.56
Throckmorton,48,447,2018,2.0053,0.0,78560.56
Throckmorton,48,447,2019,11.64367,0.0,78560.56
Throckmorton,48,447,2020,8.08588,0.0,78560.56
Tom Green,48,451,2010,1230.48574,13974.72784,248618.09
Tom Green,48,451,2011,307.90063000000004,4554.116080000001,248618.09
Tom Green,48,451,2012,134.98538,10061.57311,248618.09
Tom Green,48,451,2013,59.47645,34.29374,248618.09
Tom Green,48,451,2014,34.339,117.92623,248618.09
Tom Green,48,451,2015,9.789539999999999,110.66631,248618.09
Tom Green,48,451,2016,31.479390000000002,12.01016,248618.09
Tom Green,48,451,2017,12.09238,0.0,248618.09
Tom Green,48,451,2018,2.8853,0.0,248618.09
Tom Green,48,451,2019,23.750169999999997,0.0,248618.09
Tom Green,48,451,2020,15.388259999999999,0.0,248618.09
Tyler,54,095,2010,0.0,28403.33978,49361.37
Tyler,54,095,2011,0.0,39634.20971,49361.37
Tyler,54,095,2012,0.0,128968.7939,49361.37
Tyler,54,095,2013,0.0,60097.76619,49361.37
Tyler,54,095,2014,0.0,141065.48096,49361.37
Tyler,54,095,2015,0.0,144478.68486,49361.37
Tyler,54,095,2016,0.0,206821.31564,49361.37
Tyler,54,095,2017,0.0,181499.78686,49361.37
Tyler,54,095,2018,0.0,148472.47874,49361.37
Tyler,54,095,2019,0.0,104753.68779,49361.37
Tyler,54,095,2020,0.0,109345.79974,49361.37
Uvalde,48,463,2010,245.622,0.0,134407.94
Uvalde,48,463,2011,131.82342,0.0,134407.94
Uvalde,48,463,2012,247.37068000000002,0.0,134407.94
Uvalde,48,463,2013,212.93517000000003,0.0,134407.94
Uvalde,48,463,2014,238.02198,0.0,134407.94
Uvalde,48,463,2015,253.35654,0.0,134407.94
Uvalde,48,463,2016,233.85205,0.0,134407.94
Uvalde,48,463,2017,142.31549,0.0,134407.94
Uvalde,48,463,2018,140.63407,0.0,134407.94
Uvalde,48,463,2019,122.811,0.0,134407.94
Uvalde,48,463,2020,138.48184,0.0,134407.94
Van Zandt,48,467,2010,267.23578,0.0,103942.72
Van Zandt,48,467,2011,744.5407399999999,0.0,103942.72
Van Zandt,48,467,2012,676.60532,0.0,103942.72
Van Zandt,48,467,2013,327.78704,0.0,103942.72
Van Zandt,48,467,2014,539.5252,0.0,103942.72
Van Zandt,48,467,2015,305.41754000000003,0.0,103942.72
Van Zandt,48,467,2016,517.04087,0.0,103942.72
Van Zandt,48,467,2017,997.17151,0.0,103942.72
Van Zandt,48,467,2018,417.70610999999997,0.0,103942.72
Van Zandt,48,467,2019,462.31527,0.0,103942.72
Van Zandt,48,467,2020,388.22737,0.0,103942.72
Victoria,48,469,2010,622.7177,0.0,146205.02
Victoria,48,469,2011,138.25657999999999,0.0,146205.02
Victoria,48,469,2012,674.8226999999999,0.0,146205.02
Victoria,48,469,2013,543.7968900000001,0.0,146205.02
Victoria,48,469,2014,1937.96827,0.0,146205.02
Victoria,48,469,2015,181.57742000000002,0.0,146205.02
Victoria,48,469,2016,132.64856,0.0,146205.02
Victoria,48,469,2017,142.44635,0.0,146205.02
Victoria,48,469,2018,156.3731,0.0,146205.02
Victoria,48,469,2019,356.7147,0.0,146205.02
Victoria,48,469,2020,396.85704,0.0,146205.02
Webb,48,479,2010,810.76949,93184.05741000001,480962.15
Webb,48,479,2011,305.44835,29490.79584,480962.15
Webb,48,479,2012,135.47356,11928.82006,480962.15
Webb,48,479,2013,440.72569,257.04643999999996,480962.15
Webb,48,479,2014,470.71865,1431.91452,480962.15
Webb,48,479,2015,309.98893000000004,1033.5387500000002,480962.15
Webb,48,479,2016,295.37772,691.1750499999999,480962.15
Webb,48,479,2017,238.76448000000002,963.1042600000001,480962.15
Webb,48,479,2018,212.85842,1061.55259,480962.15
Webb,48,479,2019,110.95647,404.84205,480962.15
Webb,48,479,2020,38.7041,733.5671299999999,480962.15
Winkler,48,495,2010,0.2623,0.0,79778.0
Wise,51,195,2010,0.0,407389.04162,76063.15
Wise,51,195,2011,0.0,204099.98919,76063.15
Wise,51,195,2012,0.0,230809.51658999998,76063.15
Wise,51,195,2013,0.0,152901.92534000002,76063.15
Wise,51,195,2014,0.0,255139.1101,76063.15
Wise,51,195,2015,0.0,203939.35862,76063.15
Wise,51,195,2016,0.0,329721.36294,76063.15
Wise,51,195,2017,0.0,392093.82143,76063.15
Wise,51,195,2018,0.0,323542.08422,76063.15
Wise,51,195,2019,0.0,187214.86693000002,76063.15
Wise,51,195,2020,0.0,239212.05775,76063.15
Zapata,48,505,2010,0.0,7721.82639,135361.74
Zapata,48,505,2011,0.0,28087.67219,135361.74
Zapata,48,505,2012,0.0,95848.88626,135361.74
Zapata,48,505,2013,0.0,35.93252,135361.74
Zapata,48,505,2014,0.0,1101.91291,135361.74
Zapata,48,505,2015,0.0,267.01812,135361.74
Zapata,48,505,2016,0.0,277.76915,135361.74
Zapata,48,505,2017,0.0,234.15665,135361.74
Zapata,48,505,2018,0.0,138.31905,135361.74
Zapata,48,505,2019,0.0,121.19462,135361.74
Zapata,48,505,2020,0.0,31.12256,135361.74
Zavala,48,507,2010,50.727050000000006,0.0,113263.39
Zavala,48,507,2011,14.04177,0.0,113263.39
Zavala,48,507,2012,28.22186,0.0,113263.39
Zavala,48,507,2013,73.82057,0.0,113263.39
Zavala,48,507,2014,103.64074000000001,0.0,113263.39
Zavala,48,507,2015,47.4029,0.0,113263.39
Zavala,48,507,2016,27.57007,0.0,113263.39
Zavala,48,507,2017,44.61936,0.0,113263.39
Zavala,48,507,2018,6.527089999999999,0.0,113263.39
Zavala,48,507,2019,19.77668,0.0,113263.39
Zavala,48,507,2020,30.779210000000003,0.0,113263.39
St. Croix,55,109,2010,25.03699,0.0,67691.19
St. Croix,55,109,2011,62.41476,0.0,67691.19
St. Croix,55,109,2012,92.19538,0.0,67691.19
St. Croix,55,109,2013,115.88076,0.0,67691.19
St. Croix,55,109,2014,133.97194000000002,0.0,67691.19
St. Croix,55,109,2015,58.06572,0.0,67691.19
St. Croix,55,109,2016,82.73427,0.0,67691.19
St. Croix,55,109,2017,55.710589999999996,0.0,67691.19
St. Croix,55,109,2018,109.44602,0.0,67691.19
St. Croix,55,109,2019,93.657,0.0,67691.19
St. Croix,55,109,2020,95.92029,0.0,67691.19
Cache,49,005,2010,29.04387,0.0,146426.2
Cache,49,005,2011,67.13513,0.0,146426.2
Cache,49,005,2012,270.09643,0.0,146426.2
Cache,49,005,2013,99.0027,0.0,146426.2
Cache,49,005,2014,62.35211,0.0,146426.2
Cache,49,005,2015,93.87393,0.0,146426.2
Cache,49,005,2016,137.43973,0.0,146426.2
Cache,49,005,2017,176.51064,0.0,146426.2
Cache,49,005,2018,135.07703,0.0,146426.2
Cache,49,005,2019,536.50475,0.0,146426.2
Cache,49,005,2020,356.01787,0.0,146426.2
Daggett,49,009,2010,52.7919,5772.91392,99525.06
Daggett,49,009,2011,85.08949999999999,29981.02162,99525.06
Daggett,49,009,2012,85.08951,11003.12865,99525.06
Daggett,49,009,2013,7.57526,922.67192,99525.06
Daggett,49,009,2014,28.42189,5138.50804,99525.06
Daggett,49,009,2015,71.7594,26777.46419,99525.06
Daggett,49,009,2016,76.39851,17773.4089,99525.06
Daggett,49,009,2017,23.0781,6183.41598,99525.06
Daggett,49,009,2018,140.64138,14126.13155,99525.06
Daggett,49,009,2019,104.70295,17597.35666,99525.06
Daggett,49,009,2020,67.76624,6026.69513,99525.06
Millard,49,027,2010,151.5747,14365.418959999999,631645.17
Millard,49,027,2011,707.05449,171127.08422999998,631645.17
Millard,49,027,2012,2056.46747,214238.70987,631645.17
Millard,49,027,2013,72.75725,4809.16797,631645.17
Millard,49,027,2014,42.63062,3254.85962,631645.17
Millard,49,027,2015,205.30698,14516.0449,631645.17
Millard,49,027,2016,1015.63019,81853.57274999999,631645.17
Millard,49,027,2017,140.88961,10250.45239,631645.17
Millard,49,027,2018,162.65024,16538.63374,631645.17
Millard,49,027,2019,346.11417,23970.066420000003,631645.17
Millard,49,027,2020,231.92248,50418.786510000005,631645.17
Rich,49,033,2010,0.0,9677.58506,122025.42
Rich,49,033,2011,0.0,18459.57933,122025.42
Rich,49,033,2012,0.0,92566.07025,122025.42
Rich,49,033,2013,0.0,15162.169179999999,122025.42
Rich,49,033,2014,0.0,19568.23846,122025.42
Rich,49,033,2015,0.0,39285.027870000005,122025.42
Rich,49,033,2016,0.0,50778.3153,122025.42
Rich,49,033,2017,0.0,39448.94521,122025.42
Rich,49,033,2018,0.0,27859.694349999998,122025.42
Rich,49,033,2019,0.0,50691.70639,122025.42
Rich,49,033,2020,0.0,73258.36501000001,122025.42
Sanpete,49,039,2010,153.42279000000002,45296.79848,188679.67
Sanpete,49,039,2011,1179.2508699999998,463893.56767,188679.67
Sanpete,49,039,2012,474.55834000000004,5186.26808,188679.67
Sanpete,49,039,2013,287.593,6025.66788,188679.67
Sanpete,49,039,2014,711.62825,48421.75828,188679.67
Sanpete,49,039,2015,151.62907,5722.59762,188679.67
Sanpete,49,039,2016,212.61553,23595.60828,188679.67
Sanpete,49,039,2017,470.9709,68494.76359,188679.67
Sanpete,49,039,2018,264.87255999999996,34013.078460000004,188679.67
Sanpete,49,039,2019,350.19381000000004,77220.18948999999,188679.67
Sanpete,49,039,2020,112.82495,27201.49019,188679.67
Uintah,49,047,2010,306.95658000000003,0.0,434186.93
Uintah,49,047,2011,180.0413,0.0,434186.93
Uintah,49,047,2012,923.5337300000001,0.0,434186.93
Uintah,49,047,2013,155.67667999999998,0.0,434186.93
Uintah,49,047,2014,474.30421,0.0,434186.93
Uintah,49,047,2015,109.13493,0.0,434186.93
Uintah,49,047,2016,175.75988,0.0,434186.93
Uintah,49,047,2017,512.66951,0.0,434186.93
Uintah,49,047,2018,101.25861,0.0,434186.93
Uintah,49,047,2019,102.11492,0.0,434186.93
Uintah,49,047,2020,325.75748999999996,0.0,434186.93
Tooele,49,045,2010,306.81443,0.0,690286.47
Tooele,49,045,2011,428.89616,0.0,690286.47
Tooele,49,045,2012,101.58425,0.0,690286.47
Tooele,49,045,2013,1036.35614,0.0,690286.47
Tooele,49,045,2014,556.4819,0.0,690286.47
Tooele,49,045,2015,280.10299,0.0,690286.47
Tooele,49,045,2016,511.12017,0.0,690286.47
Tooele,49,045,2017,350.91324,0.0,690286.47
Tooele,49,045,2018,330.03361,0.0,690286.47
Tooele,49,045,2019,353.60171,0.0,690286.47
Tooele,49,045,2020,48.11757,0.0,690286.47
Lamoille,50,015,2010,246.20048000000003,0.0,65648.75
Lamoille,50,015,2011,80.75685,0.0,65648.75
Lamoille,50,015,2012,251.6802,0.0,65648.75
Lamoille,50,015,2013,90.60929999999999,0.0,65648.75
Lamoille,50,015,2014,143.91215,0.0,65648.75
Lamoille,50,015,2015,102.17761999999999,0.0,65648.75
Lamoille,50,015,2016,119.28103,0.0,65648.75
Lamoille,50,015,2017,125.36962,0.0,65648.75
Lamoille,50,015,2018,280.68404,0.0,65648.75
Lamoille,50,015,2019,172.19642,0.0,65648.75
Lamoille,50,015,2020,220.07488,0.0,65648.75
Rutland,50,021,2010,0.0,96077.63424,122274.2
Rutland,50,021,2011,0.0,77018.96184,122274.2
Rutland,50,021,2012,0.0,129967.12658,122274.2
Rutland,50,021,2013,0.0,93698.81683,122274.2
Rutland,50,021,2014,0.0,101994.55784,122274.2
Rutland,50,021,2015,0.0,127367.20934999999,122274.2
Rutland,50,021,2016,0.0,134718.93559,122274.2
Rutland,50,021,2017,0.0,178745.49671,122274.2
Rutland,50,021,2018,0.0,188599.3099,122274.2
Rutland,50,021,2019,0.0,155160.24077,122274.2
Rutland,50,021,2020,0.0,174676.10098,122274.2
Windsor,50,027,2010,1081.56452,455407.58768,168824.35
Windsor,50,027,2011,406.71254999999996,182411.60149,168824.35
Windsor,50,027,2012,838.80709,361129.34582,168824.35
Windsor,50,027,2013,460.7178,201952.77619,168824.35
Windsor,50,027,2014,664.84987,277508.50707,168824.35
Windsor,50,027,2015,694.78395,295278.88594,168824.35
Windsor,50,027,2016,880.9350999999999,383337.63529,168824.35
Windsor,50,027,2017,1107.8028100000001,493807.58335,168824.35
Windsor,50,027,2018,960.44832,433510.91494,168824.35
Windsor,50,027,2019,1157.01439,523607.39678,168824.35
Windsor,50,027,2020,1015.83172,450228.34205,168824.35
Alexandria,51,510,2010,1.49477,427.13557,2025.31
Alexandria,51,510,2011,2.75037,966.36926,2025.31
Alexandria,51,510,2012,0.47833,131.53328,2025.31
Alexandria,51,510,2013,0.29895,0.0,2025.31
Alexandria,51,510,2014,0.59791,0.0,2025.31
Alexandria,51,510,2015,2.51121,947.59782,2025.31
Alexandria,51,510,2016,0.53812,119.97461,2025.31
Alexandria,51,510,2017,4.78325,1147.63053,2025.31
Alexandria,51,510,2018,0.23916,14.9769,2025.31
Alexandria,51,510,2019,1.2556,469.87313,2025.31
Alexandria,51,510,2020,4.72346,1650.21988,2025.31
Amelia,51,007,2010,1721.65745,0.0,58511.67
Amelia,51,007,2011,1830.55579,0.0,58511.67
Amelia,51,007,2012,2170.17516,0.0,58511.67
Amelia,51,007,2013,2241.53727,0.0,58511.67
Amelia,51,007,2014,2976.92574,0.0,58511.67
Amelia,51,007,2015,2927.08357,0.0,58511.67
Amelia,51,007,2016,2828.88336,0.0,58511.67
Amelia,51,007,2017,3203.44172,0.0,58511.67
Amelia,51,007,2018,2217.1109,0.0,58511.67
Amelia,51,007,2019,1928.38497,0.0,58511.67
Amelia,51,007,2020,2113.34519,0.0,58511.67
Amherst,51,009,2010,1131.92121,427790.61535,78556.97
Amherst,51,009,2011,729.45925,277185.63211,78556.97
Amherst,51,009,2012,1175.2159299999998,468087.80765000003,78556.97
Amherst,51,009,2013,856.91327,336235.53175,78556.97
Amherst,51,009,2014,838.3070399999999,326860.94941999996,78556.97
Amherst,51,009,2015,1251.02431,438654.50363000005,78556.97
Amherst,51,009,2016,1180.34126,433160.36027,78556.97
Amherst,51,009,2017,1793.07933,509780.17076999997,78556.97
Amherst,51,009,2018,947.3811800000001,351614.64175,78556.97
Amherst,51,009,2019,923.55933,377709.47576,78556.97
Amherst,51,009,2020,1256.15074,494624.47395,78556.97
Appomattox,51,011,2010,2250.00108,897872.25673,48420.7
Appomattox,51,011,2011,1770.1829,711577.5445300001,48420.7
Appomattox,51,011,2012,1924.1361,798815.43172,48420.7
Appomattox,51,011,2013,2153.36746,839256.60209,48420.7
Appomattox,51,011,2014,2424.50648,849292.61518,48420.7
Appomattox,51,011,2015,2601.64134,850818.72189,48420.7
Appomattox,51,011,2016,2838.8082,962471.08387,48420.7
Appomattox,51,011,2017,2008.3161400000001,735075.31409,48420.7
Appomattox,51,011,2018,2145.98069,814144.01657,48420.7
Appomattox,51,011,2019,1478.7390500000001,556030.1385400001,48420.7
Appomattox,51,011,2020,1894.4679999999998,689833.43435,48420.7
Arlington,51,013,2010,2.571,0.0,4746.63
Arlington,51,013,2011,1.73393,0.0,4746.63
Arlington,51,013,2012,2.27204,0.0,4746.63
Arlington,51,013,2013,1.01644,0.0,4746.63
Arlington,51,013,2014,5.97906,0.0,4746.63
Arlington,51,013,2015,5.68011,0.0,4746.63
Arlington,51,013,2016,1.19581,0.0,4746.63
Arlington,51,013,2017,2.571,0.0,4746.63
Arlington,51,013,2018,8.72943,0.0,4746.63
Arlington,51,013,2019,5.20179,0.0,4746.63
Arlington,51,013,2020,5.02241,0.0,4746.63
Augusta,51,015,2010,422.76474,151547.20239999998,149350.14
Augusta,51,015,2011,297.51689,111699.37288,149350.14
Augusta,51,015,2012,363.51685,137840.23753,149350.14
Augusta,51,015,2013,320.51042,95516.25484,149350.14
Augusta,51,015,2014,472.09743,138869.35297,149350.14
Augusta,51,015,2015,398.79794,137657.5234,149350.14
Augusta,51,015,2016,408.59148,148421.39898000003,149350.14
Augusta,51,015,2017,544.36284,170538.22297,149350.14
Augusta,51,015,2018,754.95442,264119.67193,149350.14
Augusta,51,015,2019,339.30672,125049.2747,149350.14
Augusta,51,015,2020,408.40899,157987.45166,149350.14
Botetourt,51,023,2010,368.36112,0.0,91184.45
Botetourt,51,023,2011,479.15362,0.0,91184.45
Botetourt,51,023,2012,439.27013,0.0,91184.45
Botetourt,51,023,2013,342.08555,0.0,91184.45
Botetourt,51,023,2014,541.48815,0.0,91184.45
Botetourt,51,023,2015,536.59225,0.0,91184.45
Botetourt,51,023,2016,677.53778,0.0,91184.45
Botetourt,51,023,2017,699.64294,0.0,91184.45
Botetourt,51,023,2018,595.0307,0.0,91184.45
Botetourt,51,023,2019,592.96614,0.0,91184.45
Botetourt,51,023,2020,499.03513,0.0,91184.45
Charles City,51,036,2010,780.15985,0.0,34602.11
Charles City,51,036,2011,671.75622,0.0,34602.11
Charles City,51,036,2012,610.59752,0.0,34602.11
Charles City,51,036,2013,613.68947,0.0,34602.11
Charles City,51,036,2014,839.3397,0.0,34602.11
Charles City,51,036,2015,1270.60435,0.0,34602.11
Charles City,51,036,2016,987.01105,0.0,34602.11
Charles City,51,036,2017,1129.30241,0.0,34602.11
Charles City,51,036,2018,981.13635,0.0,34602.11
Charles City,51,036,2019,1049.83939,0.0,34602.11
Charles City,51,036,2020,551.47951,0.0,34602.11
Danville,51,590,2010,215.44681,0.0,7291.41
Danville,51,590,2011,102.65261,0.0,7291.41
Danville,51,590,2012,54.54193,0.0,7291.41
Danville,51,590,2013,184.09447,0.0,7291.41
Danville,51,590,2014,76.24739,0.0,7291.41
Danville,51,590,2015,60.66398,0.0,7291.41
Danville,51,590,2016,164.1205,0.0,7291.41
Danville,51,590,2017,172.96347,0.0,7291.41
Danville,51,590,2018,111.18638,0.0,7291.41
Danville,51,590,2019,75.87636,0.0,7291.41
Danville,51,590,2020,80.63796,0.0,7291.41
Fredericksburg,51,630,2010,1.15576,0.0,1536.91
Fredericksburg,51,630,2011,1.5815700000000001,0.0,1536.91
Fredericksburg,51,630,2012,1.70322,0.0,1536.91
Fredericksburg,51,630,2013,3.83226,0.0,1536.91
Fredericksburg,51,630,2014,2.6156699999999997,0.0,1536.91
Fredericksburg,51,630,2015,7.48202,0.0,1536.91
Fredericksburg,51,630,2016,7.78617,0.0,1536.91
Fredericksburg,51,630,2017,2.7981499999999997,0.0,1536.91
Fredericksburg,51,630,2018,10.40184,0.0,1536.91
Fredericksburg,51,630,2019,24.81842,0.0,1536.91
Fredericksburg,51,630,2020,5.96129,0.0,1536.91
Goochland,51,075,2010,1308.62416,0.0,59564.86
Goochland,51,075,2011,1358.32183,0.0,59564.86
Goochland,51,075,2012,2023.67445,0.0,59564.86
Goochland,51,075,2013,1933.46436,0.0,59564.86
Goochland,51,075,2014,1958.83025,0.0,59564.86
Goochland,51,075,2015,1787.41283,0.0,59564.86
Goochland,51,075,2016,2148.98314,0.0,59564.86
Goochland,51,075,2017,2018.92975,0.0,59564.86
Goochland,51,075,2018,1463.92177,0.0,59564.86
Goochland,51,075,2019,1626.82306,0.0,59564.86
Goochland,51,075,2020,1477.91254,0.0,59564.86
Hanover,51,085,2010,0.0,910908.3332700001,104148.51
Hanover,51,085,2011,0.0,842972.7049,104148.51
Hanover,51,085,2012,0.0,1188066.29963,104148.51
Hanover,51,085,2013,0.0,1107078.27303,104148.51
Hanover,51,085,2014,0.0,1396922.68727,104148.51
Hanover,51,085,2015,0.0,1012038.1431400001,104148.51
Hanover,51,085,2016,0.0,1079802.16617,104148.51
Hanover,51,085,2017,0.0,1115479.45898,104148.51
Hanover,51,085,2018,0.0,758038.65341,104148.51
Hanover,51,085,2019,0.0,810426.5710199999,104148.51
Hanover,51,085,2020,0.0,797582.2548199999,104148.51
Greensville,51,081,2010,0.0,883804.80943,54186.68
Greensville,51,081,2011,0.0,914839.52194,54186.68
Greensville,51,081,2012,0.0,1059039.3741600001,54186.68
Greensville,51,081,2013,0.0,1581026.51508,54186.68
Greensville,51,081,2014,0.0,1662845.96187,54186.68
Greensville,51,081,2015,0.0,1317071.23132,54186.68
Greensville,51,081,2016,0.0,1633321.4884600001,54186.68
Greensville,51,081,2017,0.0,2035995.86284,54186.68
Greensville,51,081,2018,0.0,1748741.74546,54186.68
Greensville,51,081,2019,0.0,1571557.07221,54186.68
Greensville,51,081,2020,0.0,1174157.3058799999,54186.68
Henrico,51,087,2010,406.11501,0.0,55295.37
Henrico,51,087,2011,409.04145,0.0,55295.37
Henrico,51,087,2012,341.07856,0.0,55295.37
Henrico,51,087,2013,328.98171,0.0,55295.37
Henrico,51,087,2014,592.23012,0.0,55295.37
Henrico,51,087,2015,285.34763,0.0,55295.37
Henrico,51,087,2016,712.86662,0.0,55295.37
Henrico,51,087,2017,981.09567,0.0,55295.37
Henrico,51,087,2018,752.2704200000001,0.0,55295.37
Henrico,51,087,2019,764.1365,0.0,55295.37
Henrico,51,087,2020,419.80213,0.0,55295.37
Hopewell,51,670,2010,0.49471,147.07292,1659.12
Hopewell,51,670,2011,7.97722,3175.45528,1659.12
Hopewell,51,670,2012,1.91701,713.42794,1659.12
Hopewell,51,670,2013,0.43287,182.03443,1659.12
Hopewell,51,670,2014,19.91213,9108.38383,1659.12
Hopewell,51,670,2015,6.43125,1897.27886,1659.12
Hopewell,51,670,2016,3.27746,1309.95229,1659.12
Hopewell,51,670,2017,1.54597,538.72151,1659.12
Hopewell,51,670,2018,9.15216,2526.26333,1659.12
Hopewell,51,670,2019,2.47356,776.41885,1659.12
Hopewell,51,670,2020,3.71034,1702.87286,1659.12
James City,51,095,2010,239.93502,0.0,34236.19
James City,51,095,2011,373.63077,0.0,34236.19
James City,51,095,2012,341.41269,0.0,34236.19
James City,51,095,2013,239.87318,0.0,34236.19
James City,51,095,2014,303.44359,0.0,34236.19
James City,51,095,2015,478.20039,0.0,34236.19
James City,51,095,2016,505.53319,0.0,34236.19
James City,51,095,2017,518.64305,0.0,34236.19
James City,51,095,2018,567.55763,0.0,34236.19
James City,51,095,2019,494.21667,0.0,34236.19
James City,51,095,2020,313.89437,0.0,34236.19
King and Queen,51,097,2010,1919.59503,0.0,94234.0
King and Queen,51,097,2011,2420.35869,0.0,94234.0
King and Queen,51,097,2012,2851.50036,0.0,94234.0
King and Queen,51,097,2013,3010.2414,0.0,94234.0
King and Queen,51,097,2014,3124.06977,0.0,94234.0
King and Queen,51,097,2015,3567.27366,0.0,94234.0
King and Queen,51,097,2016,3675.3461800000005,0.0,94234.0
King and Queen,51,097,2017,4228.0093,0.0,94234.0
King and Queen,51,097,2018,3519.75702,0.0,94234.0
King and Queen,51,097,2019,2876.12183,0.0,94234.0
King and Queen,51,097,2020,2528.6987200000003,0.0,94234.0
Newport News,51,700,2010,0.0,41680.95096,26748.7
Newport News,51,700,2011,0.0,16403.64101,26748.7
Newport News,51,700,2012,0.0,44548.77577,26748.7
Newport News,51,700,2013,0.0,34707.97522,26748.7
Newport News,51,700,2014,0.0,40089.2948,26748.7
Newport News,51,700,2015,0.0,16666.0225,26748.7
Newport News,51,700,2016,0.0,47234.57836,26748.7
Newport News,51,700,2017,0.0,43998.33847,26748.7
Newport News,51,700,2018,0.0,40661.58418,26748.7
Newport News,51,700,2019,0.0,16342.00895,26748.7
Newport News,51,700,2020,0.0,33644.24184,26748.7
New Kent,51,127,2010,775.30243,309873.56389,40116.57
New Kent,51,127,2011,767.31948,341887.34544,40116.57
New Kent,51,127,2012,837.08714,374339.17892,40116.57
New Kent,51,127,2013,1041.0095000000001,404811.20949000004,40116.57
New Kent,51,127,2014,1030.74439,410173.95508999994,40116.57
New Kent,51,127,2015,1178.5469,494312.22328000003,40116.57
New Kent,51,127,2016,1019.37784,422958.73709,40116.57
New Kent,51,127,2017,1442.30795,614045.50071,40116.57
New Kent,51,127,2018,1071.4174699999999,492747.38730999996,40116.57
New Kent,51,127,2019,870.65778,377192.17880999995,40116.57
New Kent,51,127,2020,702.3626999999999,325796.47335,40116.57
Manassas,51,683,2010,0.0,234.02073000000001,1879.22
Manassas,51,683,2011,0.0,1237.52766,1879.22
Manassas,51,683,2012,0.0,913.84646,1879.22
Manassas,51,683,2013,0.0,3221.2221799999998,1879.22
Manassas,51,683,2014,0.0,705.10818,1879.22
Manassas,51,683,2015,0.0,5609.68197,1879.22
Manassas,51,683,2016,0.0,2877.93692,1879.22
Manassas,51,683,2017,0.0,1630.1086799999998,1879.22
Manassas,51,683,2018,0.0,1657.5998399999999,1879.22
Manassas,51,683,2019,0.0,8367.43254,1879.22
Manassas,51,683,2020,0.0,5825.6034199999995,1879.22
Lunenburg,51,111,2010,1599.15454,644248.6211,54691.04
Lunenburg,51,111,2011,2104.6259,871630.24397,54691.04
Lunenburg,51,111,2012,1696.17981,692653.78819,54691.04
Lunenburg,51,111,2013,2662.66034,1040464.0021,54691.04
Lunenburg,51,111,2014,2272.64225,868020.03017,54691.04
Lunenburg,51,111,2015,2607.99473,914562.64276,54691.04
Lunenburg,51,111,2016,3151.68254,1162038.57281,54691.04
Lunenburg,51,111,2017,4051.5007,1619893.03351,54691.04
Lunenburg,51,111,2018,3618.8756,1424729.00492,54691.04
Lunenburg,51,111,2019,3032.82813,1314549.34472,54691.04
Lunenburg,51,111,2020,3036.66214,1416492.99771,54691.04
Martinsville,51,690,2010,0.0,20981.24205,1815.13
Martinsville,51,690,2011,0.0,6940.5893,1815.13
Martinsville,51,690,2012,0.0,5377.54767,1815.13
Martinsville,51,690,2013,0.0,181.72991,1815.13
Martinsville,51,690,2014,0.0,6699.68356,1815.13
Martinsville,51,690,2015,0.0,6009.27952,1815.13
Martinsville,51,690,2016,0.0,1915.75948,1815.13
Martinsville,51,690,2017,0.0,9444.08634,1815.13
Martinsville,51,690,2018,0.0,5804.63707,1815.13
Martinsville,51,690,2019,0.0,1414.76042,1815.13
Martinsville,51,690,2020,0.0,8092.37136,1815.13
Patrick,51,141,2010,718.56828,269943.51444,62772.95
Patrick,51,141,2011,642.87744,250348.60465,62772.95
Patrick,51,141,2012,611.09223,235941.60733,62772.95
Patrick,51,141,2013,729.45193,256986.79833,62772.95
Patrick,51,141,2014,884.85315,315474.02047,62772.95
Patrick,51,141,2015,852.38771,318231.7069,62772.95
Patrick,51,141,2016,1030.73116,383151.47508,62772.95
Patrick,51,141,2017,1068.08187,406626.59171,62772.95
Patrick,51,141,2018,1067.71084,377215.31308,62772.95
Patrick,51,141,2019,882.8743,325886.33483,62772.95
Patrick,51,141,2020,1036.79138,399809.30719,62772.95
King George,51,099,2010,294.23209,126542.34311,29017.01
King George,51,099,2011,305.36389,132332.56052,29017.01
King George,51,099,2012,356.21731,162010.03446,29017.01
King George,51,099,2013,210.10495,99794.80728,29017.01
King George,51,099,2014,302.93071,134949.69461,29017.01
King George,51,099,2015,209.92246,90448.75096,29017.01
King George,51,099,2016,247.21092,112818.88479,29017.01
King George,51,099,2017,242.95286,103040.46812,29017.01
King George,51,099,2018,178.47363,77985.23273,29017.01
King George,51,099,2019,290.33901,138115.97526,29017.01
King George,51,099,2020,387.60531,186045.01124,29017.01
Nottoway,51,135,2010,0.0,524031.52284,45065.49
Nottoway,51,135,2011,0.0,492818.59743,45065.49
Nottoway,51,135,2012,0.0,670404.39464,45065.49
Nottoway,51,135,2013,0.0,874531.33297,45065.49
Nottoway,51,135,2014,0.0,865611.74721,45065.49
Nottoway,51,135,2015,0.0,880253.15275,45065.49
Nottoway,51,135,2016,0.0,907965.51364,45065.49
Nottoway,51,135,2017,0.0,889410.15845,45065.49
Nottoway,51,135,2018,0.0,867455.81325,45065.49
Nottoway,51,135,2019,0.0,705777.58197,45065.49
Nottoway,51,135,2020,0.0,940804.48471,45065.49
Isle of Wight,51,093,2010,1614.79979,682210.58795,80386.05
Isle of Wight,51,093,2011,1091.45699,474469.31093,80386.05
Isle of Wight,51,093,2012,1373.13328,620040.88379,80386.05
Isle of Wight,51,093,2013,1557.41327,671701.87773,80386.05
Isle of Wight,51,093,2014,1590.55893,631481.72587,80386.05
Isle of Wight,51,093,2015,1789.98946,704202.04161,80386.05
Isle of Wight,51,093,2016,2342.21104,929934.84422,80386.05
Isle of Wight,51,093,2017,2870.37728,1156981.54569,80386.05
Isle of Wight,51,093,2018,2145.9343,936852.18501,80386.05
Isle of Wight,51,093,2019,1879.40854,788636.69993,80386.05
Isle of Wight,51,093,2020,1566.07072,744159.65788,80386.05
Loudoun,51,107,2010,264.5736,92775.66915999999,95695.01
Loudoun,51,107,2011,210.58264,76255.76281,95695.01
Loudoun,51,107,2012,206.4571,76524.84646,95695.01
Loudoun,51,107,2013,183.07895000000002,59383.999090000005,95695.01
Loudoun,51,107,2014,249.56614,86271.51246,95695.01
Loudoun,51,107,2015,218.11627,64665.181169999996,95695.01
Loudoun,51,107,2016,427.86185,139519.29628,95695.01
Loudoun,51,107,2017,372.85446,117582.47952000001,95695.01
Loudoun,51,107,2018,378.83352,135537.04919,95695.01
Loudoun,51,107,2019,237.01011,75923.84638,95695.01
Loudoun,51,107,2020,223.617,73468.44598,95695.01
Mathews,51,115,2010,224.61867,112575.58322999999,26894.32
Mathews,51,115,2011,34.42663,16770.11104,26894.32
Mathews,51,115,2012,197.85658999999998,122473.40896,26894.32
Mathews,51,115,2013,88.90923000000001,56225.563689999995,26894.32
Mathews,51,115,2014,251.3043,143252.82734,26894.32
Mathews,51,115,2015,181.25243,92095.87001,26894.32
Mathews,51,115,2016,190.40964,117702.88080999999,26894.32
Mathews,51,115,2017,363.3433,213901.47968,26894.32
Mathews,51,115,2018,92.67613,46265.41133,26894.32
Mathews,51,115,2019,189.44167000000002,127357.52428,26894.32
Mathews,51,115,2020,142.27675,101518.49191000001,26894.32
Poquoson,51,735,2010,5.75102,2217.92529,9119.4
Poquoson,51,735,2011,1.29862,514.74444,9119.4
Poquoson,51,735,2012,2.28804,966.92284,9119.4
Poquoson,51,735,2013,4.26689,1891.02065,9119.4
Poquoson,51,735,2014,1.48413,163.08184,9119.4
Poquoson,51,735,2015,4.4524,801.15934,9119.4
Poquoson,51,735,2016,3.03011,666.42212,9119.4
Poquoson,51,735,2017,1.05126,360.10355,9119.4
Poquoson,51,735,2018,0.92758,199.96595,9119.4
Poquoson,51,735,2019,0.43287,86.65001,9119.4
Poquoson,51,735,2020,1.36046,471.99449,9119.4
Portsmouth,51,740,2010,2.34988,439.77229,6998.92
Portsmouth,51,740,2011,1.60781,925.20014,6998.92
Portsmouth,51,740,2012,2.41172,998.17773,6998.92
Portsmouth,51,740,2013,1.23678,282.82711,6998.92
Portsmouth,51,740,2014,4.51424,488.33526,6998.92
Portsmouth,51,740,2015,6.24573,1726.36559,6998.92
Portsmouth,51,740,2016,13.29537,4308.59695,6998.92
Portsmouth,51,740,2017,7.91538,1160.10146,6998.92
Portsmouth,51,740,2018,5.5655,1615.6733,6998.92
Portsmouth,51,740,2019,3.52482,1497.62099,6998.92
Portsmouth,51,740,2020,1.73149,610.31342,6998.92
Powhatan,51,145,2010,770.99875,294099.98436,42546.73
Powhatan,51,145,2011,840.18678,323443.34372,42546.73
Powhatan,51,145,2012,1180.35921,449073.58865,42546.73
Powhatan,51,145,2013,843.83457,319344.23484,42546.73
Powhatan,51,145,2014,1242.1741000000002,489603.96347,42546.73
Powhatan,51,145,2015,1658.0790900000002,615850.42645,42546.73
Powhatan,51,145,2016,1717.38762,554698.7433,42546.73
Powhatan,51,145,2017,1830.05332,638668.9918,42546.73
Powhatan,51,145,2018,1252.8187699999999,510417.38069,42546.73
Powhatan,51,145,2019,1119.699,444863.41819,42546.73
Powhatan,51,145,2020,1459.62106,590864.27765,42546.73
Pittsylvania,51,143,2010,4479.92076,1705494.75304,120867.05
Pittsylvania,51,143,2011,3276.659,1336475.53992,120867.05
Pittsylvania,51,143,2012,4136.09635,1703320.88064,120867.05
Pittsylvania,51,143,2013,4446.28039,1685704.15244,120867.05
Pittsylvania,51,143,2014,4773.34645,1775289.87385,120867.05
Pittsylvania,51,143,2015,4527.28937,1705165.35551,120867.05
Pittsylvania,51,143,2016,4453.88657,1515291.78393,120867.05
Pittsylvania,51,143,2017,5311.09772,1851647.75404,120867.05
Pittsylvania,51,143,2018,3669.95455,1275014.74847,120867.05
Pittsylvania,51,143,2019,3574.16606,1332543.39028,120867.05
Pittsylvania,51,143,2020,3485.11801,1305952.45307,120867.05
Southampton,51,175,2010,4755.72236,1969645.60762,101207.68
Southampton,51,175,2011,2851.88744,1268846.17166,101207.68
Southampton,51,175,2012,2932.77275,1252462.894,101207.68
Southampton,51,175,2013,5380.85203,2212762.44875,101207.68
Southampton,51,175,2014,5542.80816,2169984.37634,101207.68
Southampton,51,175,2015,5243.07491,2022297.2240600002,101207.68
Southampton,51,175,2016,5287.47526,2135163.32957,101207.68
Southampton,51,175,2017,6757.81932,2586280.4874799997,101207.68
Southampton,51,175,2018,4919.84285,1991781.86189,101207.68
Southampton,51,175,2019,5386.232010000001,2339038.74566,101207.68
Southampton,51,175,2020,4300.95891,1837856.7922699999,101207.68
Radford,51,750,2010,3.58666,1194.39121,1757.11
Radford,51,750,2011,2.96827,1187.56677,1757.11
Radford,51,750,2012,72.04235,28399.5819,1757.11
Radford,51,750,2013,20.09765,7630.00765,1757.11
Radford,51,750,2014,5.62734,1771.5684,1757.11
Radford,51,750,2015,1.66965,447.2229,1757.11
Radford,51,750,2016,10.3271,922.65286,1757.11
Radford,51,750,2017,5.81286,1664.39927,1757.11
Radford,51,750,2018,2.72091,840.87023,1757.11
Radford,51,750,2019,3.27746,904.79648,1757.11
Radford,51,750,2020,0.18552,86.26936,1757.11
Rappahannock,51,157,2010,105.04105999999999,35817.61814,44063.63
Rappahannock,51,157,2011,118.28237,41184.3387,44063.63
Rappahannock,51,157,2012,144.30607,55624.79202,44063.63
Rappahannock,51,157,2013,92.9682,34418.37986,44063.63
Rappahannock,51,157,2014,57.21733,20835.403769999997,44063.63
Rappahannock,51,157,2015,50.0466,17430.99602,44063.63
Rappahannock,51,157,2016,91.89531000000001,33343.91161,44063.63
Rappahannock,51,157,2017,108.76423,37384.63504,44063.63
Rappahannock,51,157,2018,142.60942,48740.45992,44063.63
Rappahannock,51,157,2019,71.54237,28410.23069,44063.63
Rappahannock,51,157,2020,93.69999,32798.308489999996,44063.63
Roanoke,51,161,2010,145.25963,53229.972460000005,42858.61
Roanoke,51,161,2011,213.90082999999998,80505.32387,42858.61
Roanoke,51,161,2012,142.84792,55164.44248,42858.61
Roanoke,51,161,2013,165.66648,63168.09852,42858.61
Roanoke,51,161,2014,198.87396999999999,67613.16041,42858.61
Roanoke,51,161,2015,361.57218,138157.09206,42858.61
Roanoke,51,161,2016,312.41023,118387.34221,42858.61
Roanoke,51,161,2017,234.74054999999998,81400.88156,42858.61
Roanoke,51,161,2018,228.49482,91517.98645,42858.61
Roanoke,51,161,2019,219.03347,90031.46757000001,42858.61
Roanoke,51,161,2020,187.12458,76209.40414,42858.61
Rockbridge,51,163,2010,366.74081,132925.42756,96827.59
Rockbridge,51,163,2011,323.85604,123741.59659,96827.59
Rockbridge,51,163,2012,883.5479,246017.69871,96827.59
Rockbridge,51,163,2013,306.27633,109285.2036,96827.59
Rockbridge,51,163,2014,414.24862,144550.2202,96827.59
Rockbridge,51,163,2015,497.88912,197075.9587,96827.59
Rockbridge,51,163,2016,524.41077,207123.80043,96827.59
Rockbridge,51,163,2017,653.24756,228282.66239,96827.59
Rockbridge,51,163,2018,659.69549,238334.6623,96827.59
Rockbridge,51,163,2019,365.09841,142031.58918,96827.59
Rockbridge,51,163,2020,527.33058,218738.19061,96827.59
Shenandoah,51,171,2010,218.30831999999998,74841.29889,89779.34
Shenandoah,51,171,2011,299.26335,109588.50142,89779.34
Shenandoah,51,171,2012,231.37891000000002,85616.90061,89779.34
Shenandoah,51,171,2013,272.17934,87632.60603,89779.34
Shenandoah,51,171,2014,162.89787,52401.32165,89779.34
Shenandoah,51,171,2015,247.91601,91583.26976,89779.34
Shenandoah,51,171,2016,247.21490999999997,86710.10277,89779.34
Shenandoah,51,171,2017,334.27976,110705.85455,89779.34
Shenandoah,51,171,2018,119.03347,42519.95849,89779.34
Shenandoah,51,171,2019,231.02883,85492.03657,89779.34
Shenandoah,51,171,2020,168.20354,57825.96773,89779.34
Smyth,51,173,2010,172.34508,71052.55452,71964.89
Smyth,51,173,2011,178.77633,74625.90219,71964.89
Smyth,51,173,2012,239.50215,95167.61183,71964.89
Smyth,51,173,2013,198.7503,65596.43178,71964.89
Smyth,51,173,2014,426.56489,104568.12116,71964.89
Smyth,51,173,2015,354.02783,125555.65762,71964.89
Smyth,51,173,2016,720.42345,215263.27382,71964.89
Smyth,51,173,2017,751.65211,243171.11398,71964.89
Smyth,51,173,2018,403.37529,152273.5008,71964.89
Smyth,51,173,2019,304.55669,101906.62895,71964.89
Smyth,51,173,2020,261.64048,108207.77081,71964.89
Prince William,51,153,2010,426.20805,153966.85744999998,69505.26
Prince William,51,153,2011,376.03264,139383.31498999998,69505.26
Prince William,51,153,2012,360.08793000000003,138480.84583,69505.26
Prince William,51,153,2013,353.74147,120464.63478,69505.26
Prince William,51,153,2014,352.05777,135224.57939,69505.26
Prince William,51,153,2015,368.30661,137124.65871,69505.26
Prince William,51,153,2016,505.86653,190734.29219,69505.26
Prince William,51,153,2017,555.6176399999999,200547.68051,69505.26
Prince William,51,153,2018,326.20176000000004,130579.82154,69505.26
Prince William,51,153,2019,454.83371,167110.6692,69505.26
Prince William,51,153,2020,388.26651,146341.92162,69505.26
Prince George,51,149,2010,1182.11285,499850.03605,45374.54
Prince George,51,149,2011,1289.40338,549753.08803,45374.54
Prince George,51,149,2012,1137.46515,476728.26662,45374.54
Prince George,51,149,2013,1459.52226,672606.59919,45374.54
Prince George,51,149,2014,1678.30836,712955.22532,45374.54
Prince George,51,149,2015,1896.35241,824714.04583,45374.54
Prince George,51,149,2016,2105.49164,831558.97764,45374.54
Prince George,51,149,2017,2533.47883,951102.63569,45374.54
Prince George,51,149,2018,2067.27519,891421.29835,45374.54
Prince George,51,149,2019,1798.64691,778308.04304,45374.54
Prince George,51,149,2020,1671.50608,826068.71601,45374.54
Prince Edward,51,147,2010,1390.01531,543532.74135,47762.15
Prince Edward,51,147,2011,1555.8673,631800.61549,47762.15
Prince Edward,51,147,2012,1574.97552,635314.7488,47762.15
Prince Edward,51,147,2013,1518.14555,608031.47453,47762.15
Prince Edward,51,147,2014,2359.21674,912413.09919,47762.15
Prince Edward,51,147,2015,2210.1231,847079.98235,47762.15
Prince Edward,51,147,2016,2897.77192,1051568.54119,47762.15
Prince Edward,51,147,2017,2162.1361,860246.61093,47762.15
Prince Edward,51,147,2018,1896.04321,722993.60251,47762.15
Prince Edward,51,147,2019,1572.74932,682296.58677,47762.15
Prince Edward,51,147,2020,917.75145,394289.99903,47762.15
Spotsylvania,51,177,2010,1285.63062,485151.40923,72227.16
Spotsylvania,51,177,2011,1122.79016,428846.68072,72227.16
Spotsylvania,51,177,2012,1715.63407,659161.03019,72227.16
Spotsylvania,51,177,2013,1822.38977,646001.8941200001,72227.16
Spotsylvania,51,177,2014,1745.9879700000001,649466.0466499999,72227.16
Spotsylvania,51,177,2015,2046.1205200000002,737925.7143999999,72227.16
Spotsylvania,51,177,2016,2284.69366,760311.9169000001,72227.16
Spotsylvania,51,177,2017,2745.84179,808779.10516,72227.16
Spotsylvania,51,177,2018,2635.86213,806929.20675,72227.16
Spotsylvania,51,177,2019,2080.79332,737504.15296,72227.16
Spotsylvania,51,177,2020,1406.13378,535508.83854,72227.16
Staunton,51,790,2010,2.6765,912.13633,2549.8
Staunton,51,790,2011,0.24332,135.55508,2549.8
Staunton,51,790,2012,2.0682,590.12979,2549.8
Staunton,51,790,2013,3.77143,916.85952,2549.8
Staunton,51,790,2014,5.65714,1066.72727,2549.8
Staunton,51,790,2015,61.55941,19987.73206,2549.8
Staunton,51,790,2016,3.1023,1145.57996,2549.8
Staunton,51,790,2017,6.99539,534.6439,2549.8
Staunton,51,790,2018,4.1364,963.70894,2549.8
Staunton,51,790,2019,11.80092,3413.31074,2549.8
Staunton,51,790,2020,0.97327,235.83649,2549.8
Virginia Beach,51,810,2010,130.17093,59189.86065,68776.28
Virginia Beach,51,810,2011,158.555,69542.95447,68776.28
Virginia Beach,51,810,2012,519.38511,238357.37267,68776.28
Virginia Beach,51,810,2013,200.48179,80853.97806,68776.28
Virginia Beach,51,810,2014,202.27512,76013.99452,68776.28
Virginia Beach,51,810,2015,280.50135,123312.05356,68776.28
Virginia Beach,51,810,2016,168.14003,58872.6159,68776.28
Virginia Beach,51,810,2017,155.09202,58987.7237,68776.28
Virginia Beach,51,810,2018,164.98625,71909.09157,68776.28
Virginia Beach,51,810,2019,83.97726,35073.89044,68776.28
Virginia Beach,51,810,2020,57.44836,23751.63946,68776.28
Waynesboro,51,820,2010,1.39908,480.7172,2075.29
Waynesboro,51,820,2011,0.48664,183.93693,2075.29
Waynesboro,51,820,2012,5.23133,1834.81999,2075.29
Waynesboro,51,820,2013,1.21659,349.13032,2075.29
Waynesboro,51,820,2014,0.60829,32.72955,2075.29
Waynesboro,51,820,2015,3.28479,812.67681,2075.29
Waynesboro,51,820,2016,0.66912,42.47409,2075.29
Waynesboro,51,820,2017,1.21659,59.08526,2075.29
Waynesboro,51,820,2018,3.95391,113.57264,2075.29
Waynesboro,51,820,2019,3.46728,497.45827,2075.29
Waynesboro,51,820,2020,3.28479,345.15571,2075.29
Winchester,51,840,2011,0.17937,48.23063,1484.83
Winchester,51,840,2012,1.37518,91.75478,1484.83
Winchester,51,840,2013,0.05979,0.0,1484.83
Winchester,51,840,2014,3.34828,278.20034,1484.83
Winchester,51,840,2015,9.68608,2502.96479,1484.83
Winchester,51,840,2016,1.37518,503.02557,1484.83
Winchester,51,840,2017,4.72346,1501.18881,1484.83
Winchester,51,840,2018,8.13153,1263.78135,1484.83
Winchester,51,840,2019,1.85351,175.91255,1484.83
Winchester,51,840,2020,2.39163,581.35128,1484.83
Wythe,51,197,2010,258.67221,100796.04598,65576.68
Wythe,51,197,2011,178.0961,70105.67291,65576.68
Wythe,51,197,2012,276.04895,100837.17209000001,65576.68
Wythe,51,197,2013,243.398,84903.3251,65576.68
Wythe,51,197,2014,407.82768999999996,99991.39102,65576.68
Wythe,51,197,2015,376.66088,133155.89761,65576.68
Wythe,51,197,2016,404.36471,114507.62309,65576.68
Wythe,51,197,2017,424.09133,131533.34449,65576.68
Wythe,51,197,2018,343.26786,125271.99525,65576.68
Wythe,51,197,2019,366.21011,127681.00227,65576.68
Wythe,51,197,2020,204.62499000000003,83317.16621,65576.68
Asotin,53,003,2010,99.00614999999999,29783.90481,74055.53
Asotin,53,003,2011,25.04312,7387.56938,74055.53
Asotin,53,003,2012,49.38537,12963.86358,74055.53
Asotin,53,003,2013,8.64584,1357.90771,74055.53
Asotin,53,003,2014,22.46576,8645.82868,74055.53
Asotin,53,003,2015,147.98857,71732.80173,74055.53
Asotin,53,003,2016,470.99992000000003,216626.64234999998,74055.53
Asotin,53,003,2017,230.50233,102982.74976,74055.53
Asotin,53,003,2018,111.03716,47408.214810000005,74055.53
Asotin,53,003,2019,523.83694,249903.94186999998,74055.53
Asotin,53,003,2020,233.74201,85273.18512,74055.53
Cowlitz,53,015,2010,3267.59823,3665284.30621,148281.44
Cowlitz,53,015,2011,4373.7568200000005,5157264.36099,148281.44
Cowlitz,53,015,2012,4820.5164700000005,4961163.48975,148281.44
Cowlitz,53,015,2013,4882.50405,5166098.85713,148281.44
Cowlitz,53,015,2014,4894.55091,5358704.7809500005,148281.44
Cowlitz,53,015,2015,5763.024939999999,5961639.5989,148281.44
Cowlitz,53,015,2016,5801.849639999999,6368780.79607,148281.44
Cowlitz,53,015,2017,6072.21032,6528264.90541,148281.44
Cowlitz,53,015,2018,6455.87617,7093412.58448,148281.44
Cowlitz,53,015,2019,5010.14743,5639717.71801,148281.44
Cowlitz,53,015,2020,4797.28801,5612544.05076,148281.44
Chelan,53,007,2010,5224.02478,3881201.1078000003,464487.13
Chelan,53,007,2011,3122.78642,2728969.2923299996,464487.13
Chelan,53,007,2012,7284.2014,4943711.0844,464487.13
Chelan,53,007,2013,4333.5885,1679851.73927,464487.13
Chelan,53,007,2014,19922.07026,4434370.57992,464487.13
Chelan,53,007,2015,15584.047959999998,4288769.17671,464487.13
Chelan,53,007,2016,15606.78867,5040857.26458,464487.13
Chelan,53,007,2017,5945.51947,2304112.68147,464487.13
Chelan,53,007,2018,15889.988119999998,3786652.8280599997,464487.13
Chelan,53,007,2019,9927.07677,2755574.92553,464487.13
Chelan,53,007,2020,1734.64538,642765.69552,464487.13
Clallam,53,009,2010,3095.7615,1933766.3957699998,335029.99
Clallam,53,009,2011,2404.7276,1598830.26222,335029.99
Clallam,53,009,2012,3471.05235,2210740.47812,335029.99
Clallam,53,009,2013,4359.30278,2780991.2885000003,335029.99
Clallam,53,009,2014,4689.58357,3109851.04538,335029.99
Clallam,53,009,2015,3256.14221,2154917.03872,335029.99
Clallam,53,009,2016,4557.03668,3159247.98502,335029.99
Clallam,53,009,2017,4931.81017,3416917.89686,335029.99
Clallam,53,009,2018,4583.78404,3303344.2591399997,335029.99
Clallam,53,009,2019,3968.28428,2932108.2348599997,335029.99
Clallam,53,009,2020,3143.61704,2411998.02871,335029.99
Grays Harbor,53,027,2010,5584.55437,0.0,261100.54
Grays Harbor,53,027,2011,5080.49219,0.0,261100.54
Grays Harbor,53,027,2012,7273.54458,0.0,261100.54
Grays Harbor,53,027,2013,6150.830620000001,0.0,261100.54
Grays Harbor,53,027,2014,5591.47568,0.0,261100.54
Grays Harbor,53,027,2015,5427.265759999999,0.0,261100.54
Grays Harbor,53,027,2016,6242.05921,0.0,261100.54
Grays Harbor,53,027,2017,6924.07197,0.0,261100.54
Grays Harbor,53,027,2018,6775.46545,0.0,261100.54
Grays Harbor,53,027,2019,5094.65293,0.0,261100.54
Grays Harbor,53,027,2020,6445.99982,0.0,261100.54
Island,53,029,2010,212.3751,122468.52827,85575.13
Island,53,029,2011,395.51952,239858.16144999999,85575.13
Island,53,029,2012,414.76520000000005,242699.18997,85575.13
Island,53,029,2013,361.8913,201877.70676,85575.13
Island,53,029,2014,601.68632,309498.67725,85575.13
Island,53,029,2015,606.60122,314197.26265,85575.13
Island,53,029,2016,729.78395,421094.88575,85575.13
Island,53,029,2017,1208.13234,699580.02358,85575.13
Island,53,029,2018,1086.39821,669765.0483200001,85575.13
Island,53,029,2019,944.07326,590452.1836100001,85575.13
Island,53,029,2020,803.2486600000001,461321.19191,85575.13
Kittitas,53,037,2010,5075.692129999999,0.0,366950.99
Kittitas,53,037,2011,3318.8278,0.0,366950.99
Kittitas,53,037,2012,8972.898999999998,0.0,366950.99
Kittitas,53,037,2013,4975.11618,0.0,366950.99
Kittitas,53,037,2014,2534.6984500000003,0.0,366950.99
Kittitas,53,037,2015,1821.9311200000002,0.0,366950.99
Kittitas,53,037,2016,1919.0658700000001,0.0,366950.99
Kittitas,53,037,2017,10168.19009,0.0,366950.99
Kittitas,53,037,2018,9701.841670000002,0.0,366950.99
Kittitas,53,037,2019,2860.45667,0.0,366950.99
Kittitas,53,037,2020,1774.3814399999999,0.0,366950.99
Okanogan,53,047,2010,4798.24684,0.0,585401.76
Okanogan,53,047,2011,3048.63762,0.0,585401.76
Okanogan,53,047,2012,8650.42439,0.0,585401.76
Okanogan,53,047,2013,2675.14446,0.0,585401.76
Okanogan,53,047,2014,21382.33228,0.0,585401.76
Okanogan,53,047,2015,34129.66343,0.0,585401.76
Okanogan,53,047,2016,44973.25905,0.0,585401.76
Okanogan,53,047,2017,24300.73813,0.0,585401.76
Okanogan,53,047,2018,19334.81088,0.0,585401.76
Okanogan,53,047,2019,11326.65178,0.0,585401.76
Okanogan,53,047,2020,5095.27051,0.0,585401.76
Kitsap,53,035,2010,1006.25077,618628.02339,95359.6
Kitsap,53,035,2011,1175.50457,775350.54651,95359.6
Kitsap,53,035,2012,1421.38294,954105.24047,95359.6
Kitsap,53,035,2013,1182.9973,734172.82806,95359.6
Kitsap,53,035,2014,1379.7196999999999,912125.90388,95359.6
Kitsap,53,035,2015,1472.7268100000001,902181.18878,95359.6
Kitsap,53,035,2016,1450.03764,946139.77765,95359.6
Kitsap,53,035,2017,2100.59239,1382958.78874,95359.6
Kitsap,53,035,2018,1867.85678,1226491.67488,95359.6
Kitsap,53,035,2019,1852.8224300000002,1267035.53482,95359.6
Kitsap,53,035,2020,1363.18843,928540.0003800001,95359.6
Pend Oreille,53,051,2010,1854.5943100000002,0.0,153675.26
Pend Oreille,53,051,2011,1901.9209099999998,0.0,153675.26
Pend Oreille,53,051,2012,2709.8053,0.0,153675.26
Pend Oreille,53,051,2013,1554.90119,0.0,153675.26
Pend Oreille,53,051,2014,2850.9538000000002,0.0,153675.26
Pend Oreille,53,051,2015,3664.2881,0.0,153675.26
Pend Oreille,53,051,2016,7924.1494,0.0,153675.26
Pend Oreille,53,051,2017,4898.09679,0.0,153675.26
Pend Oreille,53,051,2018,4037.82195,0.0,153675.26
Pend Oreille,53,051,2019,3260.7837600000003,0.0,153675.26
Pend Oreille,53,051,2020,2658.18909,0.0,153675.26
Skagit,53,057,2010,1431.1132400000001,0.0,202261.22
Skagit,53,057,2011,1700.29416,0.0,202261.22
Skagit,53,057,2012,1647.21331,0.0,202261.22
Skagit,53,057,2013,2134.8224,0.0,202261.22
Skagit,53,057,2014,1960.8352,0.0,202261.22
Skagit,53,057,2015,2205.07949,0.0,202261.22
Skagit,53,057,2016,2361.01093,0.0,202261.22
Skagit,53,057,2017,2411.60845,0.0,202261.22
Skagit,53,057,2018,2232.96505,0.0,202261.22
Skagit,53,057,2019,1866.1071200000001,0.0,202261.22
Skagit,53,057,2020,2060.7886,0.0,202261.22
Spokane,53,063,2010,847.64489,0.0,169305.4
Spokane,53,063,2011,284.93059,0.0,169305.4
Spokane,53,063,2012,1361.94008,0.0,169305.4
Spokane,53,063,2013,1540.77432,0.0,169305.4
Spokane,53,063,2014,1105.18914,0.0,169305.4
Spokane,53,063,2015,1526.9706,0.0,169305.4
Spokane,53,063,2016,2021.83034,0.0,169305.4
Spokane,53,063,2017,2451.76986,0.0,169305.4
Spokane,53,063,2018,2062.9658,0.0,169305.4
Spokane,53,063,2019,1608.25578,0.0,169305.4
Spokane,53,063,2020,1396.43066,0.0,169305.4
Wahkiakum,53,069,2010,908.7217,0.0,34917.18
Wahkiakum,53,069,2011,1030.6365799999999,0.0,34917.18
Wahkiakum,53,069,2012,1345.0203000000001,0.0,34917.18
Wahkiakum,53,069,2013,1377.0652599999999,0.0,34917.18
Wahkiakum,53,069,2014,1357.87653,0.0,34917.18
Wahkiakum,53,069,2015,1118.31619,0.0,34917.18
Wahkiakum,53,069,2016,1318.6421599999999,0.0,34917.18
Wahkiakum,53,069,2017,1404.0445,0.0,34917.18
Wahkiakum,53,069,2018,1396.16845,0.0,34917.18
Wahkiakum,53,069,2019,1009.7363,0.0,34917.18
Wahkiakum,53,069,2020,838.1180899999999,0.0,34917.18
Walla Walla,53,071,2010,341.69015,0.0,179016.0
Walla Walla,53,071,2011,457.52928,0.0,179016.0
Walla Walla,53,071,2012,277.57118,0.0,179016.0
Walla Walla,53,071,2013,117.36304000000001,0.0,179016.0
Walla Walla,53,071,2014,309.31313,0.0,179016.0
Walla Walla,53,071,2015,235.91075,0.0,179016.0
Walla Walla,53,071,2016,694.6629,0.0,179016.0
Walla Walla,53,071,2017,397.39635999999996,0.0,179016.0
Walla Walla,53,071,2018,185.20938,0.0,179016.0
Walla Walla,53,071,2019,198.98914,0.0,179016.0
Walla Walla,53,071,2020,186.31036,0.0,179016.0
Greenbrier,54,025,2010,2193.75362,0.0,174728.59
Greenbrier,54,025,2011,1466.35495,0.0,174728.59
Greenbrier,54,025,2012,1880.42108,0.0,174728.59
Greenbrier,54,025,2013,1249.1937799999998,0.0,174728.59
Greenbrier,54,025,2014,2352.8226600000003,0.0,174728.59
Greenbrier,54,025,2015,2316.6899599999997,0.0,174728.59
Greenbrier,54,025,2016,2261.2135000000003,0.0,174728.59
Greenbrier,54,025,2017,3156.80562,0.0,174728.59
Greenbrier,54,025,2018,2166.50202,0.0,174728.59
Greenbrier,54,025,2019,2427.5820599999997,0.0,174728.59
Greenbrier,54,025,2020,2336.09455,0.0,174728.59
Braxton,54,007,2010,0.0,44748.4908,74443.67
Braxton,54,007,2011,0.0,35334.69287,74443.67
Braxton,54,007,2012,0.0,84589.04000000001,74443.67
Braxton,54,007,2013,0.0,41784.82121,74443.67
Braxton,54,007,2014,0.0,151945.72751,74443.67
Braxton,54,007,2015,0.0,166743.22066,74443.67
Braxton,54,007,2016,0.0,182800.90265,74443.67
Braxton,54,007,2017,0.0,173595.41418000002,74443.67
Braxton,54,007,2018,0.0,221921.53327,74443.67
Braxton,54,007,2019,0.0,100821.09944,74443.67
Braxton,54,007,2020,0.0,122450.5937,74443.67
Doddridge,54,017,2010,128.4303,0.0,44128.08
Doddridge,54,017,2011,38.02685,0.0,44128.08
Doddridge,54,017,2012,299.25217,0.0,44128.08
Doddridge,54,017,2013,254.28961,0.0,44128.08
Doddridge,54,017,2014,596.17251,0.0,44128.08
Doddridge,54,017,2015,452.49559,0.0,44128.08
Doddridge,54,017,2016,336.8007,0.0,44128.08
Doddridge,54,017,2017,490.10391,0.0,44128.08
Doddridge,54,017,2018,531.65841,0.0,44128.08
Doddridge,54,017,2019,156.29274,0.0,44128.08
Doddridge,54,017,2020,164.9026,0.0,44128.08
Cabell,54,011,2010,147.2073,60594.49112,54476.1
Cabell,54,011,2011,21.29031,8992.604370000001,54476.1
Cabell,54,011,2012,103.6534,42560.95523,54476.1
Cabell,54,011,2013,89.35847000000001,34766.59006,54476.1
Cabell,54,011,2014,88.44603,33840.70636,54476.1
Cabell,54,011,2015,132.48657,48514.06639,54476.1
Cabell,54,011,2016,249.46161,102916.38264,54476.1
Cabell,54,011,2017,262.96575,104887.70107,54476.1
Cabell,54,011,2018,291.37311,123196.45876000001,54476.1
Cabell,54,011,2019,178.04783,76119.36177,54476.1
Cabell,54,011,2020,248.42751,107064.49180999999,54476.1
Hardy,54,031,2010,401.07564,0.0,94222.14
Hardy,54,031,2011,405.32077,0.0,94222.14
Hardy,54,031,2012,296.20285,0.0,94222.14
Hardy,54,031,2013,402.68998999999997,0.0,94222.14
Hardy,54,031,2014,287.29404,0.0,94222.14
Hardy,54,031,2015,396.35218,0.0,94222.14
Hardy,54,031,2016,389.89479,0.0,94222.14
Hardy,54,031,2017,524.90207,0.0,94222.14
Hardy,54,031,2018,270.61246,0.0,94222.14
Hardy,54,031,2019,237.42864,0.0,94222.14
Hardy,54,031,2020,285.91886,0.0,94222.14
Mingo,54,059,2010,613.34344,0.0,93132.88
Mingo,54,059,2011,659.45217,0.0,93132.88
Mingo,54,059,2012,718.82172,0.0,93132.88
Mingo,54,059,2013,547.70845,0.0,93132.88
Mingo,54,059,2014,1090.85469,0.0,93132.88
Mingo,54,059,2015,717.17933,0.0,93132.88
Mingo,54,059,2016,999.42802,0.0,93132.88
Mingo,54,059,2017,835.43179,0.0,93132.88
Mingo,54,059,2018,417.35092,0.0,93132.88
Mingo,54,059,2019,634.45126,0.0,93132.88
Mingo,54,059,2020,362.42192,0.0,93132.88
Pleasants,54,073,2010,64.57389,0.0,23785.7
Pleasants,54,073,2011,69.47673,0.0,23785.7
Pleasants,54,073,2012,58.535039999999995,0.0,23785.7
Pleasants,54,073,2013,105.29132,0.0,23785.7
Pleasants,54,073,2014,53.63221,0.0,23785.7
Pleasants,54,073,2015,117.24945,0.0,23785.7
Pleasants,54,073,2016,249.68572999999998,0.0,23785.7
Pleasants,54,073,2017,86.9356,0.0,23785.7
Pleasants,54,073,2018,55.66509,0.0,23785.7
Pleasants,54,073,2019,61.644149999999996,0.0,23785.7
Pleasants,54,073,2020,68.87882,0.0,23785.7
Barron,55,005,2010,47.07556,11241.62595,76421.6
Barron,55,005,2011,89.97987,20798.42867,76421.6
Barron,55,005,2012,116.145,29540.8302,76421.6
Barron,55,005,2013,109.37349,18932.09153,76421.6
Barron,55,005,2014,184.67272,44970.3637,76421.6
Barron,55,005,2015,126.0585,27876.41941,76421.6
Barron,55,005,2016,153.09038,25265.40114,76421.6
Barron,55,005,2017,291.17509,71575.22959,76421.6
Barron,55,005,2018,201.95363,53268.68202,76421.6
Barron,55,005,2019,210.62116,54004.98484,76421.6
Barron,55,005,2020,826.17885,237031.50096,76421.6
Bayfield,55,007,2010,795.50752,0.0,241923.54
Bayfield,55,007,2011,1607.89084,0.0,241923.54
Bayfield,55,007,2012,1228.42506,0.0,241923.54
Bayfield,55,007,2013,1200.76187,0.0,241923.54
Bayfield,55,007,2014,1735.84494,0.0,241923.54
Bayfield,55,007,2015,1284.5679599999999,0.0,241923.54
Bayfield,55,007,2016,1602.2316,0.0,241923.54
Bayfield,55,007,2017,2585.6382000000003,0.0,241923.54
Bayfield,55,007,2018,2589.3178199999998,0.0,241923.54
Bayfield,55,007,2019,2260.0702899999997,0.0,241923.54
Bayfield,55,007,2020,1940.6829899999998,0.0,241923.54
Calumet,55,015,2010,0.3321,0.0,37382.71
Calumet,55,015,2012,1.99263,0.0,37382.71
Calumet,55,015,2013,3.81921,0.0,37382.71
Calumet,55,015,2014,1.10702,0.0,37382.71
Calumet,55,015,2015,0.99631,0.0,37382.71
Calumet,55,015,2016,8.24727,0.0,37382.71
Calumet,55,015,2017,11.95578,0.0,37382.71
Calumet,55,015,2018,15.83034,0.0,37382.71
Calumet,55,015,2019,8.24727,0.0,37382.71
Calumet,55,015,2020,12.17718,0.0,37382.71
Burnett,55,013,2010,1499.4840100000001,0.0,125409.73
Burnett,55,013,2011,3932.19094,0.0,125409.73
Burnett,55,013,2012,2755.35602,0.0,125409.73
Burnett,55,013,2013,890.0477599999999,0.0,125409.73
Burnett,55,013,2014,1156.79124,0.0,125409.73
Burnett,55,013,2015,986.9075,0.0,125409.73
Burnett,55,013,2016,909.65807,0.0,125409.73
Burnett,55,013,2017,716.20947,0.0,125409.73
Burnett,55,013,2018,866.10369,0.0,125409.73
Burnett,55,013,2019,1411.5084900000002,0.0,125409.73
Burnett,55,013,2020,802.34312,0.0,125409.73
Eau Claire,55,035,2010,336.53302,0.0,55095.53
Eau Claire,55,035,2011,168.37721,0.0,55095.53
Eau Claire,55,035,2012,308.80226,0.0,55095.53
Eau Claire,55,035,2013,263.52529000000004,0.0,55095.53
Eau Claire,55,035,2014,309.79858,0.0,55095.53
Eau Claire,55,035,2015,360.33388,0.0,55095.53
Eau Claire,55,035,2016,375.6107,0.0,55095.53
Eau Claire,55,035,2017,415.57401000000004,0.0,55095.53
Eau Claire,55,035,2018,388.28605,0.0,55095.53
Eau Claire,55,035,2019,452.49300000000005,0.0,55095.53
Eau Claire,55,035,2020,411.92084,0.0,55095.53
Fond du Lac,55,039,2010,3.7799099999999997,0.0,84334.52
Fond du Lac,55,039,2011,5.6468,0.0,84334.52
Fond du Lac,55,039,2012,8.824819999999999,0.0,84334.52
Fond du Lac,55,039,2013,40.8159,0.0,84334.52
Fond du Lac,55,039,2014,3.7361500000000003,0.0,84334.52
Fond du Lac,55,039,2015,0.94096,0.0,84334.52
Fond du Lac,55,039,2016,12.164229999999998,0.0,84334.52
Fond du Lac,55,039,2017,9.39677,0.0,84334.52
Fond du Lac,55,039,2018,11.126460000000002,0.0,84334.52
Fond du Lac,55,039,2019,46.66085999999999,0.0,84334.52
Fond du Lac,55,039,2020,9.310459999999999,0.0,84334.52
Green Lake,55,047,2010,8.167670000000001,0.0,37200.98
Green Lake,55,047,2011,2.82404,0.0,37200.98
Green Lake,55,047,2012,33.86651,0.0,37200.98
Green Lake,55,047,2013,32.797290000000004,0.0,37200.98
Green Lake,55,047,2014,76.38941,0.0,37200.98
Green Lake,55,047,2015,20.72648,0.0,37200.98
Green Lake,55,047,2016,24.86844,0.0,37200.98
Green Lake,55,047,2017,37.64412,0.0,37200.98
Green Lake,55,047,2018,47.38586,0.0,37200.98
Green Lake,55,047,2019,35.38753,0.0,37200.98
Green Lake,55,047,2020,75.26316,0.0,37200.98
Kewaunee,55,061,2010,0.0,233.82995,100212.31
Kewaunee,55,061,2011,0.0,85.99428,100212.31
Kewaunee,55,061,2012,0.0,990.76066,100212.31
Kewaunee,55,061,2013,0.0,1410.39206,100212.31
Kewaunee,55,061,2014,0.0,1668.7653599999999,100212.31
Kewaunee,55,061,2015,0.0,370.49247,100212.31
Kewaunee,55,061,2016,0.0,872.36168,100212.31
Kewaunee,55,061,2017,0.0,82.42361,100212.31
Kewaunee,55,061,2018,0.0,3680.6581600000004,100212.31
Kewaunee,55,061,2019,0.0,1045.7106,100212.31
Kewaunee,55,061,2020,0.0,782.55328,100212.31
Manitowoc,55,071,2010,2.10333,0.0,143011.13
Manitowoc,55,071,2011,1.38377,0.0,143011.13
Manitowoc,55,071,2012,4.70482,0.0,143011.13
Manitowoc,55,071,2013,13.33955,0.0,143011.13
Manitowoc,55,071,2014,10.62736,0.0,143011.13
Manitowoc,55,071,2015,3.43175,0.0,143011.13
Manitowoc,55,071,2016,6.80815,0.0,143011.13
Manitowoc,55,071,2017,7.08491,0.0,143011.13
Manitowoc,55,071,2018,16.21779,0.0,143011.13
Manitowoc,55,071,2019,18.59788,0.0,143011.13
Manitowoc,55,071,2020,19.87095,0.0,143011.13
Langlade,55,067,2010,0.0,186916.5076,99472.46
Langlade,55,067,2011,0.0,84992.82617,99472.46
Langlade,55,067,2012,0.0,153727.24245999998,99472.46
Langlade,55,067,2013,0.0,117886.34435,99472.46
Langlade,55,067,2014,0.0,122944.60469,99472.46
Langlade,55,067,2015,0.0,142970.29634,99472.46
Langlade,55,067,2016,0.0,139584.44468000002,99472.46
Langlade,55,067,2017,0.0,240486.94864,99472.46
Langlade,55,067,2018,0.0,267955.09496,99472.46
Langlade,55,067,2019,0.0,1221765.56837,99472.46
Langlade,55,067,2020,0.0,919222.21485,99472.46
La Crosse,55,063,2010,77.01021,0.0,55182.37
La Crosse,55,063,2011,35.93536,0.0,55182.37
La Crosse,55,063,2012,50.281580000000005,0.0,55182.37
La Crosse,55,063,2013,110.71426,0.0,55182.37
La Crosse,55,063,2014,87.33202,0.0,55182.37
La Crosse,55,063,2015,33.6533,0.0,55182.37
La Crosse,55,063,2016,52.41953,0.0,55182.37
La Crosse,55,063,2017,80.31974000000001,0.0,55182.37
La Crosse,55,063,2018,51.70574,0.0,55182.37
La Crosse,55,063,2019,150.69792999999999,0.0,55182.37
La Crosse,55,063,2020,59.118140000000004,0.0,55182.37
Marinette,55,075,2010,2121.5385499999998,0.0,290717.71
Marinette,55,075,2011,1284.4303400000001,0.0,290717.71
Marinette,55,075,2012,2097.57124,0.0,290717.71
Marinette,55,075,2013,2117.6922799999998,0.0,290717.71
Marinette,55,075,2014,2554.7470200000002,0.0,290717.71
Marinette,55,075,2015,2363.37641,0.0,290717.71
Marinette,55,075,2016,2849.35577,0.0,290717.71
Marinette,55,075,2017,3441.56474,0.0,290717.71
Marinette,55,075,2018,3573.90451,0.0,290717.71
Marinette,55,075,2019,3980.7625399999997,0.0,290717.71
Marinette,55,075,2020,4049.5863199999994,0.0,290717.71
Marathon,55,073,2010,359.60445,0.0,138391.02
Marathon,55,073,2011,194.3095,0.0,138391.02
Marathon,55,073,2012,375.64844,0.0,138391.02
Marathon,55,073,2013,136.48355,0.0,138391.02
Marathon,55,073,2014,187.21758,0.0,138391.02
Marathon,55,073,2015,184.90728,0.0,138391.02
Marathon,55,073,2016,444.45840000000004,0.0,138391.02
Marathon,55,073,2017,594.40394,0.0,138391.02
Marathon,55,073,2018,489.51281000000006,0.0,138391.02
Marathon,55,073,2019,720.1774300000001,0.0,138391.02
Marathon,55,073,2020,699.59285,0.0,138391.02
Outagamie,55,087,2010,3.76386,0.0,55680.15
Outagamie,55,087,2011,1.32842,0.0,55680.15
Outagamie,55,087,2012,6.30999,0.0,55680.15
Outagamie,55,087,2013,13.33955,0.0,55680.15
Outagamie,55,087,2014,15.66428,0.0,55680.15
Outagamie,55,087,2015,10.3506,0.0,55680.15
Outagamie,55,087,2016,14.50192,0.0,55680.15
Outagamie,55,087,2017,31.54997,0.0,55680.15
Outagamie,55,087,2018,37.41716,0.0,55680.15
Outagamie,55,087,2019,40.2954,0.0,55680.15
Outagamie,55,087,2020,32.71234,0.0,55680.15
Door,55,029,2010,240.86939,0.0,334162.63
Door,55,029,2011,146.22953,0.0,334162.63
Door,55,029,2012,208.08597999999998,0.0,334162.63
Door,55,029,2013,218.30196,0.0,334162.63
Door,55,029,2014,215.36617,0.0,334162.63
Door,55,029,2015,235.33454999999998,0.0,334162.63
Door,55,029,2016,322.45131000000003,0.0,334162.63
Door,55,029,2017,329.84136,0.0,334162.63
Door,55,029,2018,388.61819,0.0,334162.63
Door,55,029,2019,385.75523,0.0,334162.63
Door,55,029,2020,338.55757,0.0,334162.63
Ozaukee,55,089,2010,0.62153,101.27252,98480.45
Ozaukee,55,089,2011,0.33902,110.25484,98480.45
Ozaukee,55,089,2012,3.22064,278.51555,98480.45
Ozaukee,55,089,2013,2.88163,143.44739,98480.45
Ozaukee,55,089,2014,2.1471,232.74517,98480.45
Ozaukee,55,089,2016,6.15878,587.13177,98480.45
Ozaukee,55,089,2017,0.50852,115.19361,98480.45
Ozaukee,55,089,2018,12.76957,1228.27659,98480.45
Ozaukee,55,089,2019,6.10227,649.31079,98480.45
Ozaukee,55,089,2020,6.04577,930.92923,98480.45
Sauk,55,111,2010,0.0,20010.63307,104699.72
Sauk,55,111,2011,0.0,12254.1494,104699.72
Sauk,55,111,2012,0.0,36115.92369,104699.72
Sauk,55,111,2013,0.0,61056.50313,104699.72
Sauk,55,111,2014,0.0,32707.4788,104699.72
Sauk,55,111,2015,0.0,35587.926869999996,104699.72
Sauk,55,111,2016,0.0,39548.18084,104699.72
Sauk,55,111,2017,0.0,33207.00767,104699.72
Sauk,55,111,2018,0.0,39537.027149999994,104699.72
Sauk,55,111,2019,0.0,35733.73423,104699.72
Sauk,55,111,2020,0.0,49844.948619999996,104699.72
Racine,55,101,2010,4.01168,0.0,87897.55
Racine,55,101,2011,4.4637,0.0,87897.55
Racine,55,101,2012,1.58207,0.0,87897.55
Racine,55,101,2013,11.58302,0.0,87897.55
Racine,55,101,2014,6.6673,0.0,87897.55
Racine,55,101,2015,7.28883,0.0,87897.55
Racine,55,101,2016,16.61174,0.0,87897.55
Racine,55,101,2017,5.19823,0.0,87897.55
Racine,55,101,2018,24.97412,0.0,87897.55
Racine,55,101,2019,45.25853,0.0,87897.55
Racine,55,101,2020,11.30051,0.0,87897.55
Sheboygan,55,117,2010,16.4043,0.0,112983.01
Sheboygan,55,117,2011,0.95939,0.0,112983.01
Sheboygan,55,117,2012,10.28353,0.0,112983.01
Sheboygan,55,117,2013,13.02573,0.0,112983.01
Sheboygan,55,117,2014,21.437910000000002,0.0,112983.01
Sheboygan,55,117,2015,12.7628,0.0,112983.01
Sheboygan,55,117,2016,7.790509999999999,0.0,112983.01
Sheboygan,55,117,2017,7.98651,0.0,112983.01
Sheboygan,55,117,2018,33.559470000000005,0.0,112983.01
Sheboygan,55,117,2019,96.56432,0.0,112983.01
Sheboygan,55,117,2020,14.81187,0.0,112983.01
Price,55,099,2010,850.39378,201484.07616,109615.54
Price,55,099,2011,598.22261,147769.87781,109615.54
Price,55,099,2012,888.47677,219247.58031,109615.54
Price,55,099,2013,593.02209,139403.10802,109615.54
Price,55,099,2014,539.82508,134579.93841,109615.54
Price,55,099,2015,790.5336,199431.94058,109615.54
Price,55,099,2016,1374.67146,352740.17088,109615.54
Price,55,099,2017,976.66897,253389.15938,109615.54
Price,55,099,2018,1056.78952,283530.36917,109615.54
Price,55,099,2019,1028.13247,280165.90341,109615.54
Price,55,099,2020,1087.66762,298534.32147,109615.54
Shawano,55,115,2010,0.0,82973.84297,125998.03
Shawano,55,115,2011,0.0,29206.97729,125998.03
Shawano,55,115,2012,0.0,57103.52838,125998.03
Shawano,55,115,2013,0.0,70230.83723,125998.03
Shawano,55,115,2014,0.0,100707.05008000002,125998.03
Shawano,55,115,2015,0.0,126942.2651,125998.03
Shawano,55,115,2016,0.0,163528.60081,125998.03
Shawano,55,115,2017,0.0,173230.96404,125998.03
Shawano,55,115,2018,0.0,161485.41326,125998.03
Shawano,55,115,2019,0.0,123307.94780000001,125998.03
Shawano,55,115,2020,0.0,118557.53074,125998.03
Oconto,55,083,2010,542.1838399999999,156457.2183,186806.38
Oconto,55,083,2011,241.48104,70318.27163,186806.38
Oconto,55,083,2012,572.61059,170776.41009,186806.38
Oconto,55,083,2013,795.31467,221725.32650999998,186806.38
Oconto,55,083,2014,976.86255,283690.22412,186806.38
Oconto,55,083,2015,802.1538599999999,236688.40224999998,186806.38
Oconto,55,083,2016,947.22676,277654.87429,186806.38
Oconto,55,083,2017,1335.35967,406111.63659,186806.38
Oconto,55,083,2018,1215.29281,377090.46087,186806.38
Oconto,55,083,2019,2319.51637,779679.99228,186806.38
Oconto,55,083,2020,3020.88351,1012540.9305700001,186806.38
Sawyer,55,113,2010,818.2155500000001,207434.59446999998,128823.59
Sawyer,55,113,2011,684.7354700000001,185478.95085999998,128823.59
Sawyer,55,113,2012,645.18983,172120.06643,128823.59
Sawyer,55,113,2013,673.19681,166722.63422,128823.59
Sawyer,55,113,2014,964.1552099999999,260237.92618,128823.59
Sawyer,55,113,2015,938.6943200000001,254392.0611,128823.59
Sawyer,55,113,2016,1015.94375,271494.20354,128823.59
Sawyer,55,113,2017,1170.28009,331892.53101,128823.59
Sawyer,55,113,2018,1209.50069,346251.44701999996,128823.59
Sawyer,55,113,2019,1676.35594,488195.66204,128823.59
Sawyer,55,113,2020,1466.87239,440662.70348,128823.59
Trempealeau,55,121,2010,81.03361,0.0,82241.85
Trempealeau,55,121,2011,96.64254,0.0,82241.85
Trempealeau,55,121,2012,124.26261,0.0,82241.85
Trempealeau,55,121,2013,127.5283,0.0,82241.85
Trempealeau,55,121,2014,144.52100000000002,0.0,82241.85
Trempealeau,55,121,2015,129.18883,0.0,82241.85
Trempealeau,55,121,2016,114.1334,0.0,82241.85
Trempealeau,55,121,2017,158.35871,0.0,82241.85
Trempealeau,55,121,2018,182.32562000000001,0.0,82241.85
Trempealeau,55,121,2019,254.83520000000001,0.0,82241.85
Trempealeau,55,121,2020,198.54341,0.0,82241.85
Washburn,55,129,2010,500.33361,0.0,75153.45
Washburn,55,129,2011,1143.24821,0.0,75153.45
Washburn,55,129,2012,787.49996,0.0,75153.45
Washburn,55,129,2013,330.72073,0.0,75153.45
Washburn,55,129,2014,610.73637,0.0,75153.45
Washburn,55,129,2015,556.56426,0.0,75153.45
Washburn,55,129,2016,813.01503,0.0,75153.45
Washburn,55,129,2017,1011.12243,0.0,75153.45
Washburn,55,129,2018,700.93293,0.0,75153.45
Washburn,55,129,2019,1057.65627,0.0,75153.45
Washburn,55,129,2020,1019.57328,0.0,75153.45
Vilas,55,125,2010,1309.53281,0.0,138892.5
Vilas,55,125,2011,676.36849,0.0,138892.5
Vilas,55,125,2012,1173.14598,0.0,138892.5
Vilas,55,125,2013,772.27178,0.0,138892.5
Vilas,55,125,2014,593.3043,0.0,138892.5
Vilas,55,125,2015,987.1039,0.0,138892.5
Vilas,55,125,2016,1142.82287,0.0,138892.5
Vilas,55,125,2017,1540.70247,0.0,138892.5
Vilas,55,125,2018,1333.47324,0.0,138892.5
Vilas,55,125,2019,1569.0373,0.0,138892.5
Vilas,55,125,2020,1295.9445300000002,0.0,138892.5
Waupaca,55,135,2010,54.07775,0.0,78922.02
Waupaca,55,135,2011,30.4983,0.0,78922.02
Waupaca,55,135,2012,126.58733000000001,0.0,78922.02
Waupaca,55,135,2013,123.98585,0.0,78922.02
Waupaca,55,135,2014,116.95629,0.0,78922.02
Waupaca,55,135,2015,93.04473999999999,0.0,78922.02
Waupaca,55,135,2016,189.29982,0.0,78922.02
Waupaca,55,135,2017,244.3739,0.0,78922.02
Waupaca,55,135,2018,223.56198999999998,0.0,78922.02
Waupaca,55,135,2019,183.37728,0.0,78922.02
Waupaca,55,135,2020,277.41834,0.0,78922.02
Converse,56,009,2010,71.96458,0.0,427739.86
Converse,56,009,2011,186.22887,0.0,427739.86
Converse,56,009,2012,541.7470599999999,0.0,427739.86
Converse,56,009,2013,339.97691,0.0,427739.86
Converse,56,009,2014,352.82419,0.0,427739.86
Converse,56,009,2015,49.87355,0.0,427739.86
Converse,56,009,2016,27.497529999999998,0.0,427739.86
Converse,56,009,2017,16.63839,0.0,427739.86
Converse,56,009,2018,9.775179999999999,0.0,427739.86
Converse,56,009,2019,43.363690000000005,0.0,427739.86
Converse,56,009,2020,7.87746,0.0,427739.86
Hot Springs,56,017,2010,0.0,392860.68968999997,312978.04
Hot Springs,56,017,2011,0.0,280704.16965,312978.04
Hot Springs,56,017,2012,0.0,13169.78371,312978.04
Hot Springs,56,017,2013,0.0,37894.91057,312978.04
Hot Springs,56,017,2014,0.0,2028.5147399999998,312978.04
Hot Springs,56,017,2015,0.0,949.9820199999999,312978.04
Hot Springs,56,017,2016,0.0,39259.342599999996,312978.04
Hot Springs,56,017,2017,0.0,60982.68939,312978.04
Hot Springs,56,017,2018,0.0,33660.22529,312978.04
Hot Springs,56,017,2019,0.0,32553.90462,312978.04
Hot Springs,56,017,2020,0.0,12001.26899,312978.04
Natrona,56,025,2010,159.40039000000002,0.0,469538.86
Natrona,56,025,2011,8.70139,0.0,469538.86
Natrona,56,025,2012,60.01356,0.0,469538.86
Natrona,56,025,2013,1115.58594,0.0,469538.86
Natrona,56,025,2014,127.43119,0.0,469538.86
Natrona,56,025,2015,18.87184,0.0,469538.86
Natrona,56,025,2016,22.60101,0.0,469538.86
Natrona,56,025,2017,3.1641500000000002,0.0,469538.86
Natrona,56,025,2018,0.11301,0.0,469538.86
Natrona,56,025,2019,18.36782,0.0,469538.86
Niobrara,56,027,2010,7.40183,171.73118,225194.04
Niobrara,56,027,2011,1.18655,0.0,225194.04
Niobrara,56,027,2012,0.79104,0.0,225194.04
Niobrara,56,027,2013,37.57418,241.06155,225194.04
Niobrara,56,027,2014,59.21465,1545.82751,225194.04
Niobrara,56,027,2015,0.11301,0.0,225194.04
Niobrara,56,027,2017,0.11301,0.0,225194.04
Niobrara,56,027,2018,0.16951,72.95765,225194.04
Niobrara,56,027,2019,1.97759,50.05976,225194.04
Niobrara,56,027,2020,0.22601,0.0,225194.04
Uinta,56,041,2010,735.43104,0.0,178539.33
Uinta,56,041,2011,259.18349,0.0,178539.33
Uinta,56,041,2012,37.865320000000004,0.0,178539.33
Uinta,56,041,2013,122.37307,0.0,178539.33
Uinta,56,041,2014,59.4243,0.0,178539.33
Uinta,56,041,2015,16.85348,0.0,178539.33
Uinta,56,041,2016,104.9889,0.0,178539.33
Uinta,56,041,2017,165.74409,0.0,178539.33
Uinta,56,041,2018,29.71379,0.0,178539.33
Uinta,56,041,2019,102.23659,0.0,178539.33
Uinta,56,041,2020,50.04131,0.0,178539.33
Weston,56,045,2010,169.23829,0.0,205818.57
Weston,56,045,2011,73.43882,0.0,205818.57
Weston,56,045,2012,3332.7309,0.0,205818.57
Weston,56,045,2013,2482.6033199999997,0.0,205818.57
Weston,56,045,2014,801.03708,0.0,205818.57
Weston,56,045,2015,297.56604,0.0,205818.57
Weston,56,045,2016,58.45047,0.0,205818.57
Weston,56,045,2017,753.3835499999999,0.0,205818.57
Weston,56,045,2018,1452.4171299999998,0.0,205818.57
Weston,56,045,2019,207.6763,0.0,205818.57
Weston,56,045,2020,152.76828,0.0,205818.57
